Ka_per_h,Dose,Day,Spec_Cmax,Our_Cmax,Spec_Cmin,Our_Cmin,Spec_AUC,Our_AUC,Spec_Tmax,Our_Tmax
0.15,1,0,4.2,0.32346,0.0,0.00124,19.2,17.70856,6,4.567
0.15,2,21,3.8,0.32466,0.15,5e-05,17.6,17.9659,5,4.567
0.15,3,56,3.5,0.32351,0.08,0.00025,16.2,17.8183,4,4.567
0.2,1,0,4.2,0.38352,0.0,0.00122,19.2,17.7048,6,3.919
0.2,2,21,3.8,0.38471,0.15,5e-05,17.6,17.95786,5,3.917
0.2,3,56,3.5,0.38357,0.08,0.00025,16.2,17.81272,4,3.919
0.25,1,0,4.2,0.43429,0.0,0.00121,19.2,17.70014,6,3.48
0.25,2,21,3.8,0.43548,0.15,5e-05,17.6,17.95071,5,3.48
0.25,3,56,3.5,0.43434,0.08,0.00024,16.2,17.807,4,3.48
