Time_h,Time_day,A1_ug,A2_ug,Concentration_ug_per_L
0.0,0.0,0.0,0.0,0.0
0.0,0.0,10.0,0.0,1.428571
0.0,0.0,10.0,0.0,1.428571
1.0,0.04167,6.89611686,2.43668841,0.98516
2.0,0.08333,4.85460028,4.01385716,0.693514
3.0,0.125,3.51079773,5.02677474,0.501543
4.0,0.16667,2.62523187,5.66934983,0.375033
5.0,0.20833,2.04063123,6.0689254,0.291519
6.0,0.25,1.65371114,6.30912894,0.236244
7.0,0.29167,1.39664155,6.44487887,0.19952
8.0,0.33333,1.22487636,6.5122396,0.174982
9.0,0.375,1.1091607,6.5348936,0.158452
10.0,0.41667,1.03028184,6.52839184,0.147183
11.0,0.45833,0.97562201,6.50294512,0.139375
12.0,0.5,0.93689452,6.46525725,0.133842
13.0,0.54167,0.90865703,6.41972887,0.129808
14.0,0.58333,0.88733516,6.36924814,0.126762
15.0,0.625,0.87058125,6.31570992,0.124369
16.0,0.66667,0.85685329,6.26035678,0.122408
17.0,0.70833,0.84513835,6.20400291,0.120734
18.0,0.75,0.83477098,6.1471812,0.119253
19.0,0.79167,0.82531391,6.09023985,0.117902
20.0,0.83333,0.81647973,6.03340571,0.11664
21.0,0.875,0.80807946,5.97682602,0.11544
22.0,0.91667,0.79998875,5.92059576,0.114284
23.0,0.95833,0.79212571,5.86477553,0.113161
24.0,1.0,0.78443632,5.80940346,0.112062
25.0,1.04167,0.77688489,5.75450287,0.110984
26.0,1.08333,0.76944774,5.70008742,0.109921
27.0,1.125,0.7621091,5.6461644,0.108873
28.0,1.16667,0.7548584,5.59273696,0.107837
29.0,1.20833,0.74768846,5.53980554,0.106813
30.0,1.25,0.74059437,5.48736882,0.105799
31.0,1.29167,0.73357266,5.43542431,0.104796
32.0,1.33333,0.72662087,5.38396882,0.103803
33.0,1.375,0.71973715,5.33299867,0.10282
34.0,1.41667,0.71292008,5.28250989,0.101846
35.0,1.45833,0.70616853,5.23249833,0.100881
36.0,1.5,0.69948154,5.18295975,0.099926
37.0,1.54167,0.69285828,5.13388984,0.09898
38.0,1.58333,0.68629799,5.08528429,0.098043
39.0,1.625,0.67980001,5.03713877,0.097114
40.0,1.66667,0.67336366,4.98944898,0.096195
41.0,1.70833,0.66698832,4.94221064,0.095284
42.0,1.75,0.6606734,4.8954195,0.094382
43.0,1.79167,0.65441829,4.84907133,0.093488
44.0,1.83333,0.64822244,4.80316195,0.092603
45.0,1.875,0.64208525,4.75768722,0.091726
46.0,1.91667,0.63600618,4.71264302,0.090858
47.0,1.95833,0.62998467,4.66802527,0.089998
48.0,2.0,0.62402018,4.62382995,0.089146
49.0,2.04167,0.61811215,4.58005306,0.088302
50.0,2.08333,0.61226007,4.53669063,0.087466
51.0,2.125,0.60646339,4.49373873,0.086638
52.0,2.16667,0.60072159,4.4511935,0.085817
53.0,2.20833,0.59503416,4.40905106,0.085005
54.0,2.25,0.58940057,4.36730762,0.0842
55.0,2.29167,0.58382032,4.32595939,0.083403
56.0,2.33333,0.5782929,4.28500263,0.082613
57.0,2.375,0.57281781,4.24443363,0.081831
58.0,2.41667,0.56739456,4.20424873,0.081056
59.0,2.45833,0.56202266,4.16444429,0.080289
60.0,2.5,0.55670161,4.1250167,0.079529
61.0,2.54167,0.55143094,4.0859624,0.078776
62.0,2.58333,0.54621018,4.04727786,0.07803
63.0,2.625,0.54103884,4.00895956,0.077291
64.0,2.66667,0.53591646,3.97100405,0.076559
65.0,2.70833,0.53084258,3.93340789,0.075835
66.0,2.75,0.52581674,3.89616768,0.075117
67.0,2.79167,0.52083848,3.85928005,0.074405
68.0,2.83333,0.51590735,3.82274166,0.073701
69.0,2.875,0.51102291,3.7865492,0.073003
70.0,2.91667,0.50618471,3.75069939,0.072312
71.0,2.95833,0.50139232,3.71518901,0.071627
72.0,3.0,0.4966453,3.68001482,0.070949
73.0,3.04167,0.49194323,3.64517365,0.070278
74.0,3.08333,0.48728567,3.61066235,0.069612
75.0,3.125,0.48267221,3.57647779,0.068953
76.0,3.16667,0.47810243,3.54261687,0.0683
77.0,3.20833,0.47357592,3.50907654,0.067654
78.0,3.25,0.46909225,3.47585376,0.067013
79.0,3.29167,0.46465104,3.44294552,0.066379
80.0,3.33333,0.46025188,3.41034885,0.06575
81.0,3.375,0.45589437,3.37806078,0.065128
82.0,3.41667,0.45157811,3.34607842,0.064511
83.0,3.45833,0.44730272,3.31439885,0.0639
84.0,3.5,0.4430678,3.28301921,0.063295
85.0,3.54167,0.43887298,3.25193667,0.062696
86.0,3.58333,0.43471788,3.2211484,0.062103
87.0,3.625,0.43060211,3.19065163,0.061515
88.0,3.66667,0.42652531,3.16044359,0.060932
89.0,3.70833,0.42248711,3.13052155,0.060355
90.0,3.75,0.41848714,3.1008828,0.059784
91.0,3.79167,0.41452504,3.07152466,0.059218
92.0,3.83333,0.41060046,3.04244448,0.058657
93.0,3.875,0.40671303,3.01363962,0.058102
94.0,3.91667,0.4028624,2.98510747,0.057552
95.0,3.95833,0.39904823,2.95684545,0.057007
96.0,4.0,0.39527018,2.92885101,0.056467
97.0,4.04167,0.39152789,2.90112162,0.055933
98.0,4.08333,0.38782103,2.87365475,0.055403
99.0,4.125,0.38414927,2.84644794,0.054878
100.0,4.16667,0.38051227,2.8194987,0.054359
101.0,4.20833,0.3769097,2.79280462,0.053844
102.0,4.25,0.37334125,2.76636326,0.053334
103.0,4.29167,0.36980658,2.74017225,0.05283
104.0,4.33333,0.36630537,2.7142292,0.052329
105.0,4.375,0.36283731,2.68853177,0.051834
106.0,4.41667,0.35940209,2.66307763,0.051343
107.0,4.45833,0.35599939,2.63786449,0.050857
108.0,4.5,0.3526289,2.61289006,0.050376
109.0,4.54167,0.34929033,2.58815208,0.049899
110.0,4.58333,0.34598336,2.5636483,0.049426
111.0,4.625,0.3427077,2.53937653,0.048958
112.0,4.66667,0.33946306,2.51533455,0.048495
113.0,4.70833,0.33624914,2.49152019,0.048036
114.0,4.75,0.33306564,2.46793129,0.047581
115.0,4.79167,0.32991228,2.44456573,0.04713
116.0,4.83333,0.32678878,2.42142139,0.046684
117.0,4.875,0.32369485,2.39849617,0.046242
118.0,4.91667,0.32063022,2.375788,0.045804
119.0,4.95833,0.3175946,2.35329482,0.045371
120.0,5.0,0.31458771,2.3310146,0.044941
121.0,5.04167,0.3116093,2.30894532,0.044516
122.0,5.08333,0.30865909,2.28708498,0.044094
123.0,5.125,0.30573681,2.26543162,0.043677
124.0,5.16667,0.30284219,2.24398325,0.043263
125.0,5.20833,0.29997498,2.22273796,0.042854
126.0,5.25,0.29713492,2.20169381,0.042448
127.0,5.29167,0.29432174,2.1808489,0.042046
128.0,5.33333,0.2915352,2.16020134,0.041648
129.0,5.375,0.28877504,2.13974926,0.041254
130.0,5.41667,0.28604101,2.11949082,0.040863
131.0,5.45833,0.28333287,2.09942418,0.040476
132.0,5.5,0.28065037,2.07954752,0.040093
133.0,5.54167,0.27799326,2.05985905,0.039713
134.0,5.58333,0.27536131,2.04035698,0.039337
135.0,5.625,0.27275428,2.02103955,0.038965
136.0,5.66667,0.27017194,2.00190502,0.038596
137.0,5.70833,0.26761404,1.98295164,0.038231
138.0,5.75,0.26508035,1.96417771,0.037869
139.0,5.79167,0.26257066,1.94558152,0.03751
140.0,5.83333,0.26008473,1.92716139,0.037155
141.0,5.875,0.25762233,1.90891566,0.036803
142.0,5.91667,0.25518325,1.89084268,0.036455
143.0,5.95833,0.25276726,1.8729408,0.03611
144.0,6.0,0.25037414,1.85520842,0.035768
145.0,6.04167,0.24800368,1.83764391,0.035429
146.0,6.08333,0.24565566,1.82024571,0.035094
147.0,6.125,0.24332988,1.80301222,0.034761
148.0,6.16667,0.24102611,1.78594189,0.034432
149.0,6.20833,0.23874415,1.76903318,0.034106
150.0,6.25,0.2364838,1.75228456,0.033783
151.0,6.29167,0.23424485,1.7356945,0.033464
152.0,6.33333,0.2320271,1.71926152,0.033147
153.0,6.375,0.22983034,1.70298412,0.032833
154.0,6.41667,0.22765438,1.68686083,0.032522
155.0,6.45833,0.22549903,1.67089018,0.032214
156.0,6.5,0.22336408,1.65507074,0.031909
157.0,6.54167,0.22124934,1.63940108,0.031607
158.0,6.58333,0.21915462,1.62387977,0.031308
159.0,6.625,0.21707974,1.60850541,0.031011
160.0,6.66667,0.2150245,1.59327661,0.030718
161.0,6.70833,0.21298872,1.57819199,0.030427
162.0,6.75,0.21097221,1.56325019,0.030139
163.0,6.79167,0.2089748,1.54844985,0.029854
164.0,6.83333,0.20699629,1.53378964,0.029571
165.0,6.875,0.20503652,1.51926822,0.029291
166.0,6.91667,0.2030953,1.50488429,0.029014
167.0,6.95833,0.20117246,1.49063654,0.028739
168.0,7.0,0.19926783,1.47652369,0.028467
169.0,7.04167,0.19738122,1.46254445,0.028197
170.0,7.08333,0.19551248,1.44869756,0.02793
171.0,7.125,0.19366144,1.43498176,0.027666
172.0,7.16667,0.19182791,1.42139583,0.027404
173.0,7.20833,0.19001175,1.40793852,0.027145
174.0,7.25,0.18821278,1.39460862,0.026888
175.0,7.29167,0.18643084,1.38140493,0.026633
176.0,7.33333,0.18466578,1.36832624,0.026381
177.0,7.375,0.18291742,1.35537138,0.026131
178.0,7.41667,0.18118562,1.34253917,0.025884
179.0,7.45833,0.17947022,1.32982845,0.025639
180.0,7.5,0.17777105,1.31723807,0.025396
181.0,7.54167,0.17608797,1.3047669,0.025155
182.0,7.58333,0.17442083,1.29241379,0.024917
183.0,7.625,0.17276947,1.28017764,0.024681
184.0,7.66667,0.17113375,1.26805734,0.024448
185.0,7.70833,0.16951351,1.25605179,0.024216
186.0,7.75,0.16790861,1.24415991,0.023987
187.0,7.79167,0.16631891,1.23238061,0.02376
188.0,7.83333,0.16474425,1.22071284,0.023535
189.0,7.875,0.16318451,1.20915553,0.023312
190.0,7.91667,0.16163953,1.19770764,0.023091
191.0,7.95833,0.16010918,1.18636814,0.022873
192.0,8.0,0.15859332,1.175136,0.022656
193.0,8.04167,0.15709181,1.1640102,0.022442
194.0,8.08333,0.15560452,1.15298973,0.022229
195.0,8.125,0.15413131,1.14207361,0.022019
196.0,8.16667,0.15267204,1.13126083,0.02181
197.0,8.20833,0.15122659,1.12055042,0.021604
198.0,8.25,0.14979483,1.10994142,0.021399
199.0,8.29167,0.14837662,1.09943286,0.021197
200.0,8.33333,0.14697184,1.08902379,0.020996
201.0,8.375,0.14558036,1.07871327,0.020797
202.0,8.41667,0.14420205,1.06850037,0.0206
203.0,8.45833,0.1428368,1.05838416,0.020405
204.0,8.5,0.14148446,1.04836373,0.020212
205.0,8.54167,0.14014494,1.03843817,0.020021
206.0,8.58333,0.13881809,1.02860658,0.019831
207.0,8.625,0.13750381,1.01886807,0.019643
208.0,8.66667,0.13620196,1.00922176,0.019457
209.0,8.70833,0.13491245,0.99966678,0.019273
210.0,8.75,0.13363514,0.99020226,0.019091
211.0,8.79167,0.13236993,0.98082736,0.01891
212.0,8.83333,0.13111669,0.97154121,0.018731
213.0,8.875,0.12987532,0.96234297,0.018554
214.0,8.91667,0.12864571,0.95323183,0.018378
215.0,8.95833,0.12742773,0.94420694,0.018204
216.0,9.0,0.12622129,0.9352675,0.018032
217.0,9.04167,0.12502627,0.9264127,0.017861
218.0,9.08333,0.12384256,0.91764173,0.017692
219.0,9.125,0.12267006,0.9089538,0.017524
220.0,9.16667,0.12150866,0.90034812,0.017358
221.0,9.20833,0.12035826,0.89182392,0.017194
222.0,9.25,0.11921874,0.88338043,0.017031
223.0,9.29167,0.11809002,0.87501687,0.01687
224.0,9.33333,0.11697198,0.8667325,0.01671
225.0,9.375,0.11586453,0.85852656,0.016552
226.0,9.41667,0.11476756,0.85039831,0.016395
227.0,9.45833,0.11368098,0.84234702,0.01624
228.0,9.5,0.11260469,0.83437196,0.016086
229.0,9.54167,0.11153858,0.8264724,0.015934
230.0,9.58333,0.11048257,0.81864763,0.015783
231.0,9.625,0.10943656,0.81089694,0.015634
232.0,9.66667,0.10840045,0.80321964,0.015486
233.0,9.70833,0.10737415,0.79561502,0.015339
234.0,9.75,0.10635757,0.7880824,0.015194
235.0,9.79167,0.10535061,0.78062109,0.01505
236.0,9.83333,0.10435318,0.77323043,0.014908
237.0,9.875,0.1033652,0.76590974,0.014766
238.0,9.91667,0.10238657,0.75865836,0.014627
239.0,9.95833,0.10141721,0.75147563,0.014488
240.0,10.0,0.10045703,0.74436091,0.014351
241.0,10.04167,0.09950593,0.73731354,0.014215
242.0,10.08333,0.09856384,0.7303329,0.014081
243.0,10.125,0.09763067,0.72341835,0.013947
244.0,10.16667,0.09670634,0.71656926,0.013815
245.0,10.20833,0.09579075,0.70978502,0.013684
246.0,10.25,0.09488384,0.70306501,0.013555
247.0,10.29167,0.09398551,0.69640862,0.013427
248.0,10.33333,0.09309569,0.68981525,0.013299
249.0,10.375,0.09221429,0.68328431,0.013173
250.0,10.41667,0.09134123,0.6768152,0.013049
251.0,10.45833,0.09047644,0.67040734,0.012925
252.0,10.5,0.08961984,0.66406014,0.012803
253.0,10.54167,0.08877135,0.65777304,0.012682
254.0,10.58333,0.08793089,0.65154546,0.012562
255.0,10.625,0.08709839,0.64537684,0.012443
256.0,10.66667,0.08627377,0.63926662,0.012325
257.0,10.70833,0.08545696,0.63321426,0.012208
258.0,10.75,0.08464788,0.62721919,0.012093
259.0,10.79167,0.08384647,0.62128089,0.011978
260.0,10.83333,0.08305264,0.61539881,0.011865
261.0,10.875,0.08226632,0.60957241,0.011752
262.0,10.91667,0.08148745,0.60380118,0.011641
263.0,10.95833,0.08071595,0.59808459,0.011531
264.0,11.0,0.07995176,0.59242212,0.011422
265.0,11.04167,0.0791948,0.58681327,0.011314
266.0,11.08333,0.07844501,0.58125751,0.011206
267.0,11.125,0.07770232,0.57575436,0.0111
268.0,11.16667,0.07696666,0.5703033,0.010995
269.0,11.20833,0.07623797,0.56490386,0.010891
270.0,11.25,0.07551617,0.55955554,0.010788
271.0,11.29167,0.07480121,0.55425785,0.010686
272.0,11.33333,0.07409302,0.54901032,0.010585
273.0,11.375,0.07339153,0.54381247,0.010485
274.0,11.41667,0.07269668,0.53866383,0.010385
275.0,11.45833,0.07200841,0.53356394,0.010287
276.0,11.5,0.07132666,0.52851233,0.01019
277.0,11.54167,0.07065136,0.52350855,0.010093
278.0,11.58333,0.06998246,0.51855214,0.009997
279.0,11.625,0.06931989,0.51364266,0.009903
280.0,11.66667,0.06866359,0.50877966,0.009809
281.0,11.70833,0.06801351,0.50396271,0.009716
282.0,11.75,0.06736958,0.49919135,0.009624
283.0,11.79167,0.06673174,0.49446517,0.009533
284.0,11.83333,0.06609995,0.48978374,0.009443
285.0,11.875,0.06547414,0.48514663,0.009353
286.0,11.91667,0.06485425,0.48055342,0.009265
287.0,11.95833,0.06424023,0.4760037,0.009177
288.0,12.0,0.06363203,0.47149705,0.00909
289.0,12.04167,0.06302958,0.46703307,0.009004
290.0,12.08333,0.06243284,0.46261136,0.008919
291.0,12.125,0.06184174,0.45823151,0.008835
292.0,12.16667,0.06125624,0.45389312,0.008751
293.0,12.20833,0.06067629,0.44959581,0.008668
294.0,12.25,0.06010183,0.44533918,0.008586
295.0,12.29167,0.0595328,0.44112286,0.008505
296.0,12.33333,0.05896917,0.43694645,0.008424
297.0,12.375,0.05841087,0.43280959,0.008344
298.0,12.41667,0.05785785,0.42871189,0.008265
299.0,12.45833,0.05731007,0.42465299,0.008187
300.0,12.5,0.05676748,0.42063251,0.00811
301.0,12.54167,0.05623002,0.4166501,0.008033
302.0,12.58333,0.05569766,0.4127054,0.007957
303.0,12.625,0.05517033,0.40879804,0.007881
304.0,12.66667,0.05464799,0.40492767,0.007807
305.0,12.70833,0.0541306,0.40109395,0.007733
306.0,12.75,0.05361811,0.39729652,0.00766
307.0,12.79167,0.05311048,0.39353505,0.007587
308.0,12.83333,0.05260764,0.38980919,0.007515
309.0,12.875,0.05210957,0.38611861,0.007444
310.0,12.91667,0.05161621,0.38246296,0.007374
311.0,12.95833,0.05112753,0.37884193,0.007304
312.0,13.0,0.05064347,0.37525518,0.007235
313.0,13.04167,0.05016399,0.37170239,0.007166
314.0,13.08333,0.04968906,0.36818323,0.007098
315.0,13.125,0.04921862,0.36469739,0.007031
316.0,13.16667,0.04875263,0.36124456,0.006965
317.0,13.20833,0.04829106,0.35782441,0.006899
318.0,13.25,0.04783386,0.35443665,0.006833
319.0,13.29167,0.04738098,0.35108096,0.006769
320.0,13.33333,0.04693239,0.34775704,0.006705
321.0,13.375,0.04648805,0.34446459,0.006641
322.0,13.41667,0.04604792,0.34120331,0.006578
323.0,13.45833,0.04561195,0.33797291,0.006516
324.0,13.5,0.04518011,0.3347731,0.006454
325.0,13.54167,0.04475236,0.33160358,0.006393
326.0,13.58333,0.04432866,0.32846406,0.006333
327.0,13.625,0.04390897,0.32535427,0.006273
328.0,13.66667,0.04349326,0.32227393,0.006213
329.0,13.70833,0.04308148,0.31922274,0.006154
330.0,13.75,0.0426736,0.31620045,0.006096
331.0,13.79167,0.04226958,0.31320676,0.006039
332.0,13.83333,0.04186938,0.31024143,0.005981
333.0,13.875,0.04147298,0.30730416,0.005925
334.0,13.91667,0.04108032,0.30439471,0.005869
335.0,13.95833,0.04069139,0.3015128,0.005813
336.0,14.0,0.04030614,0.29865817,0.005758
337.0,14.04167,0.03992453,0.29583058,0.005704
338.0,14.08333,0.03954654,0.29302975,0.00565
339.0,14.125,0.03917213,0.29025544,0.005596
340.0,14.16667,0.03880126,0.2875074,0.005543
341.0,14.20833,0.0384339,0.28478537,0.005491
342.0,14.25,0.03807002,0.28208912,0.005439
343.0,14.29167,0.03770959,0.27941839,0.005387
344.0,14.33333,0.03735256,0.27677295,0.005336
345.0,14.375,0.03699892,0.27415256,0.005286
346.0,14.41667,0.03664863,0.27155697,0.005236
347.0,14.45833,0.03630165,0.26898596,0.005186
348.0,14.5,0.03595796,0.26643929,0.005137
349.0,14.54167,0.03561752,0.26391673,0.005088
350.0,14.58333,0.03528031,0.26141805,0.00504
351.0,14.625,0.03494628,0.25894303,0.004992
352.0,14.66667,0.03461542,0.25649144,0.004945
353.0,14.70833,0.0342877,0.25406307,0.004898
354.0,14.75,0.03396307,0.25165768,0.004852
355.0,14.79167,0.03364152,0.24927507,0.004806
356.0,14.83333,0.03332301,0.24691502,0.00476
357.0,14.875,0.03300752,0.2445773,0.004715
358.0,14.91667,0.03269502,0.24226173,0.004671
359.0,14.95833,0.03238547,0.23996807,0.004626
360.0,15.0,0.03207886,0.23769613,0.004583
361.0,15.04167,0.03177514,0.23544571,0.004539
362.0,15.08333,0.03147431,0.23321658,0.004496
363.0,15.125,0.03117632,0.23100857,0.004454
364.0,15.16667,0.03088115,0.22882145,0.004412
365.0,15.20833,0.03058878,0.22665505,0.00437
366.0,15.25,0.03029918,0.22450915,0.004328
367.0,15.29167,0.03001231,0.22238357,0.004287
368.0,15.33333,0.02972817,0.22027812,0.004247
369.0,15.375,0.02944671,0.2181926,0.004207
370.0,15.41667,0.02916792,0.21612682,0.004167
371.0,15.45833,0.02889177,0.2140806,0.004127
372.0,15.5,0.02861823,0.21205376,0.004088
373.0,15.54167,0.02834728,0.2100461,0.00405
374.0,15.58333,0.0280789,0.20805746,0.004011
375.0,15.625,0.02781306,0.20608764,0.003973
376.0,15.66667,0.02754973,0.20413647,0.003936
377.0,15.70833,0.0272889,0.20220377,0.003898
378.0,15.75,0.02703054,0.20028937,0.003862
379.0,15.79167,0.02677462,0.1983931,0.003825
380.0,15.83333,0.02652113,0.19651478,0.003789
381.0,15.875,0.02627003,0.19465424,0.003753
382.0,15.91667,0.02602132,0.19281132,0.003717
383.0,15.95833,0.02577496,0.19098584,0.003682
384.0,16.0,0.02553093,0.18917765,0.003647
385.0,16.04167,0.02528921,0.18738658,0.003613
386.0,16.08333,0.02504978,0.18561247,0.003579
387.0,16.125,0.02481262,0.18385515,0.003545
388.0,16.16667,0.0245777,0.18211447,0.003511
389.0,16.20833,0.02434501,0.18039027,0.003478
390.0,16.25,0.02411451,0.17868239,0.003445
391.0,16.29167,0.02388621,0.17699069,0.003412
392.0,16.33333,0.02366006,0.175315,0.00338
393.0,16.375,0.02343605,0.17365517,0.003348
394.0,16.41667,0.02321417,0.17201106,0.003316
395.0,16.45833,0.02299439,0.17038252,0.003285
396.0,16.5,0.02277668,0.16876939,0.003254
397.0,16.54167,0.02256104,0.16717154,0.003223
398.0,16.58333,0.02234744,0.16558881,0.003192
399.0,16.625,0.02213586,0.16402107,0.003162
400.0,16.66667,0.02192629,0.16246818,0.003132
401.0,16.70833,0.0217187,0.16092998,0.003103
402.0,16.75,0.02151307,0.15940635,0.003073
403.0,16.79167,0.02130939,0.15789714,0.003044
404.0,16.83333,0.02110764,0.15640222,0.003015
405.0,16.875,0.0209078,0.15492146,0.002987
406.0,16.91667,0.02070985,0.15345471,0.002959
407.0,16.95833,0.02051378,0.15200186,0.002931
408.0,17.0,0.02031956,0.15056275,0.002903
409.0,17.04167,0.02012718,0.14913727,0.002875
410.0,17.08333,0.01993662,0.14772529,0.002848
411.0,17.125,0.01974787,0.14632668,0.002821
412.0,17.16667,0.0195609,0.1449413,0.002794
413.0,17.20833,0.01937571,0.14356905,0.002768
414.0,17.25,0.01919227,0.14220978,0.002742
415.0,17.29167,0.01901056,0.14086339,0.002716
416.0,17.33333,0.01883057,0.13952974,0.00269
417.0,17.375,0.01865229,0.13820872,0.002665
418.0,17.41667,0.0184757,0.1369002,0.002639
419.0,17.45833,0.01830078,0.13560408,0.002614
420.0,17.5,0.01812751,0.13432022,0.00259
421.0,17.54167,0.01795589,0.13304852,0.002565
422.0,17.58333,0.01778588,0.13178886,0.002541
423.0,17.625,0.01761749,0.13054113,0.002517
424.0,17.66667,0.0174507,0.12930521,0.002493
425.0,17.70833,0.01728548,0.12808099,0.002469
426.0,17.75,0.01712183,0.12686836,0.002446
427.0,17.79167,0.01695972,0.12566721,0.002423
428.0,17.83333,0.01679915,0.12447744,0.0024
429.0,17.875,0.0166401,0.12329893,0.002377
430.0,17.91667,0.01648256,0.12213157,0.002355
431.0,17.95833,0.01632651,0.12097527,0.002332
432.0,18.0,0.01617194,0.11982992,0.00231
433.0,18.04167,0.01601883,0.11869541,0.002288
434.0,18.08333,0.01586716,0.11757164,0.002267
435.0,18.125,0.01571694,0.11645851,0.002245
436.0,18.16667,0.01556814,0.11535592,0.002224
437.0,18.20833,0.01542074,0.11426377,0.002203
438.0,18.25,0.01527474,0.11318195,0.002182
439.0,18.29167,0.01513013,0.11211038,0.002161
440.0,18.33333,0.01498688,0.11104896,0.002141
441.0,18.375,0.01484499,0.10999758,0.002121
442.0,18.41667,0.01470444,0.10895616,0.002101
443.0,18.45833,0.01456523,0.1079246,0.002081
444.0,18.5,0.01442733,0.10690281,0.002061
445.0,18.54167,0.01429073,0.10589069,0.002042
446.0,18.58333,0.01415543,0.10488815,0.002022
447.0,18.625,0.01402141,0.1038951,0.002003
448.0,18.66667,0.01388866,0.10291146,0.001984
449.0,18.70833,0.01375717,0.10193713,0.001965
450.0,18.75,0.01362692,0.10097202,0.001947
451.0,18.79167,0.01349791,0.10001605,0.001928
452.0,18.83333,0.01337011,0.09906913,0.00191
453.0,18.875,0.01324353,0.09813118,0.001892
454.0,18.91667,0.01311814,0.0972021,0.001874
455.0,18.95833,0.01299395,0.09628183,0.001856
456.0,19.0,0.01287092,0.09537026,0.001839
457.0,19.04167,0.01274907,0.09446733,0.001821
458.0,19.08333,0.01262836,0.09357294,0.001804
459.0,19.125,0.0125088,0.09268702,0.001787
460.0,19.16667,0.01239037,0.09180949,0.00177
461.0,19.20833,0.01227306,0.09094027,0.001753
462.0,19.25,0.01215687,0.09007928,0.001737
463.0,19.29167,0.01204177,0.08922644,0.00172
464.0,19.33333,0.01192776,0.08838167,0.001704
465.0,19.375,0.01181483,0.0875449,0.001688
466.0,19.41667,0.01170298,0.08671606,0.001672
467.0,19.45833,0.01159218,0.08589506,0.001656
468.0,19.5,0.01148242,0.08508183,0.00164
469.0,19.54167,0.01137371,0.0842763,0.001625
470.0,19.58333,0.01126603,0.0834784,0.001609
471.0,19.625,0.01115937,0.08268806,0.001594
472.0,19.66667,0.01105371,0.08190519,0.001579
473.0,19.70833,0.01094906,0.08112974,0.001564
474.0,19.75,0.0108454,0.08036163,0.001549
475.0,19.79167,0.01074272,0.0796008,0.001535
476.0,19.83333,0.01064101,0.07884716,0.00152
477.0,19.875,0.01054026,0.07810066,0.001506
478.0,19.91667,0.01044047,0.07736123,0.001491
479.0,19.95833,0.01034163,0.0766288,0.001477
480.0,20.0,0.01024371,0.0759033,0.001463
481.0,20.04167,0.01014673,0.07518468,0.00145
482.0,20.08333,0.01005066,0.07447285,0.001436
483.0,20.125,0.00995551,0.07376777,0.001422
484.0,20.16667,0.00986125,0.07306936,0.001409
485.0,20.20833,0.00976789,0.07237756,0.001395
486.0,20.25,0.00967541,0.07169232,0.001382
487.0,20.29167,0.00958381,0.07101356,0.001369
488.0,20.33333,0.00949307,0.07034122,0.001356
489.0,20.375,0.00940319,0.06967526,0.001343
490.0,20.41667,0.00931417,0.06901559,0.001331
491.0,20.45833,0.00922598,0.06836218,0.001318
492.0,20.5,0.00913863,0.06771495,0.001306
493.0,20.54167,0.00905211,0.06707384,0.001293
494.0,20.58333,0.00896641,0.06643881,0.001281
495.0,20.625,0.00888152,0.06580979,0.001269
496.0,20.66667,0.00879743,0.06518672,0.001257
497.0,20.70833,0.00871414,0.06456956,0.001245
498.0,20.75,0.00863164,0.06395823,0.001233
499.0,20.79167,0.00854992,0.0633527,0.001221
500.0,20.83333,0.00846897,0.0627529,0.00121
501.0,20.875,0.00838879,0.06215877,0.001198
502.0,20.91667,0.00830937,0.06157027,0.001187
503.0,20.95833,0.00823069,0.06098735,0.001176
504.0,21.0,0.00823069,0.06098735,0.001176
504.0,21.0,10.00823069,0.06098735,1.429747
504.0,21.0,10.00823069,0.06098735,1.429747
505.0,21.04167,6.90426963,2.49709835,0.986324
506.0,21.08333,4.86267586,4.07369515,0.694668
507.0,21.125,3.51879686,5.08604621,0.502685
508.0,21.16667,2.63315526,5.72806014,0.376165
509.0,21.20833,2.0484796,6.12707985,0.29264
510.0,21.25,1.66148521,6.36673281,0.237355
511.0,21.29167,1.40434202,6.50193737,0.20062
512.0,21.33333,1.23250393,6.56875788,0.176072
513.0,21.375,1.11671605,6.59087678,0.159531
514.0,21.41667,1.03776565,6.583845,0.148252
515.0,21.45833,0.98303497,6.55787327,0.140434
516.0,21.5,0.9442373,6.51966535,0.134891
517.0,21.54167,0.91593029,6.47362185,0.130847
518.0,21.58333,0.89453956,6.42263088,0.127791
519.0,21.625,0.87771743,6.36858725,0.125388
520.0,21.66667,0.86392191,6.31273349,0.123417
521.0,21.70833,0.85214006,6.25588373,0.121734
522.0,21.75,0.8417064,6.19857084,0.120244
523.0,21.79167,0.83218366,6.14114294,0.118883
524.0,21.83333,0.82328444,6.08382687,0.117612
525.0,21.875,0.81481975,6.02676981,0.116403
526.0,21.91667,0.80666522,5.97006669,0.115238
527.0,21.95833,0.79873897,5.91377809,0.114106
528.0,22.0,0.79098697,5.85794208,0.112998
529.0,22.04167,0.78337352,5.80258195,0.111911
530.0,22.08333,0.77587493,5.74771129,0.110839
531.0,22.125,0.76847545,5.69333739,0.109782
532.0,22.16667,0.76116447,5.63946333,0.108738
533.0,22.20833,0.75393483,5.58608952,0.107705
534.0,22.25,0.74678159,5.5332146,0.106683
535.0,22.29167,0.73970131,5.48083604,0.105672
536.0,22.33333,0.7326915,5.42895061,0.10467
537.0,22.375,0.7257503,5.37755458,0.103679
538.0,22.41667,0.71887631,5.32664396,0.102697
539.0,22.45833,0.71206836,5.27621455,0.101724
540.0,22.5,0.70532551,5.22626208,0.100761
541.0,22.54167,0.69864692,5.1767822,0.099807
542.0,22.58333,0.69203183,5.12777056,0.098862
543.0,22.625,0.68547956,5.07922279,0.097926
544.0,22.66667,0.67898943,5.03113457,0.096998
545.0,22.70833,0.67256084,4.98350156,0.09608
546.0,22.75,0.66619315,4.93631949,0.09517
547.0,22.79167,0.65988579,4.88958409,0.094269
548.0,22.83333,0.65363817,4.84329116,0.093377
549.0,22.875,0.64744971,4.79743649,0.092493
550.0,22.91667,0.64131985,4.75201596,0.091617
551.0,22.95833,0.63524803,4.70702544,0.09075
552.0,23.0,0.62923371,4.66246088,0.089891
553.0,23.04167,0.62327632,4.61831824,0.089039
554.0,23.08333,0.61737535,4.57459353,0.088196
555.0,23.125,0.61153024,4.53128278,0.087361
556.0,23.16667,0.60574047,4.48838209,0.086534
557.0,23.20833,0.60000552,4.44588757,0.085715
558.0,23.25,0.59432486,4.40379537,0.084904
559.0,23.29167,0.58869799,4.36210168,0.0841
560.0,23.33333,0.58312439,4.32080274,0.083303
561.0,23.375,0.57760356,4.2798948,0.082515
562.0,23.41667,0.572135,4.23937417,0.081734
563.0,23.45833,0.56671821,4.19923717,0.08096
564.0,23.5,0.56135271,4.15948017,0.080193
565.0,23.54167,0.55603801,4.12009959,0.079434
566.0,23.58333,0.55077362,4.08109184,0.078682
567.0,23.625,0.54555908,4.04245341,0.077937
568.0,23.66667,0.54039391,4.00418079,0.077199
569.0,23.70833,0.53527764,3.96627052,0.076468
570.0,23.75,0.5302098,3.92871918,0.075744
571.0,23.79167,0.52518995,3.89152336,0.075027
572.0,23.83333,0.52021763,3.8546797,0.074317
573.0,23.875,0.51529238,3.81818486,0.073613
574.0,23.91667,0.51041376,3.78203554,0.072916
575.0,23.95833,0.50558133,3.74622847,0.072226
576.0,24.0,0.50079465,3.71076041,0.071542
577.0,24.04167,0.49605329,3.67562816,0.070865
578.0,24.08333,0.49135682,3.64082852,0.070194
579.0,24.125,0.48670482,3.60635835,0.069529
580.0,24.16667,0.48209686,3.57221454,0.068871
581.0,24.20833,0.47753252,3.53839399,0.068219
582.0,24.25,0.4730114,3.50489364,0.067573
583.0,24.29167,0.46853309,3.47171046,0.066933
584.0,24.33333,0.46409717,3.43884145,0.0663
585.0,24.375,0.45970325,3.40628363,0.065672
586.0,24.41667,0.45535093,3.37403406,0.06505
587.0,24.45833,0.45103982,3.34208981,0.064434
588.0,24.5,0.44676952,3.31044801,0.063824
589.0,24.54167,0.44253965,3.27910577,0.06322
590.0,24.58333,0.43834983,3.24806028,0.062621
591.0,24.625,0.43419968,3.21730871,0.062029
592.0,24.66667,0.43008882,3.1868483,0.061441
593.0,24.70833,0.42601688,3.15667626,0.06086
594.0,24.75,0.4219835,3.12678989,0.060283
595.0,24.79167,0.41798829,3.09718648,0.059713
596.0,24.83333,0.41403092,3.06786333,0.059147
597.0,24.875,0.41011101,3.03881781,0.058587
598.0,24.91667,0.40622821,3.01004729,0.058033
599.0,24.95833,0.40238218,2.98154915,0.057483
600.0,25.0,0.39857256,2.95332082,0.056939
601.0,25.04167,0.394799,2.92535975,0.0564
602.0,25.08333,0.39106118,2.89766341,0.055866
603.0,25.125,0.38735874,2.87022929,0.055337
604.0,25.16667,0.38369135,2.8430549,0.054813
605.0,25.20833,0.38005869,2.81613779,0.054294
606.0,25.25,0.37646042,2.78947553,0.05378
607.0,25.29167,0.37289622,2.76306569,0.053271
608.0,25.33333,0.36936576,2.7369059,0.052767
609.0,25.375,0.36586872,2.71099377,0.052267
610.0,25.41667,0.3624048,2.68532698,0.051772
611.0,25.45833,0.35897367,2.65990318,0.051282
612.0,25.5,0.35557503,2.6347201,0.050796
613.0,25.54167,0.35220856,2.60977543,0.050316
614.0,25.58333,0.34887396,2.58506694,0.049839
615.0,25.625,0.34557094,2.56059238,0.049367
616.0,25.66667,0.34229919,2.53634953,0.0489
617.0,25.70833,0.33905841,2.51233621,0.048437
618.0,25.75,0.33584832,2.48855024,0.047978
619.0,25.79167,0.33266862,2.46498946,0.047524
620.0,25.83333,0.32951902,2.44165175,0.047074
621.0,25.875,0.32639924,2.418535,0.046628
622.0,25.91667,0.323309,2.3956371,0.046187
623.0,25.95833,0.32024802,2.372956,0.04575
624.0,26.0,0.31721602,2.35048963,0.045317
625.0,26.04167,0.31421272,2.32823597,0.044888
626.0,26.08333,0.31123786,2.306193,0.044463
627.0,26.125,0.30829116,2.28435872,0.044042
628.0,26.16667,0.30537236,2.26273117,0.043625
629.0,26.20833,0.30248119,2.24130837,0.043212
630.0,26.25,0.2996174,2.2200884,0.042802
631.0,26.29167,0.29678072,2.19906934,0.042397
632.0,26.33333,0.2939709,2.17824927,0.041996
633.0,26.375,0.29118768,2.15762633,0.041598
634.0,26.41667,0.28843081,2.13719863,0.041204
635.0,26.45833,0.28570004,2.11696434,0.040814
636.0,26.5,0.28299513,2.09692162,0.040428
637.0,26.54167,0.28031583,2.07706865,0.040045
638.0,26.58333,0.27766189,2.05740365,0.039666
639.0,26.625,0.27503308,2.03792483,0.03929
640.0,26.66667,0.27242915,2.01863043,0.038918
641.0,26.70833,0.26984988,1.9995187,0.03855
642.0,26.75,0.26729503,1.98058791,0.038185
643.0,26.79167,0.26476437,1.96183636,0.037823
644.0,26.83333,0.26225767,1.94326234,0.037465
645.0,26.875,0.2597747,1.92486417,0.037111
646.0,26.91667,0.25731524,1.90664019,0.036759
647.0,26.95833,0.25487906,1.88858875,0.036411
648.0,27.0,0.25246595,1.87070821,0.036067
649.0,27.04167,0.25007569,1.85299696,0.035725
650.0,27.08333,0.24770805,1.8354534,0.035387
651.0,27.125,0.24536284,1.81807593,0.035052
652.0,27.16667,0.24303982,1.80086298,0.03472
653.0,27.20833,0.2407388,1.78381301,0.034391
654.0,27.25,0.23845956,1.76692445,0.034066
655.0,27.29167,0.23620191,1.75019579,0.033743
656.0,27.33333,0.23396563,1.73362552,0.033424
657.0,27.375,0.23175052,1.71721212,0.033107
658.0,27.41667,0.22955638,1.70095412,0.032794
659.0,27.45833,0.22738301,1.68485005,0.032483
660.0,27.5,0.22523023,1.66889844,0.032176
661.0,27.54167,0.22309782,1.65309786,0.031871
662.0,27.58333,0.2209856,1.63744687,0.031569
663.0,27.625,0.21889339,1.62194407,0.03127
664.0,27.66667,0.21682098,1.60658803,0.030974
665.0,27.70833,0.21476819,1.59137739,0.030681
666.0,27.75,0.21273483,1.57631075,0.030391
667.0,27.79167,0.21072073,1.56138676,0.030103
668.0,27.83333,0.20872569,1.54660406,0.029818
669.0,27.875,0.20674955,1.53196132,0.029536
670.0,27.91667,0.20479211,1.51745722,0.029256
671.0,27.95833,0.20285321,1.50309043,0.028979
672.0,28.0,0.20093266,1.48885967,0.028705
673.0,28.04167,0.19903029,1.47476363,0.028433
674.0,28.08333,0.19714594,1.46080106,0.028164
675.0,28.125,0.19527943,1.44697067,0.027897
676.0,28.16667,0.19343059,1.43327123,0.027633
677.0,28.20833,0.19159925,1.41970149,0.027371
678.0,28.25,0.18978525,1.40626023,0.027112
679.0,28.29167,0.18798843,1.39294622,0.026855
680.0,28.33333,0.18620861,1.37975826,0.026601
681.0,28.375,0.18444565,1.36669516,0.026349
682.0,28.41667,0.18269938,1.35375574,0.0261
683.0,28.45833,0.18096964,1.34093883,0.025853
684.0,28.5,0.17925628,1.32824326,0.025608
685.0,28.54167,0.17755914,1.31566789,0.025366
686.0,28.58333,0.17587807,1.30321158,0.025125
687.0,28.625,0.17421292,1.2908732,0.024888
688.0,28.66667,0.17256353,1.27865164,0.024652
689.0,28.70833,0.17092975,1.26654579,0.024419
690.0,28.75,0.16931144,1.25455455,0.024187
691.0,28.79167,0.16770846,1.24267684,0.023958
692.0,28.83333,0.16612065,1.23091159,0.023732
693.0,28.875,0.16454788,1.21925772,0.023507
694.0,28.91667,0.16298999,1.20771419,0.023284
695.0,28.95833,0.16144685,1.19627995,0.023064
696.0,29.0,0.15991833,1.18495396,0.022845
697.0,29.04167,0.15840428,1.17373521,0.022629
698.0,29.08333,0.15690456,1.16262267,0.022415
699.0,29.125,0.15541903,1.15161534,0.022203
700.0,29.16667,0.15394758,1.14071223,0.021993
701.0,29.20833,0.15249005,1.12991234,0.021784
702.0,29.25,0.15104633,1.1192147,0.021578
703.0,29.29167,0.14961627,1.10861835,0.021374
704.0,29.33333,0.14819975,1.09812231,0.021171
705.0,29.375,0.14679665,1.08772565,0.020971
706.0,29.41667,0.14540682,1.07742742,0.020772
707.0,29.45833,0.14403016,1.06722669,0.020576
708.0,29.5,0.14266653,1.05712254,0.020381
709.0,29.54167,0.14131581,1.04711406,0.020188
710.0,29.58333,0.13997788,1.03720032,0.019997
711.0,29.625,0.13865261,1.02738045,0.019808
712.0,29.66667,0.1373399,1.01765355,0.01962
713.0,29.70833,0.13603961,1.00801874,0.019434
714.0,29.75,0.13475163,0.99847515,0.01925
715.0,29.79167,0.13347585,0.98902192,0.019068
716.0,29.83333,0.13221214,0.97965819,0.018887
717.0,29.875,0.1309604,0.97038311,0.018709
718.0,29.91667,0.12972051,0.96119584,0.018532
719.0,29.95833,0.12849236,0.95209555,0.018356
720.0,30.0,0.12727584,0.94308142,0.018182
721.0,30.04167,0.12607083,0.93415264,0.01801
722.0,30.08333,0.12487723,0.92530839,0.01784
723.0,30.125,0.12369494,0.91654787,0.017671
724.0,30.16667,0.12252383,0.9078703,0.017503
725.0,30.20833,0.12136382,0.89927488,0.017338
726.0,30.25,0.12021479,0.89076085,0.017174
727.0,30.29167,0.11907663,0.88232742,0.017011
728.0,30.33333,0.11794925,0.87397383,0.01685
729.0,30.375,0.11683255,0.86569933,0.01669
730.0,30.41667,0.11572642,0.85750318,0.016532
731.0,30.45833,0.11463076,0.84938462,0.016376
732.0,30.5,0.11354547,0.84134292,0.016221
733.0,30.54167,0.11247046,0.83337737,0.016067
734.0,30.58333,0.11140563,0.82548722,0.015915
735.0,30.625,0.11035087,0.81767178,0.015764
736.0,30.66667,0.10930611,0.80993034,0.015615
737.0,30.70833,0.10827123,0.80226218,0.015467
738.0,30.75,0.10724616,0.79466663,0.015321
739.0,30.79167,0.10623079,0.78714299,0.015176
740.0,30.83333,0.10522503,0.77969058,0.015032
741.0,30.875,0.10422879,0.77230872,0.01489
742.0,30.91667,0.10324199,0.76499676,0.014749
743.0,30.95833,0.10226453,0.75775402,0.014609
744.0,31.0,0.10129632,0.75057985,0.014471
745.0,31.04167,0.10033728,0.74347361,0.014334
746.0,31.08333,0.09938732,0.73643465,0.014198
747.0,31.125,0.09844635,0.72946233,0.014064
748.0,31.16667,0.0975143,0.72255602,0.013931
749.0,31.20833,0.09659106,0.71571509,0.013799
750.0,31.25,0.09567657,0.70893894,0.013668
751.0,31.29167,0.09477074,0.70222694,0.013539
752.0,31.33333,0.09387348,0.69557849,0.01341
753.0,31.375,0.09298471,0.68899298,0.013284
754.0,31.41667,0.09210437,0.68246982,0.013158
755.0,31.45833,0.09123235,0.67600842,0.013033
756.0,31.5,0.09036859,0.66960819,0.01291
757.0,31.54167,0.08951301,0.66326856,0.012788
758.0,31.58333,0.08866553,0.65698896,0.012667
759.0,31.625,0.08782608,0.6507688,0.012547
760.0,31.66667,0.08699457,0.64460754,0.012428
761.0,31.70833,0.08617093,0.6385046,0.01231
762.0,31.75,0.0853551,0.63245945,0.012194
763.0,31.79167,0.08454698,0.62647153,0.012078
764.0,31.83333,0.08374652,0.62054031,0.011964
765.0,31.875,0.08295363,0.61466524,0.011851
766.0,31.91667,0.08216826,0.60884579,0.011738
767.0,31.95833,0.08139031,0.60308144,0.011627
768.0,32.0,0.08061974,0.59737166,0.011517
769.0,32.04167,0.07985646,0.59171594,0.011408
770.0,32.08333,0.0791004,0.58611377,0.0113
771.0,32.125,0.07835151,0.58056464,0.011193
772.0,32.16667,0.0776097,0.57506804,0.011087
773.0,32.20833,0.07687492,0.56962349,0.010982
774.0,32.25,0.07614709,0.56423048,0.010878
775.0,32.29167,0.07542615,0.55888853,0.010775
776.0,32.33333,0.07471204,0.55359716,0.010673
777.0,32.375,0.0740047,0.54835588,0.010572
778.0,32.41667,0.07330404,0.54316423,0.010472
779.0,32.45833,0.07261002,0.53802173,0.010373
780.0,32.5,0.07192258,0.53292792,0.010275
781.0,32.54167,0.07124164,0.52788233,0.010177
782.0,32.58333,0.07056715,0.52288452,0.010081
783.0,32.625,0.06989904,0.51793402,0.009986
784.0,32.66667,0.06923726,0.51303039,0.009891
785.0,32.70833,0.06858174,0.50817319,0.009797
786.0,32.75,0.06793243,0.50336197,0.009705
787.0,32.79167,0.06728927,0.4985963,0.009613
788.0,32.83333,0.0666522,0.49387576,0.009522
789.0,32.875,0.06602116,0.48919991,0.009432
790.0,32.91667,0.06539609,0.48456832,0.009342
791.0,32.95833,0.06477694,0.47998059,0.009254
792.0,33.0,0.06416365,0.47543629,0.009166
793.0,33.04167,0.06355617,0.47093502,0.009079
794.0,33.08333,0.06295445,0.46647636,0.008993
795.0,33.125,0.06235841,0.46205991,0.008908
796.0,33.16667,0.06176802,0.45768528,0.008824
797.0,33.20833,0.06118323,0.45335207,0.00874
798.0,33.25,0.06060396,0.44905988,0.008658
799.0,33.29167,0.06003018,0.44480833,0.008576
800.0,33.33333,0.05946184,0.44059703,0.008495
801.0,33.375,0.05889887,0.4364256,0.008414
802.0,33.41667,0.05834124,0.43229367,0.008334
803.0,33.45833,0.05778888,0.42820085,0.008256
804.0,33.5,0.05724176,0.42414679,0.008177
805.0,33.54167,0.05669981,0.42013111,0.0081
806.0,33.58333,0.056163,0.41615345,0.008023
807.0,33.625,0.05563126,0.41221344,0.007947
808.0,33.66667,0.05510456,0.40831074,0.007872
809.0,33.70833,0.05458285,0.40444499,0.007798
810.0,33.75,0.05406608,0.40061584,0.007724
811.0,33.79167,0.0535542,0.39682294,0.007651
812.0,33.83333,0.05304717,0.39306595,0.007578
813.0,33.875,0.05254493,0.38934453,0.007506
814.0,33.91667,0.05204745,0.38565834,0.007435
815.0,33.95833,0.05155469,0.38200706,0.007365
816.0,34.0,0.05106658,0.37839034,0.007295
817.0,34.04167,0.0505831,0.37480787,0.007226
818.0,34.08333,0.0501042,0.37125931,0.007158
819.0,34.125,0.04962983,0.36774435,0.00709
820.0,34.16667,0.04915995,0.36426266,0.007023
821.0,34.20833,0.04869452,0.36081395,0.006956
822.0,34.25,0.0482335,0.35739788,0.00689
823.0,34.29167,0.04777684,0.35401415,0.006825
824.0,34.33333,0.0473245,0.35066246,0.006761
825.0,34.375,0.04687645,0.34734251,0.006697
826.0,34.41667,0.04643264,0.34405398,0.006633
827.0,34.45833,0.04599303,0.34079659,0.00657
828.0,34.5,0.04555758,0.33757004,0.006508
829.0,34.54167,0.04512626,0.33437404,0.006447
830.0,34.58333,0.04469902,0.3312083,0.006386
831.0,34.625,0.04427582,0.32807253,0.006325
832.0,34.66667,0.04385663,0.32496644,0.006265
833.0,34.70833,0.04344141,0.32188977,0.006206
834.0,34.75,0.04303012,0.31884222,0.006147
835.0,34.79167,0.04262273,0.31582353,0.006089
836.0,34.83333,0.04221919,0.31283341,0.006031
837.0,34.875,0.04181947,0.30987161,0.005974
838.0,34.91667,0.04142354,0.30693785,0.005918
839.0,34.95833,0.04103136,0.30403186,0.005862
840.0,35.0,0.04064288,0.30115339,0.005806
841.0,35.04167,0.04025809,0.29830217,0.005751
842.0,35.08333,0.03987694,0.29547794,0.005697
843.0,35.125,0.0394994,0.29268045,0.005643
844.0,35.16667,0.03912543,0.28990945,0.005589
845.0,35.20833,0.038755,0.28716468,0.005536
846.0,35.25,0.03838809,0.2844459,0.005484
847.0,35.29167,0.03802464,0.28175286,0.005432
848.0,35.33333,0.03766463,0.27908532,0.005381
849.0,35.375,0.03730804,0.27644303,0.00533
850.0,35.41667,0.03695482,0.27382576,0.005279
851.0,35.45833,0.03660494,0.27123327,0.005229
852.0,35.5,0.03625838,0.26866532,0.00518
853.0,35.54167,0.0359151,0.26612169,0.005131
854.0,35.58333,0.03557506,0.26360213,0.005082
855.0,35.625,0.03523825,0.26110643,0.005034
856.0,35.66667,0.03490463,0.25863436,0.004986
857.0,35.70833,0.03457416,0.2561857,0.004939
858.0,35.75,0.03424682,0.25376022,0.004892
859.0,35.79167,0.03392259,0.2513577,0.004846
860.0,35.83333,0.03360142,0.24897793,0.0048
861.0,35.875,0.03328329,0.24662069,0.004755
862.0,35.91667,0.03296818,0.24428576,0.00471
863.0,35.95833,0.03265604,0.24197295,0.004665
864.0,36.0,0.03234687,0.23968203,0.004621
865.0,36.04167,0.03204062,0.2374128,0.004577
866.0,36.08333,0.03173727,0.23516505,0.004534
867.0,36.125,0.03143679,0.23293858,0.004491
868.0,36.16667,0.03113916,0.2307332,0.004448
869.0,36.20833,0.03084434,0.22854869,0.004406
870.0,36.25,0.03055232,0.22638487,0.004365
871.0,36.29167,0.03026306,0.22424153,0.004323
872.0,36.33333,0.02997654,0.22211849,0.004282
873.0,36.375,0.02969273,0.22001554,0.004242
874.0,36.41667,0.02941161,0.21793251,0.004202
875.0,36.45833,0.02913315,0.21586919,0.004162
876.0,36.5,0.02885733,0.21382541,0.004122
877.0,36.54167,0.02858411,0.21180099,0.004083
878.0,36.58333,0.02831349,0.20979572,0.004045
879.0,36.625,0.02804543,0.20780945,0.004006
880.0,36.66667,0.0277799,0.20584198,0.003969
881.0,36.70833,0.02751689,0.20389313,0.003931
882.0,36.75,0.02725637,0.20196274,0.003894
883.0,36.79167,0.02699832,0.20005062,0.003857
884.0,36.83333,0.0267427,0.19815661,0.00382
885.0,36.875,0.02648951,0.19628053,0.003784
886.0,36.91667,0.02623872,0.19442221,0.003748
887.0,36.95833,0.0259903,0.19258148,0.003713
888.0,37.0,0.02574423,0.19075818,0.003678
889.0,37.04167,0.02550049,0.18895215,0.003643
890.0,37.08333,0.02525906,0.18716321,0.003608
891.0,37.125,0.02501992,0.18539121,0.003574
892.0,37.16667,0.02478304,0.18363599,0.00354
893.0,37.20833,0.0245484,0.18189738,0.003507
894.0,37.25,0.02431599,0.18017524,0.003474
895.0,37.29167,0.02408577,0.1784694,0.003441
896.0,37.33333,0.02385773,0.17677971,0.003408
897.0,37.375,0.02363186,0.17510602,0.003376
898.0,37.41667,0.02340812,0.17344817,0.003344
899.0,37.45833,0.0231865,0.17180602,0.003312
900.0,37.5,0.02296698,0.17017942,0.003281
901.0,37.54167,0.02274953,0.16856822,0.00325
902.0,37.58333,0.02253415,0.16697227,0.003219
903.0,37.625,0.0223208,0.16539143,0.003189
904.0,37.66667,0.02210947,0.16382556,0.003158
905.0,37.70833,0.02190015,0.16227451,0.003129
906.0,37.75,0.02169281,0.16073815,0.003099
907.0,37.79167,0.02148743,0.15921633,0.00307
908.0,37.83333,0.02128399,0.15770893,0.003041
909.0,37.875,0.02108248,0.15621579,0.003012
910.0,37.91667,0.02088288,0.15473679,0.002983
911.0,37.95833,0.02068517,0.15327179,0.002955
912.0,38.0,0.02048933,0.15182067,0.002927
913.0,38.04167,0.02029534,0.15038328,0.002899
914.0,38.08333,0.02010319,0.1489595,0.002872
915.0,38.125,0.01991286,0.1475492,0.002845
916.0,38.16667,0.01972433,0.14615225,0.002818
917.0,38.20833,0.01953759,0.14476853,0.002791
918.0,38.25,0.01935261,0.14339791,0.002765
919.0,38.29167,0.01916939,0.14204027,0.002738
920.0,38.33333,0.0189879,0.14069547,0.002713
921.0,38.375,0.01880813,0.13936342,0.002687
922.0,38.41667,0.01863006,0.13804397,0.002661
923.0,38.45833,0.01845367,0.13673701,0.002636
924.0,38.5,0.01827896,0.13544243,0.002611
925.0,38.54167,0.0181059,0.13416011,0.002587
926.0,38.58333,0.01793448,0.13288993,0.002562
927.0,38.625,0.01776468,0.13163177,0.002538
928.0,38.66667,0.01759649,0.13038552,0.002514
929.0,38.70833,0.0174299,0.12915107,0.00249
930.0,38.75,0.01726488,0.12792831,0.002466
931.0,38.79167,0.01710142,0.12671713,0.002443
932.0,38.83333,0.01693951,0.12551741,0.00242
933.0,38.875,0.01677913,0.12432906,0.002397
934.0,38.91667,0.01662027,0.12315195,0.002374
935.0,38.95833,0.01646291,0.12198599,0.002352
936.0,39.0,0.01630705,0.12083107,0.00233
937.0,39.04167,0.01615266,0.11968708,0.002308
938.0,39.08333,0.01599973,0.11855392,0.002286
939.0,39.125,0.01584825,0.11743149,0.002264
940.0,39.16667,0.0156982,0.11631969,0.002243
941.0,39.20833,0.01554958,0.11521841,0.002221
942.0,39.25,0.01540236,0.11412756,0.0022
943.0,39.29167,0.01525654,0.11304704,0.00218
944.0,39.33333,0.01511209,0.11197675,0.002159
945.0,39.375,0.01496902,0.11091659,0.002138
946.0,39.41667,0.01482729,0.10986646,0.002118
947.0,39.45833,0.01468691,0.10882629,0.002098
948.0,39.5,0.01454786,0.10779595,0.002078
949.0,39.54167,0.01441013,0.10677538,0.002059
950.0,39.58333,0.0142737,0.10576446,0.002039
951.0,39.625,0.01413856,0.10476312,0.00202
952.0,39.66667,0.0140047,0.10377126,0.002001
953.0,39.70833,0.01387211,0.10278879,0.001982
954.0,39.75,0.01374077,0.10181561,0.001963
955.0,39.79167,0.01361068,0.10085166,0.001944
956.0,39.83333,0.01348182,0.09989683,0.001926
957.0,39.875,0.01335418,0.09895104,0.001908
958.0,39.91667,0.01322774,0.0980142,0.00189
959.0,39.95833,0.01310251,0.09708624,0.001872
960.0,40.0,0.01297846,0.09616706,0.001854
961.0,40.04167,0.01285558,0.09525658,0.001837
962.0,40.08333,0.01273387,0.09435472,0.001819
963.0,40.125,0.01261331,0.0934614,0.001802
964.0,40.16667,0.01249389,0.09257654,0.001785
965.0,40.20833,0.0123756,0.09170005,0.001768
966.0,40.25,0.01225843,0.09083187,0.001751
967.0,40.29167,0.01214238,0.0899719,0.001735
968.0,40.33333,0.01202742,0.08912008,0.001718
969.0,40.375,0.01191354,0.08827632,0.001702
970.0,40.41667,0.01180075,0.08744055,0.001686
971.0,40.45833,0.01168902,0.08661269,0.00167
972.0,40.5,0.01157836,0.08579267,0.001654
973.0,40.54167,0.01146874,0.08498041,0.001638
974.0,40.58333,0.01136015,0.08417584,0.001623
975.0,40.625,0.0112526,0.0833789,0.001608
976.0,40.66667,0.01114606,0.08258949,0.001592
977.0,40.70833,0.01104054,0.08180756,0.001577
978.0,40.75,0.01093601,0.08103303,0.001562
979.0,40.79167,0.01083247,0.08026584,0.001547
980.0,40.83333,0.01072991,0.07950591,0.001533
981.0,40.875,0.01062833,0.07875317,0.001518
982.0,40.91667,0.0105277,0.07800756,0.001504
983.0,40.95833,0.01042803,0.07726901,0.00149
984.0,41.0,0.0103293,0.07653746,0.001476
985.0,41.04167,0.0102315,0.07581283,0.001462
986.0,41.08333,0.01013463,0.07509505,0.001448
987.0,41.125,0.01003868,0.07438408,0.001434
988.0,41.16667,0.00994364,0.07367984,0.001421
989.0,41.20833,0.0098495,0.07298226,0.001407
990.0,41.25,0.00975625,0.07229129,0.001394
991.0,41.29167,0.00966388,0.07160686,0.001381
992.0,41.33333,0.00957238,0.07092891,0.001367
993.0,41.375,0.00948175,0.07025738,0.001355
994.0,41.41667,0.00939198,0.0695922,0.001342
995.0,41.45833,0.00930306,0.06893333,0.001329
996.0,41.5,0.00921499,0.06828069,0.001316
997.0,41.54167,0.00912774,0.06763423,0.001304
998.0,41.58333,0.00904132,0.06699389,0.001292
999.0,41.625,0.00895572,0.06635961,0.001279
1000.0,41.66667,0.00887093,0.06573134,0.001267
1001.0,41.70833,0.00878695,0.06510902,0.001255
1002.0,41.75,0.00870375,0.06449259,0.001243
1003.0,41.79167,0.00862135,0.06388199,0.001232
1004.0,41.83333,0.00853973,0.06327718,0.00122
1005.0,41.875,0.00845887,0.06267809,0.001208
1006.0,41.91667,0.00837879,0.06208468,0.001197
1007.0,41.95833,0.00829946,0.06149688,0.001186
1008.0,42.0,0.00822088,0.06091465,0.001174
1009.0,42.04167,0.00814305,0.06033793,0.001163
1010.0,42.08333,0.00806596,0.05976667,0.001152
1011.0,42.125,0.00798959,0.05920082,0.001141
1012.0,42.16667,0.00791395,0.05864032,0.001131
1013.0,42.20833,0.00783902,0.05808514,0.00112
1014.0,42.25,0.0077648,0.05753521,0.001109
1015.0,42.29167,0.00769129,0.05699048,0.001099
1016.0,42.33333,0.00761847,0.05645091,0.001088
1017.0,42.375,0.00754634,0.05591646,0.001078
1018.0,42.41667,0.00747489,0.05538706,0.001068
1019.0,42.45833,0.00740412,0.05486267,0.001058
1020.0,42.5,0.00733402,0.05434325,0.001048
1021.0,42.54167,0.00726459,0.05382874,0.001038
1022.0,42.58333,0.00719581,0.05331911,0.001028
1023.0,42.625,0.00712768,0.0528143,0.001018
1024.0,42.66667,0.0070602,0.05231428,0.001009
1025.0,42.70833,0.00699336,0.05181898,0.000999
1026.0,42.75,0.00692715,0.05132838,0.00099
1027.0,42.79167,0.00686156,0.05084242,0.00098
1028.0,42.83333,0.0067966,0.05036106,0.000971
1029.0,42.875,0.00673225,0.04988425,0.000962
1030.0,42.91667,0.00666851,0.04941197,0.000953
1031.0,42.95833,0.00660538,0.04894415,0.000944
1032.0,43.0,0.00654284,0.04848076,0.000935
1033.0,43.04167,0.00648089,0.04802176,0.000926
1034.0,43.08333,0.00641953,0.04756711,0.000917
1035.0,43.125,0.00635876,0.04711676,0.000908
1036.0,43.16667,0.00629855,0.04667067,0.0009
1037.0,43.20833,0.00623892,0.04622881,0.000891
1038.0,43.25,0.00617985,0.04579113,0.000883
1039.0,43.29167,0.00612134,0.0453576,0.000874
1040.0,43.33333,0.00606339,0.04492817,0.000866
1041.0,43.375,0.00600598,0.0445028,0.000858
1042.0,43.41667,0.00594912,0.04408146,0.00085
1043.0,43.45833,0.0058928,0.04366411,0.000842
1044.0,43.5,0.00583701,0.04325072,0.000834
1045.0,43.54167,0.00578174,0.04284123,0.000826
1046.0,43.58333,0.005727,0.04243563,0.000818
1047.0,43.625,0.00567278,0.04203386,0.00081
1048.0,43.66667,0.00561907,0.0416359,0.000803
1049.0,43.70833,0.00556587,0.0412417,0.000795
1050.0,43.75,0.00551318,0.04085124,0.000788
1051.0,43.79167,0.00546098,0.04046447,0.00078
1052.0,43.83333,0.00540928,0.04008137,0.000773
1053.0,43.875,0.00535806,0.03970189,0.000765
1054.0,43.91667,0.00530734,0.03932601,0.000758
1055.0,43.95833,0.00525709,0.03895368,0.000751
1056.0,44.0,0.00520732,0.03858488,0.000744
1057.0,44.04167,0.00515801,0.03821957,0.000737
1058.0,44.08333,0.00510918,0.03785772,0.00073
1059.0,44.125,0.00506081,0.0374993,0.000723
1060.0,44.16667,0.00501289,0.03714427,0.000716
1061.0,44.20833,0.00496543,0.0367926,0.000709
1062.0,44.25,0.00491842,0.03644426,0.000703
1063.0,44.29167,0.00487186,0.03609921,0.000696
1064.0,44.33333,0.00482573,0.03575744,0.000689
1065.0,44.375,0.00478004,0.0354189,0.000683
1066.0,44.41667,0.00473479,0.03508356,0.000676
1067.0,44.45833,0.00468996,0.03475141,0.00067
1068.0,44.5,0.00464556,0.03442239,0.000664
1069.0,44.54167,0.00460157,0.03409649,0.000657
1070.0,44.58333,0.00455801,0.03377368,0.000651
1071.0,44.625,0.00451485,0.03345392,0.000645
1072.0,44.66667,0.00447211,0.03313719,0.000639
1073.0,44.70833,0.00442977,0.03282346,0.000633
1074.0,44.75,0.00438783,0.03251269,0.000627
1075.0,44.79167,0.00434629,0.03220487,0.000621
1076.0,44.83333,0.00430514,0.03189997,0.000615
1077.0,44.875,0.00426438,0.03159795,0.000609
1078.0,44.91667,0.004224,0.03129879,0.000603
1079.0,44.95833,0.00418401,0.03100246,0.000598
1080.0,45.0,0.0041444,0.03070894,0.000592
1081.0,45.04167,0.00410516,0.0304182,0.000586
1082.0,45.08333,0.0040663,0.03013021,0.000581
1083.0,45.125,0.0040278,0.02984495,0.000575
1084.0,45.16667,0.00398966,0.02956239,0.00057
1085.0,45.20833,0.00395189,0.0292825,0.000565
1086.0,45.25,0.00391448,0.02900526,0.000559
1087.0,45.29167,0.00387741,0.02873065,0.000554
1088.0,45.33333,0.0038407,0.02845864,0.000549
1089.0,45.375,0.00380434,0.0281892,0.000543
1090.0,45.41667,0.00376832,0.02792232,0.000538
1091.0,45.45833,0.00373265,0.02765796,0.000533
1092.0,45.5,0.00369731,0.0273961,0.000528
1093.0,45.54167,0.0036623,0.02713672,0.000523
1094.0,45.58333,0.00362763,0.0268798,0.000518
1095.0,45.625,0.00359328,0.02662531,0.000513
1096.0,45.66667,0.00355926,0.02637323,0.000508
1097.0,45.70833,0.00352557,0.02612354,0.000504
1098.0,45.75,0.00349219,0.02587621,0.000499
1099.0,45.79167,0.00345912,0.02563122,0.000494
1100.0,45.83333,0.00342637,0.02538855,0.000489
1101.0,45.875,0.00339393,0.02514818,0.000485
1102.0,45.91667,0.0033618,0.02491009,0.00048
1103.0,45.95833,0.00332997,0.02467425,0.000476
1104.0,46.0,0.00329845,0.02444064,0.000471
1105.0,46.04167,0.00326722,0.02420925,0.000467
1106.0,46.08333,0.00323628,0.02398004,0.000462
1107.0,46.125,0.00320564,0.023753,0.000458
1108.0,46.16667,0.00317529,0.02352812,0.000454
1109.0,46.20833,0.00314523,0.02330536,0.000449
1110.0,46.25,0.00311545,0.02308472,0.000445
1111.0,46.29167,0.00308596,0.02286616,0.000441
1112.0,46.33333,0.00305674,0.02264967,0.000437
1113.0,46.375,0.0030278,0.02243523,0.000433
1114.0,46.41667,0.00299913,0.02222282,0.000428
1115.0,46.45833,0.00297074,0.02201242,0.000424
1116.0,46.5,0.00294261,0.02180401,0.00042
1117.0,46.54167,0.00291475,0.02159758,0.000416
1118.0,46.58333,0.00288716,0.0213931,0.000412
1119.0,46.625,0.00285982,0.02119056,0.000409
1120.0,46.66667,0.00283275,0.02098993,0.000405
1121.0,46.70833,0.00280593,0.02079121,0.000401
1122.0,46.75,0.00277936,0.02059436,0.000397
1123.0,46.79167,0.00275305,0.02039938,0.000393
1124.0,46.83333,0.00272698,0.02020625,0.00039
1125.0,46.875,0.00270116,0.02001494,0.000386
1126.0,46.91667,0.00267559,0.01982545,0.000382
1127.0,46.95833,0.00265026,0.01963775,0.000379
1128.0,47.0,0.00262517,0.01945182,0.000375
1129.0,47.04167,0.00260031,0.01926766,0.000371
1130.0,47.08333,0.00257569,0.01908524,0.000368
1131.0,47.125,0.00255131,0.01890455,0.000364
1132.0,47.16667,0.00252715,0.01872556,0.000361
1133.0,47.20833,0.00250323,0.01854828,0.000358
1134.0,47.25,0.00247953,0.01837267,0.000354
1135.0,47.29167,0.00245605,0.01819872,0.000351
1136.0,47.33333,0.0024328,0.01802642,0.000348
1137.0,47.375,0.00240977,0.01785575,0.000344
1138.0,47.41667,0.00238695,0.0176867,0.000341
1139.0,47.45833,0.00236435,0.01751925,0.000338
1140.0,47.5,0.00234197,0.01735338,0.000335
1141.0,47.54167,0.00231979,0.01718909,0.000331
1142.0,47.58333,0.00229783,0.01702635,0.000328
1143.0,47.625,0.00227608,0.01686515,0.000325
1144.0,47.66667,0.00225453,0.01670547,0.000322
1145.0,47.70833,0.00223318,0.01654731,0.000319
1146.0,47.75,0.00221204,0.01639065,0.000316
1147.0,47.79167,0.0021911,0.01623547,0.000313
1148.0,47.83333,0.00217035,0.01608175,0.00031
1149.0,47.875,0.0021498,0.0159295,0.000307
1150.0,47.91667,0.00212945,0.01577868,0.000304
1151.0,47.95833,0.00210929,0.01562929,0.000301
1152.0,48.0,0.00208932,0.01548132,0.000298
1153.0,48.04167,0.00206954,0.01533475,0.000296
1154.0,48.08333,0.00204994,0.01518956,0.000293
1155.0,48.125,0.00203054,0.01504575,0.00029
1156.0,48.16667,0.00201131,0.01490331,0.000287
1157.0,48.20833,0.00199227,0.01476221,0.000285
1158.0,48.25,0.00197341,0.01462244,0.000282
1159.0,48.29167,0.00195472,0.014484,0.000279
1160.0,48.33333,0.00193622,0.01434687,0.000277
1161.0,48.375,0.00191789,0.01421104,0.000274
1162.0,48.41667,0.00189973,0.0140765,0.000271
1163.0,48.45833,0.00188174,0.01394322,0.000269
1164.0,48.5,0.00186393,0.01381121,0.000266
1165.0,48.54167,0.00184628,0.01368045,0.000264
1166.0,48.58333,0.0018288,0.01355093,0.000261
1167.0,48.625,0.00181148,0.01342264,0.000259
1168.0,48.66667,0.00179433,0.01329556,0.000256
1169.0,48.70833,0.00177735,0.01316968,0.000254
1170.0,48.75,0.00176052,0.01304499,0.000252
1171.0,48.79167,0.00174385,0.01292149,0.000249
1172.0,48.83333,0.00172734,0.01279915,0.000247
1173.0,48.875,0.00171099,0.01267797,0.000244
1174.0,48.91667,0.00169479,0.01255794,0.000242
1175.0,48.95833,0.00167874,0.01243905,0.00024
1176.0,49.0,0.00166285,0.01232128,0.000238
1177.0,49.04167,0.0016471,0.01220462,0.000235
1178.0,49.08333,0.00163151,0.01208907,0.000233
1179.0,49.125,0.00161606,0.01197462,0.000231
1180.0,49.16667,0.00160076,0.01186125,0.000229
1181.0,49.20833,0.00158561,0.01174895,0.000227
1182.0,49.25,0.0015706,0.01163771,0.000224
1183.0,49.29167,0.00155573,0.01152753,0.000222
1184.0,49.33333,0.001541,0.01141839,0.00022
1185.0,49.375,0.00152641,0.01131029,0.000218
1186.0,49.41667,0.00151196,0.0112032,0.000216
1187.0,49.45833,0.00149764,0.01109714,0.000214
1188.0,49.5,0.00148346,0.01099207,0.000212
1189.0,49.54167,0.00146942,0.010888,0.00021
1190.0,49.58333,0.0014555,0.01078492,0.000208
1191.0,49.625,0.00144172,0.01068281,0.000206
1192.0,49.66667,0.00142807,0.01058167,0.000204
1193.0,49.70833,0.00141455,0.01048149,0.000202
1194.0,49.75,0.00140116,0.01038225,0.0002
1195.0,49.79167,0.0013879,0.01028396,0.000198
1196.0,49.83333,0.00137476,0.01018659,0.000196
1197.0,49.875,0.00136174,0.01009015,0.000195
1198.0,49.91667,0.00134885,0.00999462,0.000193
1199.0,49.95833,0.00133608,0.00989999,0.000191
1200.0,50.0,0.00132343,0.00980626,0.000189
1201.0,50.04167,0.0013109,0.00971342,0.000187
1202.0,50.08333,0.00129849,0.00962145,0.000185
1203.0,50.125,0.00128619,0.00953036,0.000184
1204.0,50.16667,0.00127402,0.00944013,0.000182
1205.0,50.20833,0.00126195,0.00935076,0.00018
1206.0,50.25,0.00125001,0.00926223,0.000179
1207.0,50.29167,0.00123817,0.00917453,0.000177
1208.0,50.33333,0.00122645,0.00908767,0.000175
1209.0,50.375,0.00121484,0.00900163,0.000174
1210.0,50.41667,0.00120334,0.00891641,0.000172
1211.0,50.45833,0.00119194,0.00883199,0.00017
1212.0,50.5,0.00118066,0.00874837,0.000169
1213.0,50.54167,0.00116948,0.00866555,0.000167
1214.0,50.58333,0.00115841,0.0085835,0.000165
1215.0,50.625,0.00114744,0.00850224,0.000164
1216.0,50.66667,0.00113658,0.00842174,0.000162
1217.0,50.70833,0.00112582,0.00834201,0.000161
1218.0,50.75,0.00111516,0.00826303,0.000159
1219.0,50.79167,0.0011046,0.0081848,0.000158
1220.0,50.83333,0.00109414,0.00810731,0.000156
1221.0,50.875,0.00108378,0.00803055,0.000155
1222.0,50.91667,0.00107352,0.00795452,0.000153
1223.0,50.95833,0.00106336,0.00787921,0.000152
1224.0,51.0,0.00105329,0.00780461,0.00015
1225.0,51.04167,0.00104332,0.00773072,0.000149
1226.0,51.08333,0.00103344,0.00765753,0.000148
1227.0,51.125,0.00102366,0.00758503,0.000146
1228.0,51.16667,0.00101396,0.00751321,0.000145
1229.0,51.20833,0.00100436,0.00744208,0.000143
1230.0,51.25,0.00099486,0.00737162,0.000142
1231.0,51.29167,0.00098544,0.00730183,0.000141
1232.0,51.33333,0.00097611,0.0072327,0.000139
1233.0,51.375,0.00096686,0.00716422,0.000138
1234.0,51.41667,0.00095771,0.00709639,0.000137
1235.0,51.45833,0.00094864,0.00702921,0.000136
1236.0,51.5,0.00093966,0.00696266,0.000134
1237.0,51.54167,0.00093077,0.00689674,0.000133
1238.0,51.58333,0.00092195,0.00683144,0.000132
1239.0,51.625,0.00091322,0.00676676,0.00013
1240.0,51.66667,0.00090458,0.0067027,0.000129
1241.0,51.70833,0.00089601,0.00663924,0.000128
1242.0,51.75,0.00088753,0.00657638,0.000127
1243.0,51.79167,0.00087913,0.00651412,0.000126
1244.0,51.83333,0.00087081,0.00645244,0.000124
1245.0,51.875,0.00086256,0.00639135,0.000123
1246.0,51.91667,0.00085439,0.00633084,0.000122
1247.0,51.95833,0.00084631,0.0062709,0.000121
1248.0,52.0,0.00083829,0.00621153,0.00012
1249.0,52.04167,0.00083036,0.00615273,0.000119
1250.0,52.08333,0.00082249,0.00609447,0.000117
1251.0,52.125,0.00081471,0.00603677,0.000116
1252.0,52.16667,0.00080699,0.00597962,0.000115
1253.0,52.20833,0.00079935,0.00592301,0.000114
1254.0,52.25,0.00079179,0.00586693,0.000113
1255.0,52.29167,0.00078429,0.00581138,0.000112
1256.0,52.33333,0.00077686,0.00575636,0.000111
1257.0,52.375,0.00076951,0.00570186,0.00011
1258.0,52.41667,0.00076222,0.00564788,0.000109
1259.0,52.45833,0.00075501,0.00559441,0.000108
1260.0,52.5,0.00074786,0.00554144,0.000107
1261.0,52.54167,0.00074078,0.00548898,0.000106
1262.0,52.58333,0.00073376,0.00543701,0.000105
1263.0,52.625,0.00072682,0.00538553,0.000104
1264.0,52.66667,0.00071994,0.00533454,0.000103
1265.0,52.70833,0.00071312,0.00528404,0.000102
1266.0,52.75,0.00070637,0.00523401,0.000101
1267.0,52.79167,0.00069968,0.00518446,0.0001
1268.0,52.83333,0.00069306,0.00513537,9.9e-05
1269.0,52.875,0.0006865,0.00508675,9.8e-05
1270.0,52.91667,0.00068,0.00503859,9.7e-05
1271.0,52.95833,0.00067356,0.00499089,9.6e-05
1272.0,53.0,0.00066718,0.00494364,9.5e-05
1273.0,53.04167,0.00066086,0.00489683,9.4e-05
1274.0,53.08333,0.00065461,0.00485047,9.4e-05
1275.0,53.125,0.00064841,0.00480455,9.3e-05
1276.0,53.16667,0.00064227,0.00475906,9.2e-05
1277.0,53.20833,0.00063619,0.004714,9.1e-05
1278.0,53.25,0.00063017,0.00466937,9e-05
1279.0,53.29167,0.0006242,0.00462516,8.9e-05
1280.0,53.33333,0.00061829,0.00458137,8.8e-05
1281.0,53.375,0.00061244,0.004538,8.7e-05
1282.0,53.41667,0.00060664,0.00449504,8.7e-05
1283.0,53.45833,0.00060089,0.00445248,8.6e-05
1284.0,53.5,0.00059521,0.00441032,8.5e-05
1285.0,53.54167,0.00058957,0.00436857,8.4e-05
1286.0,53.58333,0.00058399,0.00432721,8.3e-05
1287.0,53.625,0.00057846,0.00428624,8.3e-05
1288.0,53.66667,0.00057298,0.00424566,8.2e-05
1289.0,53.70833,0.00056756,0.00420546,8.1e-05
1290.0,53.75,0.00056218,0.00416565,8e-05
1291.0,53.79167,0.00055686,0.00412621,8e-05
1292.0,53.83333,0.00055159,0.00408714,7.9e-05
1293.0,53.875,0.00054637,0.00404845,7.8e-05
1294.0,53.91667,0.00054119,0.00401012,7.7e-05
1295.0,53.95833,0.00053607,0.00397215,7.7e-05
1296.0,54.0,0.000531,0.00393454,7.6e-05
1297.0,54.04167,0.00052597,0.00389729,7.5e-05
1298.0,54.08333,0.00052099,0.00386039,7.4e-05
1299.0,54.125,0.00051606,0.00382384,7.4e-05
1300.0,54.16667,0.00051117,0.00378764,7.3e-05
1301.0,54.20833,0.00050633,0.00375178,7.2e-05
1302.0,54.25,0.00050154,0.00371626,7.2e-05
1303.0,54.29167,0.00049679,0.00368108,7.1e-05
1304.0,54.33333,0.00049209,0.00364623,7e-05
1305.0,54.375,0.00048743,0.0036117,7e-05
1306.0,54.41667,0.00048281,0.00357751,6.9e-05
1307.0,54.45833,0.00047824,0.00354364,6.8e-05
1308.0,54.5,0.00047371,0.00351009,6.8e-05
1309.0,54.54167,0.00046923,0.00347686,6.7e-05
1310.0,54.58333,0.00046479,0.00344394,6.6e-05
1311.0,54.625,0.00046038,0.00341133,6.6e-05
1312.0,54.66667,0.00045603,0.00337904,6.5e-05
1313.0,54.70833,0.00045171,0.00334704,6.5e-05
1314.0,54.75,0.00044743,0.00331536,6.4e-05
1315.0,54.79167,0.0004432,0.00328397,6.3e-05
1316.0,54.83333,0.000439,0.00325288,6.3e-05
1317.0,54.875,0.00043484,0.00322208,6.2e-05
1318.0,54.91667,0.00043073,0.00319157,6.2e-05
1319.0,54.95833,0.00042665,0.00316136,6.1e-05
1320.0,55.0,0.00042261,0.00313142,6e-05
1321.0,55.04167,0.00041861,0.00310178,6e-05
1322.0,55.08333,0.00041464,0.00307241,5.9e-05
1323.0,55.125,0.00041072,0.00304332,5.9e-05
1324.0,55.16667,0.00040683,0.00301451,5.8e-05
1325.0,55.20833,0.00040298,0.00298597,5.8e-05
1326.0,55.25,0.00039916,0.0029577,5.7e-05
1327.0,55.29167,0.00039538,0.0029297,5.6e-05
1328.0,55.33333,0.00039164,0.00290196,5.6e-05
1329.0,55.375,0.00038793,0.00287448,5.5e-05
1330.0,55.41667,0.00038426,0.00284727,5.5e-05
1331.0,55.45833,0.00038062,0.00282031,5.4e-05
1332.0,55.5,0.00037702,0.00279361,5.4e-05
1333.0,55.54167,0.00037345,0.00276716,5.3e-05
1334.0,55.58333,0.00036991,0.00274096,5.3e-05
1335.0,55.625,0.00036641,0.00271501,5.2e-05
1336.0,55.66667,0.00036294,0.00268931,5.2e-05
1337.0,55.70833,0.00035951,0.00266385,5.1e-05
1338.0,55.75,0.0003561,0.00263863,5.1e-05
1339.0,55.79167,0.00035273,0.00261364,5e-05
1340.0,55.83333,0.00034939,0.0025889,5e-05
1341.0,55.875,0.00034608,0.00256439,4.9e-05
1342.0,55.91667,0.00034281,0.00254011,4.9e-05
1343.0,55.95833,0.00033956,0.00251606,4.9e-05
1344.0,56.0,0.00033956,0.00251606,4.9e-05
1344.0,56.0,10.00033956,0.00251606,1.42862
