Ka_per_h,Dose_number,Dose_day,C_max_ug_per_L,T_max_h_post_dose,AUC_this_interval_ug_h_per_L,C_min_trough_ug_per_L,Cumulative_AUC_ug_h_per_L,D_end_of_interval_ug
0.15,1,0.0,0.32346,4.567,17.70856,0.00124,17.70856,0.0
0.15,2,21.0,0.32466,4.567,17.9659,5e-05,35.67446,0.0
0.15,3,56.0,0.32351,4.567,17.8183,0.00025,53.49275,0.0
0.2,1,0.0,0.38352,3.919,17.7048,0.00122,17.7048,0.0
0.2,2,21.0,0.38471,3.917,17.95786,5e-05,35.66266,0.0
0.2,3,56.0,0.38357,3.919,17.81272,0.00025,53.47537,0.0
0.25,1,0.0,0.43429,3.48,17.70014,0.00121,17.70014,0.0
0.25,2,21.0,0.43548,3.48,17.95071,5e-05,35.65085,0.0
0.25,3,56.0,0.43434,3.48,17.807,0.00024,53.45785,0.0
