" Phase","Step","Script","Status","Critical_Issue_Found_And_Fixed","Verified_By_Independent_Recomputation","Manual_Gate_Required","Key_Result","Latest_Output"
"Phase I","PHASE SUMMARY","","COMPLETE — 14 recorded steps","Historical defects and corrections are identified in the step rows.","Step checks are documented in the 2026-08-31 source report; source and output paths were checked for this update.","Completed where recorded, including Phase 1E-b web submissions.","Final construct Vax_Final_4fce119e: 570 aa and 31 epitopes (10 MHC-I, 11 MHC-II, 10 B-cell).","Step_Outputs/Phase1/"
"Phase I","A - Sequence Retrieval","Phase 1/STEP A/Phase1A_sequenceRetrival.py","COMPLETE","Original run picked proteins by NAME with no identity check; 12 of 32 building blocks were the WRONG protein (2 of 3 mpox targets wrong; 4 HIV targets were really 2 proteins counted twice).","Recorded in 2026-08-31 report: Yes -- every one of 194 sequences identity-checked against a UniProt reference before use.","No","194 sequences. gp120/gp41 and p17/p24 now share ZERO sequences (old bug measurably gone). Mpox 23/21/30 (A35R/L1R/B5R) -- true diversity ceilings in NCBI, not a shortfall.","Step_Outputs/Phase1/Phase1A/"
"Phase I","B - Stability Testing","Phase 1/STEP B/Phase1B_stabilityTesting.py","COMPLETE","None new this rebuild -- carried the 1A fix forward and confirmed it held.","Recorded in 2026-08-31 report: Yes -- 194/194 carried, 0 dropped for bad residues, proving the 1A identity gate held (old run dropped 35 here).","No","194/194 retained. Instability remains advisory only (deviation #2), never an exclusion filter.","Step_Outputs/Phase1/Phase1B/Filtered_Stability/"
"Phase I","C - Antigenicity Screening","Phase 1/STEP C/Phase1C_antigenicity.py","COMPLETE","Classifier was discarding 27 of 30 HIV_p17 variants on a measured LENGTH BIAS, not biology.","Recorded in 2026-08-31 report: Yes -- length bias measured directly; EXCLUDE_ON_DISAGREEMENT=False set as a result.","No","194/194 retained after the fix. 167 agree between the two methods, 27 disagree (old paper's '167/167, zero disagreements' was an artifact of scoring wrong-sized proteins).","Step_Outputs/Phase1/Phase1C/Filtered_Antigenicity/"
"Phase I","Da - Epitope Window Generation","Phase 1/STEP D/Phase1Da_identification.py","COMPLETE","None recorded this rebuild.","Recorded in 2026-08-31 report: Yes -- independently recounted.","No","209,268 candidate epitope windows generated across MHC-I/MHC-II/B-cell classes.","Step_Outputs/Phase1/Phase1D/Phase1Da/"
"Phase I","Db - IEDB Binding/Immunogenicity Benchmarks","Phase 1/STEP D/Phase1Db_filtration.py","COMPLETE -- re-run","First run silently lost 6 of 776 IEDB API responses (no error raised).","Recorded in 2026-08-31 report: Yes -- found by name-matching, re-run cache-warm, 0 errors on re-run.","No","30,268 candidates survive (up from 29,926 pre-fix; +342 concentrated exactly where the 6 failures were). MHC-I 3,849 / MHC-II 11,823 / B-cell 14,596.","Step_Outputs/Phase1/Phase1D/Phase1Db/"
"Phase I","Dc - Conservancy Benchmarking","Phase 1/STEP D/Phase1Dc_benchmark.py","COMPLETE -- re-run in correct order","CRITICAL ORDERING BUG: originally run before 1Dd/1De, which silently dropped their columns with NO ERROR (Phase 1G reads missing columns as blank via .get(col,'')).","Recorded in 2026-08-31 report: Yes -- all 30,268 rows re-scored independently outside the script: 0 conservancy value mismatches, 0 Hit_Ratio mismatches, 0 peptides absent from their own source variant.","No","1,972 / 1,238 / 246 epitopes at Min_20pct / Min_50pct / Min_100pct tiers. ZERO HIV peptides reach 100% conservancy (not 1 of 28,157). Mpox is near-invariant (up to 100%), HIV is genuinely diverse.","Step_Outputs/Phase1/Phase1D/Phase1Dc/Filtered_Benchmarks/"
"Phase I","Dd - BigMHC Immunogenicity Priority","Phase 1/STEP D/Phase1Dd_immunogenicity.py","COMPLETE","None recorded this rebuild (must run BEFORE 1Dc, see above).","Recorded in 2026-08-31 report: Yes.","No","Immunogenicity_Priority and BigMHC_IM_Score columns added to the shared candidate pool.","Step_Outputs/Phase1/Phase1D/Phase1Dd/"
"Phase I","De - SEMA-3D Structural B-cell Corroboration","Phase 1/STEP D/Phase1De_conformational.py","COMPLETE","None recorded this rebuild; --write-back now used (old 'never write back' guardrail protected the superseded construct and has expired).","Recorded in 2026-08-31 report: Yes.","No (AlphaFold Server submission for the 7 source proteins was a separate, earlier manual gate, already closed before this session)","All 7 protein 3D models made and SEMA-3D scored/cached. Structural B-cell corroboration covers only 8.3% of the candidate pool, almost entirely Mpox.","Step_Outputs/Phase1/Phase1D/Phase1De/"
"Phase I","Ea - Toxicity Screening","Phase 1/STEP E/Phase1Ea_toxicity.py","COMPLETE","ToxinPred2 crashed (NameError in an empty-BLAST branch; pandas-3 incompatibility). Fixed with a dedicated toxtools_env (pandas 1.5.3) -- the phase2 env cannot run it.","Recorded in 2026-08-31 report: Yes -- all 32 hemolysis exclusions individually checked against the paper's conjunctive rule (HemoPI2>=0.50 AND hydrophobic fraction>0.60): 0 violations of the rule found.","No","1,238 in -> 1,203 non-toxic + 35 toxic. 772 peptides with ToxinPred ML score>=0.6 correctly RETAINED (no real toxin evidence) -- proves deviation #1's evidence-based rule is working, not decorative.","Step_Outputs/Phase1/Phase1E/Phase1Ea/Prioritized/"
"Phase I","Eb - Allergenicity Screening","Phase 1/STEP E/Phase1Eb_allergenicity.py","COMPLETE","Manual web-gate emission was incomplete (no paste-ready file, no length-split AllergenFP file, no provenance map) -- fixed. AllerTOP is a k-NN method; reimplemented from its own published training set and validated at 96.7% agreement with the live server under a pre-registered, hash-verified blind test.","Recorded in 2026-08-31 report: Yes -- all 184 verdicts independently re-derived from the raw manual-tool answers outside the script: 0 mismatches.","Yes -- 184 AllerTOP + 57 AllergenFP web submissions, done by the user via generated worklists.","184 in -> 108 survive, 76 excluded (57 by AllerTOP alone, 15 by tool consensus, 4 by QN_Ratio). Allergen-homology screen: 0/184 hits against a 2,769-record merged reference.","Step_Outputs/Phase1/Phase1E/Phase1Eb/Filtered/"
"Phase I","Ec - Human Self-Homology Screening","Phase 1/STEP E/Phase1Ec_selfHomology.py","COMPLETE","Published BLASTP rule (70% id/70% cov/E<=1e-5) is BLIND at 9-16aa -- proven with 20 verbatim human self-fragments, 0/20 detected at default settings. Added an exact 8-mer contiguous-identity screen (same technique as the allergen screen), calibrated against scrambled controls (real 24.1% vs scrambled 25.2% ruled out loosening BLAST thresholds; w=8 exact match separates real from scrambled ~3x).","Recorded in 2026-08-31 report: Yes -- all 108 Layer-2 exact-match verdicts independently re-derived outside the script: 0 mismatches.","No","108 in -> 105 survive, 3 excluded (all HIV_p24, sharing the identical 8-mer 'PFRDYVDR' with human Copine-5/Copine-9 -- one region, sampled 3x). Layer 1 (BLASTP, published) excluded 0, as predicted -- a real length limitation, not a clean pass.","Step_Outputs/Phase1/Phase1E/Phase1Ec/Filtered/"
"Phase I","F - Population Coverage","Phase 1/STEP F/Phase1F_coverage.py","COMPLETE -- re-run after a critical silent-failure fix","MHCnuggets crashed on EVERY MHC-II allele (Keras 3 removed the 'lr' Adam argument) -- caught as a per-allele warning and SILENTLY CONTINUED, producing a complete, well-formed, entirely wrong result (MHC-II coverage = 0.0% for all 29 peptides, printed as [SUCCESS]).","Recorded in 2026-08-31 report: Yes -- re-run confirmed 32 of 33 MHC-II alleles now contribute; before/after compared directly.","No","105 in -> 105 out (this step prioritizes, never excludes). MHC-I >=90% coverage: 5/37. MHC-II >=90% coverage: 8/29 (was 0/29 before the fix).","Step_Outputs/Phase1/Phase1F/Filtered/"
"Phase I","G - Chimeric Construct Assembly","Phase 1/STEP G/Phase1G_construction.py","COMPLETE -- rebuilt once after a user decision","Cross-class selection tie-break gave MHC-I priority by ACCIDENT OF CODE ORDER whenever two classes claimed the same region -- cost HIV_gp41 all 6 of its B-cell (antibody-target) candidates. Changed the tie-break (B-cell/MHC-II now outrank MHC-I on a clash) per user decision and rebuilt.","Recorded in 2026-08-31 report: Yes -- both the pre- and post-fix constructs independently re-derived from their own Boundary_Map/Epitope_Provenance outside the script; the gp41 fix confirmed to work (0->1 B-cell epitope) with every physicochemical check holding or improving.","No","FINAL: Vax_Final_4fce119e, 570 aa, 31 epitopes (MHC-I 10 / MHC-II 11 / B-cell 10). 0 bad hydrophobic windows, 0 spurious linker motifs, 0 junction-Cys violations (post-fix). All 7 antigens represented; only HIV_p17 MHC-II remains unrepresented (hard data limit -- only 1 candidate ever existed, overlapping its 1 B-cell candidate).","Step_Outputs/Phase1/Phase1G/"
"Phase I","H - IEDB Experimental Corroboration","Phase 1/STEP H/Phase1H_iedbValidation.py","COMPLETE -- re-run after an IPv6/NAT64 fix","Appeared hung for 20+ minutes at 0% CPU -- diagnosed as an IPv6 (NAT64) route to query-api.iedb.org that never completes its handshake, paying the full ~60s fallback delay on every one of 18 Vaccinia pages. Forced IPv4 for this module's requests; re-run completed in 2m19s (from 60.7s/request to 0.6s/request, measured).","Recorded in 2026-08-31 report: Yes -- report row count (31, matching the OLD construct) then re-verified again after the 1G rebuild (31, matching the NEW construct exactly, same peptide sets).","No -- annotates only, never re-selects.","15 of 31 final-construct epitopes EXPERIMENTALLY CONFIRMED in IEDB (exact match or contained-in-curated, with real assay evidence). 13/31 overlap a curated epitope. 3/31 novel -- all HIV; ZERO mpox epitopes uncorroborated (mpox corroboration is almost entirely cross-species via 17,875 Vaccinia-virus records vs only 15 true Monkeypox-virus ones).","Step_Outputs/Phase1/Phase1H/"
"Phase II","PHASE SUMMARY","","COMPLETE — 4 recorded steps; REVIEW verdicts retained","Step-level fixes are recorded below; REVIEW flags are reported as results, not erased.","Step checks are documented in the 2026-08-31 source report; source and output paths were checked for this update.","Completed where recorded, including external structure and screening tools.","Whole-construct screening and structural analyses saved; only residues 1–45 are a supported docking-domain model.","Step_Outputs/Phase2/"
"Phase II","A - Secondary Screening (Toxicity/Allergenicity/Solubility, whole construct)","Phase 2/STEP A/Phase2A_secondaryScreening.py","COMPLETE -- verdict REVIEW","Script defaulted to the WRONG ToxinPred2 environment (deliberately-broken phase2 copy). Separately, a genuine upstream ToxinPred2 bug crashed on a batch of exactly ONE sequence (np.loadtxt returns 1D for a single row; the ONNX model needs 2D) -- confirmed by a controlled 1-vs-2-sequence test, patched with np.atleast_2d in both envs.","Recorded in 2026-08-31 report: Yes -- junction-Cys pre-check (31/3,990 windows) reconciled exactly to 3 adjuvant-exempt junctions + 0 genuine violations; toxicity/hemolysis re-confirmed against the paper's conjunctive rules.","Yes -- AllerTOP, AllergenFP, DeepSol, CamSol (Intrinsic), one sequence each (the whole construct).","AllerTOP=NON-ALLERGEN, AllergenFP=NON-ALLERGEN (BOTH AGREE -- the definitive construct-level allergenicity call deviation #27 was designed to produce). DeepSol 0.487 is the SOLE failing criterion (documented deviation #15) -> REVIEW, not REJECT. Everything else clean.","Step_Outputs/Phase2/StepA/Filtered/"
"Phase II","B - Secondary + Tertiary Structure Prediction","Phase 2/STEP B/Phase2B_secondaryAndTertiary.py","COMPLETE","NetSurfP-3.0's live download format did not match the parser (no header row, tab- not comma-delimited, no discrete SS letter column, only raw probabilities; a citation line's own commas crashed a naive CSV read). Rewrote the parser to derive the class via argmax(P_helix,P_strand,P_coil), verified: 570/570 residues parsed, exact match to a standalone prototype.","Recorded in 2026-08-31 report: Yes -- PsiPred fractions independently re-derived from the raw .ss2 outside the script: exact match (26.14/14.56/59.30%).","Yes -- AlphaFold Server (vaccine monomer), PsiPred, NetSurfP-3.0.","Only the adjuvant domain (residues 1-45) has a determined fold: mean pLDDT 92.0, 100% >=70. Whole-model pTM=0.17 (global fold undetermined) -- expected, since the rest is 32 unrelated epitopes on synthetic linkers, not a folded domain. PsiPred and NetSurfP-3.0 (independently built) agree within 2.45 points on secondary structure.","Step_Outputs/Phase2/StepB/"
"Phase II","C - 3D Structural Solubility & Aggregation","Phase 2/STEP C/Phase2C_solubilityAnalysis.py","COMPLETE -- verdict REVIEW","Manual-entry format error (residue ranges must be JSON [start,end] integer lists, not 'start-end' strings) -- caught immediately by the script's own validation, fixed.","Recorded in 2026-08-31 report: Yes -- REJECT was proven mathematically unreachable from the real pLDDT data BEFORE DeepSol's result arrived (Aggrescan3D's 19aa patch sits at only 30.0 mean pLDDT, needs >=70), then confirmed exactly once DeepSol landed.","Yes -- CamSol (Structural), DeepSol (again, whole construct); Aggrescan3D run locally (not manual -- local standalone install).","Status REVIEW, 0 reject reasons. 3 flags (DeepSol<0.50, hydrophobic fraction 0.335>0.25, exposed hydrophobic area 647A^2>250) all trace to ONE already-disclosed cause: the construct's undetermined fold outside the adjuvant leaves more hydrophobic surface exposed than a folded protein would. Both aggregation patches (19aa, 7aa) fall inside real epitopes, not linkers, and neither meets the length+confidence bar to matter.","Step_Outputs/Phase2/StepC/Step2C_Solubility_Report_20260831_2152.csv"
"Phase II","D - Stereochemical Model Validation","Phase 2/STEP D/Phase2D_modelValidation.py","COMPLETE -- verdict REVIEW","None -- fully automated (phenix.molprobity local run), 8 seconds.","Recorded in 2026-08-31 report: Yes -- all 6 parsed values cross-checked against the raw MolProbity report text directly: exact match, 0 discrepancies.","No","MolProbity score 1.29 (EXCELLENT, target 0.5-1.5) and Ramachandran favored 95.95% (MEETS the 95-98% target) -- both of the paper's own stated criteria pass cleanly. REVIEW only from one secondary, non-methodology-specified flag (Rama outliers 1.41% vs a 0.5% community default). Docking_Readiness reproduces Step 2B exactly: DOMAIN_ONLY, residues 1-45.","Step_Outputs/Phase2/StepD/Step2D_Validation_Report_20260831_2155.csv"
"Phase III","PHASE SUMMARY","","PARTIAL — preparation only in saved pipeline","The manuscript reports later docking/MD/immune-simulation results, but their raw-run provenance has not been established in this repository.","Step A report and three prepared PDB outputs inspected; no downstream raw run authenticated in this status update.","Yes — obtain and validate raw runs before reporting any later Phase III result.","Prepared TLR2, TLR4/MD-2, and 45-residue vaccine adjuvant structures exist. The revised III.A–D delivery methods have no saved pipeline outputs.","Step_Outputs/Phase3/StepA/"
"Phase III","A (existing code) - Receptor and Ligand Preparation","Phase 3/STEP A/Phase3A_receptorPrep.py","COMPLETE — preparation only","No docking or dynamics result is produced by this step.","The 3-row saved report lists OK for TLR2, TLR4, and the vaccine ligand; all three PDB paths exist.","No for the saved preparation; later modeling needs its own input-identity review.","TLR2 6NIG and TLR4 8WTA receptor files plus the 45-residue adjuvant-domain ligand were saved.","Step_Outputs/Phase3/StepA/Step3A_ReceptorPrep_Report_20260831_2200.csv"
"Phase III","Later old-scheme docking, molecular dynamics, and C-ImmSim","","UNVERIFIED — raw runs not established in repository","The manuscript contains these claims; a prepared receptor/ligand file alone does not verify them.","No raw HDOCK/GROMACS/C-ImmSim run was authenticated by the Phase IV handoff; absence from this repository does not prove the work never occurred elsewhere.","Yes — locate input identities, parameters, trajectories, scores, and source figures before use.","No confirmed downstream Phase III result can be entered as a completed pipeline output.","None verified"
"Phase III","Revised III.A - LNP Formulation and In Silico Characterization","","NOT IMPLEMENTED IN SAVED PIPELINE","No executable step or saved result found for this revised-methodology section.","No independent result to recompute.","Yes — formulation inputs and model runs would be needed.","Method described in the revised methodology; no LNP parameter-derivation output established.","None"
"Phase III","Revised III.B - Biodistribution Modeling","","NOT IMPLEMENTED IN SAVED PIPELINE","No executable step or saved result found for this revised-methodology section.","No independent result to recompute.","Yes — model inputs and run evidence would be needed.","No three-organ biodistribution output established.","None"
"Phase III","Revised III.C - Serum Stability and mRNA Degradation","","NOT IMPLEMENTED IN SAVED PIPELINE","No executable step or saved result found for this revised-methodology section.","No independent result to recompute.","Yes — model inputs and run evidence would be needed.","The 80–90% bioavailability range later used in Phase V is a stated methodology input, not a Phase III derived result.","None"
"Phase III","Revised III.D - Cellular Uptake and Innate Activation","","NOT IMPLEMENTED IN SAVED PIPELINE","No executable step or saved result found for this revised-methodology section.","No independent result to recompute.","Yes — model inputs and run evidence would be needed.","No cellular uptake or innate-activation output established.","None"
"Phase IV","PHASE SUMMARY","","COMPLETE — Phase I/II-only branch, Steps A–G","The executed analysis follows the saved Phase IV pipeline; it contains no Phase III or docking input.","Saved Step A–F tables, 31-row final dossier, and 155-entry ledger were reconciled in the 2026-09-24 QA report; remote predictors were not rerun.","No outstanding manual gate for this completed branch.","Final dossier: 31 epitopes and 153 columns; comparison pool: 105 candidates. These are computational predictions, not experimental immune-response observations.","Step_Outputs/Phase4/StepG/Phase4G_Immunogenicity_Dossier_20260921_2022.csv"
"Phase IV","A - Final Epitope Dossier","Phase 4/STEP A/Phase4A_epitopeDossier.py","COMPLETE","Corrected the methodology label that confused 194 source proteins with the 31 final epitopes.","31-row saved dossier and construct mapping were checked in the Phase IV QA.","No","The frozen 570-aa construct supplies 10 MHC-I, 11 MHC-II, and 10 B-cell epitopes.","Step_Outputs/Phase4/StepA/Phase4A_EpitopeDossier_20260920_1855.csv"
"Phase IV","B - MHC Binding Affinity","Phase 4/STEP B/Phase4B_bindingAffinity.py","COMPLETE","An unlabeled IEDB consensus value was initially mistaken for nM IC50; the corrected analysis reads only labeled nM columns.","105-row saved candidate table checked; remote IEDB predictions were not rerun for this status update.","No","The 105-candidate comparison pool contains 37 MHC-I, 29 MHC-II, and 39 B-cell candidates; class-specific MHC predictions are recorded for the relevant peptides.","Step_Outputs/Phase4/StepB/Phase4B_BindingAffinity_20260920_1954.csv"
"Phase IV","C - TCR Recognition and Cross-Reactivity","Phase 4/STEP C/Phase4C_tcrRecognition.py","COMPLETE","The unavailable IEDB immunogenicity endpoint and unsuitable named TCR-contact methods were replaced by the documented scoring ladder.","10 MHC-I recognition rows, 31 cross-reactivity rows, and direction checks saved; no experimental TCR assay performed.","No","Best-allele BigMHC-IM reaches the 0.5 project convention in 3/10 selected MHC-I peptides; 0/10 reaches the separate 0.70 strict stratum.","Step_Outputs/Phase4/StepC/Phase4C_TCRRecognition_MHCI_20260921_1949.csv"
"Phase IV","D - Processing and Junction Windows","Phase 4/STEP D/Phase4D_processing.py","COMPLETE — predictions; no design verdict","Processing-score direction and seam-window definitions were checked; intermediate design interpretations were superseded by Step E calibration.","31-row processing table and junction-window tables saved; summary reconciled in Phase IV QA.","No","All 10 selected MHC-I peptides meet the pipeline predicted C-terminal processing rule; five have a stronger predicted internal cleavage site.","Step_Outputs/Phase4/StepD/Phase4D_EpitopeProcessing_20260921_1949.csv"
"Phase IV","E - Population Coverage and Junction Calibration","Phase 4/STEP E/Phase4E_populationCoverage.py","COMPLETE","The original maximum-over-many-windows contested definition was a specification flaw; corrected margin and frequency-weighted analysis replaced it.","Coverage gaps and seam counts were checked against saved Step B–E tables in Phase IV QA.","No","A*11:01 and A*33:03 have no binding final-construct MHC-I epitope under either saved predictor; 28 class-I epitope–allele pairs are contested at the 5× margin.","Step_Outputs/Phase4/StepE/Phase4E_ConstructCoverage_20260921_1949.csv"
"Phase IV","F - B-cell Corroboration and Conservancy","Phase 4/STEP F/Phase4F_bcellAndConservancy.py","COMPLETE","No new predictor run; stored B-cell and conservancy fields were recomputed as regression checks.","Seven antigen mean conservancy values match at reported precision and all 31 selected-peptide regression flags are YES in the saved QA.","No","10 selected B-cell epitopes: 1 High, 6 Medium, 3 Deprioritized tiers; all 10 saved SEMA-3D corroboration calls are NO.","Step_Outputs/Phase4/StepF/Phase4F_BcellDossier_20260921_1949.csv"
"Phase IV","G - Integrated Report and Numbers Ledger","Phase 4/STEP G/Phase4G_integratedReport.py","COMPLETE — saved data and consolidated narrative","The Step G report prose was superseded by the consolidated detailed-results document; the saved numeric dossier remains the current table.","31-row, 153-column dossier and 155-entry source ledger checked; source fields are pointers to saved files, not independent proof of every value.","No","Current narrative: ../Archive/Important Docs/Published/PHASE_IV_RESULTS_DETAILED.md. Final CSV contains 31 epitope rows.","Step_Outputs/Phase4/StepG/Phase4G_NumbersLedger_20260921_2022.csv"
"Phase V","PHASE SUMMARY","","PARTIAL — modeled Steps A–D; Step E absent","The revised methodology contains Step E dose-response and safety claims, but this repository has no Phase 5E executable or output.","A–D saved tables and method notes inspected for this update; no independent end-to-end rerun or experimental validation performed.","No recorded manual gate for A–D; Step E needs defensible input evidence before research claims.","A–D are model outputs. They do not establish vaccine efficacy, clinical PK, or an experimentally measured immune response.","Step_Outputs/Phase5/"
"Phase V","A - Dose Calculation and Translation Efficiency","Phase 5/STEP A/Phase5A_doseCalculation.py","COMPLETE — model calculation","Bioavailability was changed from a fixed 0.80 example to the stated 0.80–0.90 sweep.","Saved midpoint and 6,561-row grid were inspected; independent rerun not performed in this update.","No","Midpoint dose 1.562–3.125 µg; swept grid 0.694–6.25 µg. The proposed 10 µg dose is 4.628× the grid median.","Step_Outputs/Phase5/StepA/Phase5A_Summary_20260922_1737.csv"
"Phase V","B - Two-Compartment Pharmacokinetics","Phase 5/STEP B/Phase5B_compartmentalPK.py","COMPLETE — model calculation","Corrected the methodology’s 8.7 h micro-constant being called the terminal half-life.","Saved summary reports empirical terminal slope matching the analytic beta; independent rerun not performed in this update.","No","Model distribution half-life 1.6484 h and terminal half-life 72.8649 h; 8.6643 h is ln(2)/k_elim, not terminal half-life.","Step_Outputs/Phase5/StepB/Phase5B_Summary_20260922_1928.csv"
"Phase V","C - Multi-Dose Schedule and IM Depot","Phase 5/STEP C/Phase5C_multiDose.py","COMPLETE — model simulation","The revised IM-depot run adds absorption delay; the methodology’s decreasing-below-dose-1 Cmax table is incompatible with the stated linear model.","Saved primary ka=0.2/h dose metrics and sensitivity runs were inspected; independent rerun not performed in this update.","No","Primary IM-depot model: Cmax 0.38352, 0.38471, and 0.38357 µg/L after doses at days 0, 21, and 56; cumulative AUC 53.47537 µg·h/L.","Step_Outputs/Phase5/StepC/Phase5C_DoseMetrics_IMdepot_20260922_2101.csv"
"Phase V","D - Immune-Response Kinetics","Phase 5/STEP D/Phase5D_immuneKinetics.py","COMPLETE — model simulation","The saved method notes resolve the unspecified Treg trajectory and GC/B-cell coupling; the response state is in arbitrary units.","54-row scenario summary, 1,086-row time course, and 26-entry ledger inspected; independent rerun not performed in this update.","No","54 scenarios simulated. In the per-pathogen scenario, modeled Mpox T-effector peak is 0.381668 versus HIV 0.458482 arbitrary units (83.25%).","Step_Outputs/Phase5/StepD/Phase5D_Summary_20260922_2102.csv"
"Phase V","E - Dose Response and Safety Margins","","NOT IMPLEMENTED IN SAVED PIPELINE","No Phase 5E script or output exists; the methodology’s efficacy and MTD figures are not computed results from this pipeline.","No output to recompute.","Yes — exposure-response and safety inputs require traceable evidence.","Do not report the methodology’s projected protection percentages or safety margin as observed or pipeline-derived results.","None"
"Phase VI","PHASE SUMMARY","","ROADMAP ONLY","The revised methodology lists validation experiments; no Phase 6 code or wet-lab evidence exists in this repository.","Methodology table and Research phase directories checked; no experimental output to recompute.","Yes — experiments and protocol-level records are needed.","Proposed validation: PK sampling, uptake imaging/flow cytometry, ELISPOT/ELISA, pMHC stability tests, and dose-titration studies.","None"
"Phase VI","Integration - In Silico to Wet-Lab Validation Roadmap","","PLANNED — no experimental validation","No executed pipeline step or measured validation dataset found.","No wet-lab observations to verify.","Yes — wet-lab execution and results.","The methodology maps computational outputs to five proposed validation experiment types; it does not provide their results.","None"
