mhc,pep,tgt
HLA-B*07:02,APGSPTNLEF,0
HLA-B*07:05,APGSPTNLEF,0
HLA-B*15:02,APGSPTNLEF,0
HLA-B*15:13,APGSPTNLEF,0
HLA-B*35:01,APGSPTNLEF,0
HLA-B*35:02,APGSPTNLEF,0
HLA-B*35:03,APGSPTNLEF,0
HLA-B*35:05,APGSPTNLEF,0
HLA-B*35:17,APGSPTNLEF,0
HLA-B*42:02,APGSPTNLEF,0
HLA-B*51:06,APGSPTNLEF,0
HLA-B*56:02,APGSPTNLEF,0
HLA-B*56:04,APGSPTNLEF,0
HLA-C*04:01,APGSPTNLEF,0
HLA-A*26:01,GPKEPFRDY,0
HLA-B*07:02,GPKEPFRDY,0
HLA-B*07:05,GPKEPFRDY,0
HLA-B*15:02,GPKEPFRDY,0
HLA-B*15:13,GPKEPFRDY,0
HLA-B*15:21,GPKEPFRDY,0
HLA-B*18:03,GPKEPFRDY,0
HLA-B*35:01,GPKEPFRDY,0
HLA-B*35:05,GPKEPFRDY,0
HLA-B*35:17,GPKEPFRDY,0
HLA-B*42:02,GPKEPFRDY,0
HLA-B*55:01,GPKEPFRDY,0
HLA-B*56:02,GPKEPFRDY,0
HLA-B*56:04,GPKEPFRDY,0
HLA-C*07:01,GPKEPFRDY,0
HLA-C*12:02,GPKEPFRDY,0
HLA-B*15:21,HHFNCRGEF,0
HLA-B*38:02,HHFNCRGEF,0
HLA-B*39:15,HHFNCRGEF,0
HLA-C*07:01,HHFNCRGEF,0
HLA-C*07:03,HHFNCRGEF,0
HLA-A*24:02,HWTTYMDTF,0
HLA-A*24:06,HWTTYMDTF,0
HLA-A*24:07,HWTTYMDTF,0
HLA-A*24:08,HWTTYMDTF,0
HLA-A*24:10,HWTTYMDTF,0
HLA-C*14:02,HWTTYMDTF,0
HLA-B*42:02,NKRKRVIGL,0
HLA-C*06:02,NKRKRVIGL,0
HLA-A*01:01,QTSVFSATVY,0
HLA-A*26:01,QTSVFSATVY,0
HLA-B*15:02,QTSVFSATVY,0
HLA-A*24:02,RFALNPGLL,0
HLA-A*24:06,RFALNPGLL,0
HLA-A*24:07,RFALNPGLL,0
HLA-A*24:08,RFALNPGLL,0
HLA-A*24:10,RFALNPGLL,0
HLA-C*14:02,RFALNPGLL,0
HLA-B*40:01,SEGATPQDL,0
HLA-B*40:02,SEGATPQDL,0
HLA-B*40:06,SEGATPQDL,0
HLA-B*40:10,SEGATPQDL,0
HLA-B*44:03,SEGATPQDL,0
HLA-A*02:01,TMGAASITL,0
HLA-A*02:07,TMGAASITL,0
HLA-A*02:11,TMGAASITL,0
HLA-A*02:24,TMGAASITL,0
HLA-A*02:36,TMGAASITL,0
HLA-B*13:01,TMGAASITL,0
HLA-C*01:02,TMGAASITL,0
HLA-A*24:02,VYSTCTVPTM,0
HLA-A*24:06,VYSTCTVPTM,0
HLA-A*24:07,VYSTCTVPTM,0
HLA-A*24:08,VYSTCTVPTM,0
HLA-A*24:10,VYSTCTVPTM,0
HLA-C*14:02,VYSTCTVPTM,0
