mhc,pep,tgt,len,BigMHC_IM
HLA-B*07:02,APGSPTNLEF,,10,0.010290941
HLA-B*15:02,APGSPTNLEF,,10,0.014656846
HLA-C*04:01,APGSPTNLEF,,10,0.03180201
HLA-B*07:02,GPKEPFRDY,,9,0.060323603
HLA-B*15:02,GPKEPFRDY,,9,0.03120539
HLA-C*07:01,GPKEPFRDY,,9,0.04181698
HLA-C*07:01,HHFNCRGEF,,9,0.003825394
HLA-A*24:02,HWTTYMDTF,,9,0.15525724
HLA-B*08:01,NKRKRVIGL,,9,0.16324727
HLA-A*01:01,QTSVFSATVY,,10,0.034321014
HLA-B*15:02,QTSVFSATVY,,10,0.31865987
HLA-A*24:02,RFALNPGLL,,9,0.10764126
HLA-B*40:01,SEGATPQDL,,9,0.08191479
HLA-A*02:01,TMGAASITL,,9,0.5664323
HLA-A*24:02,VYSTCTVPTM,,10,0.24795473
