SeqID,Sequence,ESM Score,Prediction
Pep_0,AAASIQTTV,0.196,Non-Hemolytic
Pep_1,AAASIQTTVNTLSER,0.202,Non-Hemolytic
Pep_2,AAASSTHRKVVSSTTQ,0.329,Non-Hemolytic
Pep_3,AAESSTLPNKSDVLTT,0.222,Non-Hemolytic
Pep_4,AAGSTMGAASITLTV,0.298,Non-Hemolytic
Pep_5,AAITDSAVAVAAASS,0.208,Non-Hemolytic
Pep_6,AAITDSAVAVAAASST,0.214,Non-Hemolytic
Pep_7,AALFMYYAKRMLFTS,0.729,Hemolytic
Pep_8,AALNIQTSV,0.185,Non-Hemolytic
Pep_9,AALNIQTSVNTVVRD,0.191,Non-Hemolytic
Pep_10,AALNIQTSVNTVVRDF,0.186,Non-Hemolytic
Pep_11,AAMQMLKETINEEAA,0.181,Non-Hemolytic
Pep_12,AASIQTTVNTLSERI,0.204,Non-Hemolytic
Pep_13,AASITLTVQARQLLS,0.209,Non-Hemolytic
Pep_14,AASSTHRKVVSSTTQY,0.292,Non-Hemolytic
Pep_15,AATETYSGLTPEQKAY,0.211,Non-Hemolytic
Pep_16,ADADAQLDAVLSAAT,0.196,Non-Hemolytic
Pep_17,ADAQLDAVL,0.214,Non-Hemolytic
Pep_18,ADAQLDAVLSAATET,0.186,Non-Hemolytic
Pep_19,AECQPLQLEHGSCQPV,0.206,Non-Hemolytic
Pep_20,AEQATQEVKNWMTETL,0.182,Non-Hemolytic
Pep_21,AESSTLPNKSDVLTTW,0.189,Non-Hemolytic
Pep_22,AGSTMGAASITLTVQ,0.336,Non-Hemolytic
Pep_23,AIEAQQHLL,0.185,Non-Hemolytic
Pep_24,AIEAQQHLLQLTVWGI,0.35,Non-Hemolytic
Pep_25,AIKALMQLTTKATTQ,0.182,Non-Hemolytic
Pep_26,AIKALMQLTTKATTQI,0.183,Non-Hemolytic
Pep_27,AITDSAVAV,0.2,Non-Hemolytic
Pep_28,AITDSAVAVAAASST,0.192,Non-Hemolytic
Pep_29,AITDSAVAVAAASSTH,0.209,Non-Hemolytic
Pep_30,AKANCAAESSTLPNKS,0.186,Non-Hemolytic
Pep_31,AKLTSTETSFNDKQK,0.2,Non-Hemolytic
Pep_32,AKLTSTETSFNDKQKV,0.205,Non-Hemolytic
Pep_33,AKRMLFTSTNDKIKL,0.18,Non-Hemolytic
Pep_34,ALFMYYAKRMLFTST,0.657,Hemolytic
Pep_35,ALMQLTTKA,0.184,Non-Hemolytic
Pep_36,ALMQLTTKATTQIAP,0.177,Non-Hemolytic
Pep_37,ALMQLTTKATTQIAPR,0.18,Non-Hemolytic
Pep_38,ALNIQTSVNTVVRDF,0.19,Non-Hemolytic
Pep_39,ALNIQTSVNTVVRDFE,0.18,Non-Hemolytic
Pep_40,AMFTAALNI,0.186,Non-Hemolytic
Pep_41,AMFTAALNIQTSVNT,0.185,Non-Hemolytic
Pep_42,AMFTAALNIQTSVNTV,0.191,Non-Hemolytic
Pep_43,AMIFGFLGA,0.675,Hemolytic
Pep_44,AMIFGFLGAAGSTMG,0.709,Hemolytic
Pep_45,AMQMLKETINEEAAE,0.177,Non-Hemolytic
Pep_46,AMQMLKETINEEAAEW,0.179,Non-Hemolytic
Pep_47,ANASAQTKCDIEIGNF,0.176,Non-Hemolytic
Pep_48,ANCAAESSTLPNKSDV,0.187,Non-Hemolytic
Pep_49,ANKENVHWTTYMDTF,0.232,Non-Hemolytic
Pep_50,ANSWNVIPSCQQKCD,0.201,Non-Hemolytic
Pep_51,ANSWNVIPSCQQKCDI,0.19,Non-Hemolytic
Pep_52,APGSPTNLEF,0.195,Non-Hemolytic
Pep_53,APRQVAGTG,0.307,Non-Hemolytic
Pep_54,APRQVAGTGV,0.263,Non-Hemolytic
Pep_55,APRQVAGTGVQFYMIV,0.199,Non-Hemolytic
Pep_56,AQLDAVLSA,0.206,Non-Hemolytic
Pep_57,AQLDAVLSAATETYS,0.193,Non-Hemolytic
Pep_58,AQQHLLQLTVWGIKQ,0.197,Non-Hemolytic
Pep_59,AQQHLLQLTVWGIKQL,0.214,Non-Hemolytic
Pep_60,AQTKCDIEIGNFYIRQ,0.18,Non-Hemolytic
Pep_61,ARQLLSGIVQQQSNL,0.178,Non-Hemolytic
Pep_62,ARVLAVERY,0.199,Non-Hemolytic
Pep_63,ASAQTKCDIEIGNFYI,0.174,Non-Hemolytic
Pep_64,ASIQTTVNTLSERIS,0.204,Non-Hemolytic
Pep_65,ASITLTVQARQLLSG,0.198,Non-Hemolytic
Pep_66,ASSTHRKVVSSTTQY,0.25,Non-Hemolytic
Pep_67,ASSTHRKVVSSTTQYD,0.265,Non-Hemolytic
Pep_68,ATETYSGLTPEQKAY,0.186,Non-Hemolytic
Pep_69,ATETYSGLTPEQKAYV,0.182,Non-Hemolytic
Pep_70,ATLEEMMTA,0.204,Non-Hemolytic
Pep_71,ATLEEMMTACQGVGGP,0.182,Non-Hemolytic
Pep_72,ATQEVKNWMTETLLV,0.178,Non-Hemolytic
Pep_73,ATQEVKNWMTETLLVQ,0.177,Non-Hemolytic
Pep_74,ATTQIAPRQVAGTGV,0.246,Non-Hemolytic
Pep_75,ATTQIAPRQVAGTGVQ,0.214,Non-Hemolytic
Pep_76,ATVYGDKIQGKNKRK,0.276,Non-Hemolytic
Pep_77,ATVYGDKIQGKNKRKR,0.267,Non-Hemolytic
Pep_78,AVAAASSTHRKVVSST,0.291,Non-Hemolytic
Pep_79,AVAVAAASSTHRKVV,0.271,Non-Hemolytic
Pep_80,AVAVAAASSTHRKVVS,0.269,Non-Hemolytic
Pep_81,AVCETDKWKY,0.193,Non-Hemolytic
Pep_82,AVCETDKWKYENPCKK,0.178,Non-Hemolytic
Pep_83,AVLSAATETY,0.197,Non-Hemolytic
Pep_84,AVLSAATETYSGLTP,0.181,Non-Hemolytic
Pep_85,AVLSIVNRV,0.19,Non-Hemolytic
Pep_86,AVLSIVNRVRQGYSP,0.187,Non-Hemolytic
Pep_87,AVVDNKLKIQNVIID,0.197,Non-Hemolytic
Pep_88,AVVYSTCTVPTMNNA,0.217,Non-Hemolytic
Pep_89,AYVPAMFTA,0.179,Non-Hemolytic
Pep_90,AYVPAMFTAALNIQT,0.346,Non-Hemolytic
Pep_91,AYVPAMFTAALNIQTS,0.475,Non-Hemolytic
Pep_92,CAAESSTLPNKSDVLT,0.191,Non-Hemolytic
Pep_93,CDIEIGNFY,0.178,Non-Hemolytic
Pep_94,CDIEIGNFYIRQNHG,0.231,Non-Hemolytic
Pep_95,CDIEIGNFYIRQNHGC,0.238,Non-Hemolytic
Pep_96,CDIPSLSNGLISGSTF,0.183,Non-Hemolytic
Pep_97,CDSGYHSLDPNAVCE,0.275,Non-Hemolytic
Pep_98,CDSGYHSLDPNAVCET,0.264,Non-Hemolytic
Pep_99,CEEKNGNTSWNDTVTC,0.221,Non-Hemolytic
Pep_100,CETDKWKYENPCKKMC,0.232,Non-Hemolytic
Pep_101,CIDGKWNPILPTCVRS,0.181,Non-Hemolytic
Pep_102,CKKMCTVSDYVSELYD,0.212,Non-Hemolytic
Pep_103,CKSGFTLTGSPSSTC,0.226,Non-Hemolytic
Pep_104,CNGETKYFRCEEKNGN,0.273,Non-Hemolytic
Pep_105,CNGLYYQGSCYILHSD,0.499,Non-Hemolytic
Pep_106,CNITVKNMCSADADAQ,0.245,Non-Hemolytic
Pep_107,CNSSAVVDNKLKIQN,0.194,Non-Hemolytic
Pep_108,CPNAECQPL,0.21,Non-Hemolytic
Pep_109,CPNAECQPLQLEHGSC,0.33,Non-Hemolytic
Pep_110,CQPLQLEHGSCQPVK,0.192,Non-Hemolytic
Pep_111,CQPLQLEHGSCQPVKE,0.195,Non-Hemolytic
Pep_112,CQPVKEKYSFGEYMTI,0.187,Non-Hemolytic
Pep_113,CQQKCDIPSLSNGLIS,0.189,Non-Hemolytic
Pep_114,CSCDKNNDQY,0.212,Non-Hemolytic
Pep_115,CSCDKNNDQYKFHKLL,0.182,Non-Hemolytic
Pep_116,CTANSWNVIPSCQQK,0.196,Non-Hemolytic
Pep_117,CTANSWNVIPSCQQKC,0.263,Non-Hemolytic
Pep_118,CTHGIKPVVSTQLLL,0.179,Non-Hemolytic
Pep_119,CTVPTMNNAKLTSTET,0.179,Non-Hemolytic
Pep_120,CTVSDYVSELYDKPL,0.182,Non-Hemolytic
Pep_121,CTVSDYVSELYDKPLY,0.192,Non-Hemolytic
Pep_122,CVRSNEEFDPVDDGPD,0.184,Non-Hemolytic
Pep_123,CYGAPGSPTNLEFINT,0.177,Non-Hemolytic
Pep_124,CYILHSDYKSFEDAK,0.193,Non-Hemolytic
Pep_125,CYILHSDYKSFEDAKA,0.196,Non-Hemolytic
Pep_126,DADAQLDAVLSAATE,0.192,Non-Hemolytic
Pep_127,DAKANCAAESSTLPNK,0.196,Non-Hemolytic
Pep_128,DAQLDAVLSAATETY,0.191,Non-Hemolytic
Pep_129,DAVLSAATETYSGLT,0.18,Non-Hemolytic
Pep_130,DDETDLSKLSKDVVQ,0.184,Non-Hemolytic
Pep_131,DDETDLSKLSKDVVQY,0.18,Non-Hemolytic
Pep_132,DDGPDDETDLSKLSKD,0.209,Non-Hemolytic
Pep_133,DECYGAPGSPTNLEFI,0.184,Non-Hemolytic
Pep_134,DEEQTSVFSATVYGD,0.2,Non-Hemolytic
Pep_135,DEEQTSVFSATVYGDK,0.195,Non-Hemolytic
Pep_136,DETDLSKLSKDVVQY,0.182,Non-Hemolytic
Pep_137,DETDLSKLSKDVVQYE,0.182,Non-Hemolytic
Pep_138,DFENYVKQTCNSSAVV,0.181,Non-Hemolytic
Pep_139,DGKWNPILPTCVRSNE,0.178,Non-Hemolytic
Pep_140,DGNPITKTTSDYQDS,0.201,Non-Hemolytic
Pep_141,DGNPITKTTSDYQDSD,0.194,Non-Hemolytic
Pep_142,DGPDDETDLSKLSKDV,0.204,Non-Hemolytic
Pep_143,DHKESCNGLYYQGSCY,0.293,Non-Hemolytic
Pep_144,DIAGTTSTL,0.233,Non-Hemolytic
Pep_145,DIEIGNFYIRQNHGC,0.205,Non-Hemolytic
Pep_146,DIEIGNFYIRQNHGCN,0.224,Non-Hemolytic
Pep_147,DIPSLSNGLISGSTF,0.194,Non-Hemolytic
Pep_148,DIPSLSNGLISGSTFS,0.189,Non-Hemolytic
Pep_149,DIRQGPKEPFRDYVDR,0.215,Non-Hemolytic
Pep_150,DIYKRWIIL,0.192,Non-Hemolytic
Pep_151,DIYKRWIILGLNKIV,0.264,Non-Hemolytic
Pep_152,DKIKLILANKENVHW,0.185,Non-Hemolytic
Pep_153,DKIQGKNKRKRVIGLC,0.178,Non-Hemolytic
Pep_154,DKPLYEVNSTMTLSCN,0.239,Non-Hemolytic
Pep_155,DKQKVTFTCDSGYHSL,0.276,Non-Hemolytic
Pep_156,DKWKYENPCKKMCTVS,0.185,Non-Hemolytic
Pep_157,DLRSLCLFSY,0.252,Non-Hemolytic
Pep_158,DLSKLSKDVVQYEQE,0.176,Non-Hemolytic
Pep_159,DLSKLSKDVVQYEQEI,0.179,Non-Hemolytic
Pep_160,DNKLKIQNV,0.212,Non-Hemolytic
Pep_161,DNKLKIQNVIIDECY,0.188,Non-Hemolytic
Pep_162,DNWRSELYKYKVVQI,0.202,Non-Hemolytic
Pep_163,DNWRSELYKYKVVQIE,0.232,Non-Hemolytic
Pep_164,DPNAVCETDKWKYENP,0.183,Non-Hemolytic
Pep_165,DPVDDGPDDETDLSKL,0.192,Non-Hemolytic
Pep_166,DQYKFHKLL,0.18,Non-Hemolytic
Pep_167,DSAVAVAAASSTHRK,0.258,Non-Hemolytic
Pep_168,DSAVAVAAASSTHRKV,0.292,Non-Hemolytic
Pep_169,DSGYHSLDPNAVCET,0.2,Non-Hemolytic
Pep_170,DSGYHSLDPNAVCETD,0.205,Non-Hemolytic
Pep_171,DTFFRTSPM,0.179,Non-Hemolytic
Pep_172,DTFFRTSPMIIATTD,0.183,Non-Hemolytic
Pep_173,DTVTCPNAECQPLQLE,0.197,Non-Hemolytic
Pep_174,DTWGSDGNPITKTTSD,0.203,Non-Hemolytic
Pep_175,DVLTTWLIDYVEDTW,0.307,Non-Hemolytic
Pep_176,DVLTTWLIDYVEDTWG,0.258,Non-Hemolytic
Pep_177,DVSQEVRKY,0.226,Non-Hemolytic
Pep_178,DVVQYEQEIESLEAT,0.183,Non-Hemolytic
Pep_179,DVVQYEQEIESLEATY,0.18,Non-Hemolytic
Pep_180,DYKSFEDAKANCAAE,0.199,Non-Hemolytic
Pep_181,DYKSFEDAKANCAAES,0.206,Non-Hemolytic
Pep_182,DYQDSDVSQEVRKYF,0.177,Non-Hemolytic
Pep_183,DYQDSDVSQEVRKYFC,0.184,Non-Hemolytic
Pep_184,DYVDRFYKTL,0.181,Non-Hemolytic
Pep_185,DYVDRFYKTLRAEQA,0.187,Non-Hemolytic
Pep_186,DYVEDTWGSDGNPITK,0.194,Non-Hemolytic
Pep_187,DYVSELYDKPLYEVN,0.186,Non-Hemolytic
Pep_188,DYVSELYDKPLYEVNS,0.18,Non-Hemolytic
Pep_189,EANASAQTKCDIEIGN,0.191,Non-Hemolytic
Pep_190,EAQQHLLQL,0.182,Non-Hemolytic
Pep_191,EAQQHLLQLTVWGIKQ,0.194,Non-Hemolytic
Pep_192,ECQPLQLEHGSCQPVK,0.196,Non-Hemolytic
Pep_193,ECYGAPGSPTNLEFIN,0.177,Non-Hemolytic
Pep_194,EDAKANCAAESSTLPN,0.184,Non-Hemolytic
Pep_195,EDTWGSDGNPITKTT,0.192,Non-Hemolytic
Pep_196,EDTWGSDGNPITKTTS,0.191,Non-Hemolytic
Pep_197,EEFDPVDDGPDDETD,0.196,Non-Hemolytic
Pep_198,EEFDPVDDGPDDETDL,0.191,Non-Hemolytic
Pep_199,EEKNGNTSWNDTVTCP,0.193,Non-Hemolytic
Pep_200,EEMMTACQGVGGPSHK,0.18,Non-Hemolytic
Pep_201,EEQTSVFSATVYGDK,0.186,Non-Hemolytic
Pep_202,EEQTSVFSATVYGDKI,0.181,Non-Hemolytic
Pep_203,EFDPVDDGPDDETDL,0.196,Non-Hemolytic
Pep_204,EFDPVDDGPDDETDLS,0.194,Non-Hemolytic
Pep_205,EHGSCQPVKEKYSFGE,0.179,Non-Hemolytic
Pep_206,EIESLEATY,0.177,Non-Hemolytic
Pep_207,EIESLEATYHIIIMA,0.279,Non-Hemolytic
Pep_208,EIESLEATYHIIIMAL,0.513,Non-Hemolytic
Pep_209,EIGNFYIRQNHGCNI,0.21,Non-Hemolytic
Pep_210,EIGNFYIRQNHGCNIT,0.202,Non-Hemolytic
Pep_211,EKNGNTSWNDTVTCP,0.196,Non-Hemolytic
Pep_212,EKNGNTSWNDTVTCPN,0.21,Non-Hemolytic
Pep_213,EKYSFGEYMTINCDV,0.299,Non-Hemolytic
Pep_214,EKYSFGEYMTINCDVG,0.34,Non-Hemolytic
Pep_215,ELYDKPLYEV,0.174,Non-Hemolytic
Pep_216,ELYDKPLYEVNSTMTL,0.186,Non-Hemolytic
Pep_217,ELYKYKVVQI,0.186,Non-Hemolytic
Pep_218,EMMTACQGVGGPSHKA,0.21,Non-Hemolytic
Pep_219,ENDEEQTSVFSATVY,0.193,Non-Hemolytic
Pep_220,ENDEEQTSVFSATVYG,0.208,Non-Hemolytic
Pep_221,ENPCKKMCTVSDYVSE,0.195,Non-Hemolytic
Pep_222,ENVHWTTYMDTFFRT,0.215,Non-Hemolytic
Pep_223,ENVHWTTYMDTFFRTS,0.217,Non-Hemolytic
Pep_224,ENYVKQTCNSSAVVD,0.196,Non-Hemolytic
Pep_225,ENYVKQTCNSSAVVDN,0.206,Non-Hemolytic
Pep_226,EPFRDYVDRFYKTLR,0.185,Non-Hemolytic
Pep_227,EPRGSDIAGTTSTLQ,0.199,Non-Hemolytic
Pep_228,EPRGSDIAGTTSTLQE,0.201,Non-Hemolytic
Pep_229,EQATQEVKNWMTETLL,0.18,Non-Hemolytic
Pep_230,EQEANASAQTKCDIEI,0.205,Non-Hemolytic
Pep_231,EQEIESLEATYHIII,0.19,Non-Hemolytic
Pep_232,EQEIESLEATYHIIIM,0.205,Non-Hemolytic
Pep_233,EQKAYVPAM,0.181,Non-Hemolytic
Pep_234,EQKAYVPAMF,0.176,Non-Hemolytic
Pep_235,EQKAYVPAMFTAALN,0.208,Non-Hemolytic
Pep_236,EQKAYVPAMFTAALNI,0.248,Non-Hemolytic
Pep_237,EQTSVFSATVYGDKI,0.185,Non-Hemolytic
Pep_238,EQTSVFSATVYGDKIQ,0.185,Non-Hemolytic
Pep_239,ERISSKLEQEANASA,0.192,Non-Hemolytic
Pep_240,ERISSKLEQEANASAQ,0.183,Non-Hemolytic
Pep_241,ESCNGLYYQGSCYILH,0.267,Non-Hemolytic
Pep_242,ESSTLPNKSDVLTTWL,0.18,Non-Hemolytic
Pep_243,ETDKWKYENPCKKMCT,0.201,Non-Hemolytic
Pep_244,ETDLSKLSK,0.203,Non-Hemolytic
Pep_245,ETDLSKLSKDVVQYE,0.182,Non-Hemolytic
Pep_246,ETDLSKLSKDVVQYEQ,0.182,Non-Hemolytic
Pep_247,ETKYFRCEEKNGNTS,0.198,Non-Hemolytic
Pep_248,ETKYFRCEEKNGNTSW,0.2,Non-Hemolytic
Pep_249,ETSFNDKQKVTFTCDS,0.226,Non-Hemolytic
Pep_250,ETYSGLTPEQKAYVP,0.177,Non-Hemolytic
Pep_251,ETYSGLTPEQKAYVPA,0.177,Non-Hemolytic
Pep_252,EVIGVSYISCTANSW,0.205,Non-Hemolytic
Pep_253,EVIGVSYISCTANSWN,0.201,Non-Hemolytic
Pep_254,EVIPMFSAL,0.181,Non-Hemolytic
Pep_255,EVIPMFSALSEGATP,0.177,Non-Hemolytic
Pep_256,EVKNWMTETLLVQNA,0.212,Non-Hemolytic
Pep_257,EVNSTMTLSCNGETKY,0.206,Non-Hemolytic
Pep_258,EYMTINCDVGYEVIG,0.252,Non-Hemolytic
Pep_259,FAVLSIVNRVRQGYS,0.208,Non-Hemolytic
Pep_260,FDPIPIHYCTPAGYA,0.21,Non-Hemolytic
Pep_261,FDPVDDGPDDETDLSK,0.188,Non-Hemolytic
Pep_262,FEDAKANCAAESSTLP,0.177,Non-Hemolytic
Pep_263,FENYVKQTC,0.179,Non-Hemolytic
Pep_264,FENYVKQTCNSSAVVD,0.182,Non-Hemolytic
Pep_265,FFRTSPMII,0.178,Non-Hemolytic
Pep_266,FGEYMTINCDVGYEV,0.266,Non-Hemolytic
Pep_267,FGFLGAAGSTMGAAS,0.326,Non-Hemolytic
Pep_268,FLGAAGSTM,0.201,Non-Hemolytic
Pep_269,FLGAAGSTMGAASIT,0.248,Non-Hemolytic
Pep_270,FLISIIVLV,0.711,Hemolytic
Pep_271,FLISIIVLVCSCDKNN,0.724,Hemolytic
Pep_272,FLIVRLNQC,0.181,Non-Hemolytic
Pep_273,FMYYAKRML,0.204,Non-Hemolytic
Pep_274,FMYYAKRMLF,0.262,Non-Hemolytic
Pep_275,FMYYAKRMLFTSTND,0.242,Non-Hemolytic
Pep_276,FNCRGEFFY,0.185,Non-Hemolytic
Pep_277,FNDKQKVTF,0.188,Non-Hemolytic
Pep_278,FNDKQKVTFTCDSGYH,0.426,Non-Hemolytic
Pep_279,FNPEVIPMF,0.175,Non-Hemolytic
Pep_280,FRCEEKNGNTSWNDTV,0.182,Non-Hemolytic
Pep_281,FRDYVDRFY,0.224,Non-Hemolytic
Pep_282,FRDYVDRFYKTLRAE,0.208,Non-Hemolytic
Pep_283,FRTSPMIIA,0.179,Non-Hemolytic
Pep_284,FRTSPMIIATTDIQN,0.186,Non-Hemolytic
Pep_285,FSATVYGDKIQGKNK,0.187,Non-Hemolytic
Pep_286,FSATVYGDKIQGKNKR,0.192,Non-Hemolytic
Pep_287,FSIGGVIHL,0.19,Non-Hemolytic
Pep_288,FSIGGVIHLSCKSGFT,0.196,Non-Hemolytic
Pep_289,FTAALNIQTSVNTVVR,0.184,Non-Hemolytic
Pep_290,FTCDSGYHSL,0.181,Non-Hemolytic
Pep_291,FTCDSGYHSLDPNAV,0.206,Non-Hemolytic
Pep_292,FTCDSGYHSLDPNAVC,0.25,Non-Hemolytic
Pep_293,FTLTGSPSSTCIDGKW,0.194,Non-Hemolytic
Pep_294,FTSTNDKIKLILANK,0.191,Non-Hemolytic
Pep_295,FTSTNDKIKLILANKE,0.194,Non-Hemolytic
Pep_296,FYIRQNHGCNITVKNM,0.234,Non-Hemolytic
Pep_297,FYMIVIGVI,0.692,Hemolytic
Pep_298,GAAASIQTTVNTLSE,0.191,Non-Hemolytic
Pep_299,GAASITLTV,0.185,Non-Hemolytic
Pep_300,GAMIFGFLGAAGSTM,0.732,Hemolytic
Pep_301,GAPGSPTNL,0.211,Non-Hemolytic
Pep_302,GATLEEMMTACQGVGG,0.189,Non-Hemolytic
Pep_303,GCNITVKNMCSADADA,0.294,Non-Hemolytic
Pep_304,GDIYKRWIILGLNKI,0.204,Non-Hemolytic
Pep_305,GDKIQGKNKRKRVIGL,0.176,Non-Hemolytic
Pep_306,GETKYFRCEEKNGNTS,0.187,Non-Hemolytic
Pep_307,GFLGAAGSTMGAASI,0.219,Non-Hemolytic
Pep_308,GFTLTGSPSSTCIDGK,0.194,Non-Hemolytic
Pep_309,GGKLDAWEKIRLRPG,0.182,Non-Hemolytic
Pep_310,GGKLDAWEKIRLRPGG,0.18,Non-Hemolytic
Pep_311,GGPSHKARVL,0.316,Non-Hemolytic
Pep_312,GGVIHLSCKSGFTLT,0.18,Non-Hemolytic
Pep_313,GGVIHLSCKSGFTLTG,0.179,Non-Hemolytic
Pep_314,GIGAMIFGFLGAAGS,0.746,Hemolytic
Pep_315,GIKPVVSTQLLLNGS,0.203,Non-Hemolytic
Pep_316,GIKQLQARVLAVERY,0.183,Non-Hemolytic
Pep_317,GIKQLQARVLAVERYL,0.188,Non-Hemolytic
Pep_318,GIVQQQSNLLRAIEA,0.185,Non-Hemolytic
Pep_319,GKLDAWEKIRLRPGG,0.179,Non-Hemolytic
Pep_320,GKWNPILPTCVRSNEE,0.182,Non-Hemolytic
Pep_321,GLIGLRIIF,0.567,Hemolytic
Pep_322,GLISGSTFSI,0.186,Non-Hemolytic
Pep_323,GLISGSTFSIGGVIHL,0.215,Non-Hemolytic
Pep_324,GLNKIVRMY,0.18,Non-Hemolytic
Pep_325,GLRIIFAVL,0.668,Hemolytic
Pep_326,GLTPEQKAY,0.186,Non-Hemolytic
Pep_327,GLTPEQKAYV,0.175,Non-Hemolytic
Pep_328,GLTPEQKAYVPAMFT,0.186,Non-Hemolytic
Pep_329,GLTPEQKAYVPAMFTA,0.194,Non-Hemolytic
Pep_330,GLYYQGSCY,0.188,Non-Hemolytic
Pep_331,GLYYQGSCYILHSDY,0.379,Non-Hemolytic
Pep_332,GLYYQGSCYILHSDYK,0.3,Non-Hemolytic
Pep_333,GNFYIRQNHGCNITVK,0.212,Non-Hemolytic
Pep_334,GNPITKTTSDYQDSD,0.216,Non-Hemolytic
Pep_335,GNPITKTTSDYQDSDV,0.209,Non-Hemolytic
Pep_336,GNTSWNDTVTCPNAEC,0.335,Non-Hemolytic
Pep_337,GPDDETDLSKLSKDVV,0.188,Non-Hemolytic
Pep_338,GPKEPFRDY,0.206,Non-Hemolytic
Pep_339,GPKEPFRDYV,0.187,Non-Hemolytic
Pep_340,GPKEPFRDYVDRFYK,0.187,Non-Hemolytic
Pep_341,GPSHKARVL,0.331,Non-Hemolytic
Pep_342,GQMREPRGSDIAGTT,0.197,Non-Hemolytic
Pep_343,GQMREPRGSDIAGTTS,0.19,Non-Hemolytic
Pep_344,GSCQPVKEKY,0.188,Non-Hemolytic
Pep_345,GSCQPVKEKYSFGEYM,0.177,Non-Hemolytic
Pep_346,GSCYILHSDYKSFED,0.203,Non-Hemolytic
Pep_347,GSCYILHSDYKSFEDA,0.206,Non-Hemolytic
Pep_348,GSDGNPITK,0.246,Non-Hemolytic
Pep_349,GSDGNPITKTTSDYQD,0.209,Non-Hemolytic
Pep_350,GSDIAGTTSTLQEQI,0.204,Non-Hemolytic
Pep_351,GSPSSTCIDGKWNPIL,0.195,Non-Hemolytic
Pep_352,GSPTNLEFINTGSSK,0.186,Non-Hemolytic
Pep_353,GSTFSIGGVIHLSCK,0.192,Non-Hemolytic
Pep_354,GSTFSIGGVIHLSCKS,0.188,Non-Hemolytic
Pep_355,GSTMGAASITLTVQA,0.234,Non-Hemolytic
Pep_356,GVIHLSCKSGFTLTGS,0.181,Non-Hemolytic
Pep_357,GVIILAALFMYYAKR,0.719,Hemolytic
Pep_358,GVSYISCTANSWNVI,0.195,Non-Hemolytic
Pep_359,GVSYISCTANSWNVIP,0.196,Non-Hemolytic
Pep_360,GWTDRVIEV,0.174,Non-Hemolytic
Pep_361,GYEVIGVSY,0.181,Non-Hemolytic
Pep_362,GYEVIGVSYISCTAN,0.483,Non-Hemolytic
Pep_363,GYEVIGVSYISCTANS,0.332,Non-Hemolytic
Pep_364,GYHSLDPNAVCETDKW,0.186,Non-Hemolytic
Pep_365,HFNCRGEFF,0.182,Non-Hemolytic
Pep_366,HGCNITVKNMCSADAD,0.227,Non-Hemolytic
Pep_367,HGIKPVVSTQLLLNG,0.19,Non-Hemolytic
Pep_368,HGSCQPVKEKYSFGEY,0.181,Non-Hemolytic
Pep_369,HHFNCRGEF,0.184,Non-Hemolytic
Pep_370,HIPRRIRQGL,0.196,Non-Hemolytic
Pep_371,HKESCNGLYYQGSCYI,0.226,Non-Hemolytic
Pep_372,HLLQLTVWGIKQLQAR,0.27,Non-Hemolytic
Pep_373,HLSCKSGFTLTGSPSS,0.193,Non-Hemolytic
Pep_374,HNVWATHACVPTDPN,0.262,Non-Hemolytic
Pep_375,HQAAMQMLKETINEE,0.181,Non-Hemolytic
Pep_376,HRKVVSSTTQYDHKE,0.312,Non-Hemolytic
Pep_377,HRKVVSSTTQYDHKES,0.322,Non-Hemolytic
Pep_378,HSDYKSFEDAKANCA,0.192,Non-Hemolytic
Pep_379,HSDYKSFEDAKANCAA,0.186,Non-Hemolytic
Pep_380,HSLDPNAVCETDKWKY,0.18,Non-Hemolytic
Pep_381,HWTTYMDTF,0.208,Non-Hemolytic
Pep_382,HWTTYMDTFF,0.223,Non-Hemolytic
Pep_383,HWTTYMDTFFRTSPM,0.228,Non-Hemolytic
Pep_384,HWTTYMDTFFRTSPMI,0.219,Non-Hemolytic
Pep_385,IAPRQVAGTGVQFYMI,0.187,Non-Hemolytic
Pep_386,IDECYGAPGSPTNLEF,0.188,Non-Hemolytic
Pep_387,IDGKWNPILPTCVRSN,0.182,Non-Hemolytic
Pep_388,IDYVEDTWGSDGNPI,0.231,Non-Hemolytic
Pep_389,IDYVEDTWGSDGNPIT,0.229,Non-Hemolytic
Pep_390,IEAQQHLLQL,0.177,Non-Hemolytic
Pep_391,IEAQQHLLQLTVWGIK,0.214,Non-Hemolytic
Pep_392,IEIGNFYIRQNHGCN,0.213,Non-Hemolytic
Pep_393,IEIGNFYIRQNHGCNI,0.204,Non-Hemolytic
Pep_394,IESLEATYHI,0.174,Non-Hemolytic
Pep_395,IESLEATYHIIIMALT,0.518,Non-Hemolytic
Pep_396,IFGFLGAAGSTMGAA,0.664,Hemolytic
Pep_397,IFLISIIVL,0.707,Hemolytic
Pep_398,IFLISIIVLVCSCDKN,0.74,Hemolytic
Pep_399,IGAMIFGFLGAAGST,0.743,Hemolytic
Pep_400,IGGVIHLSCKSGFTL,0.192,Non-Hemolytic
Pep_401,IGGVIHLSCKSGFTLT,0.191,Non-Hemolytic
Pep_402,IGNFYIRQNHGCNIT,0.222,Non-Hemolytic
Pep_403,IGNFYIRQNHGCNITV,0.226,Non-Hemolytic
Pep_404,IGVSYISCTANSWNV,0.204,Non-Hemolytic
Pep_405,IGVSYISCTANSWNVI,0.223,Non-Hemolytic
Pep_406,IIDECYGAPGSPTNLE,0.187,Non-Hemolytic
Pep_407,IILAALFMYYAKRML,0.727,Hemolytic
Pep_408,IIVLVCSCDKNNDQYK,0.208,Non-Hemolytic
Pep_409,IKALMQLTTKATTQI,0.178,Non-Hemolytic
Pep_410,IKALMQLTTKATTQIA,0.18,Non-Hemolytic
Pep_411,IKLILANKENVHWTT,0.197,Non-Hemolytic
Pep_412,IKPVVSTQL,0.188,Non-Hemolytic
Pep_413,IKPVVSTQLL,0.183,Non-Hemolytic
Pep_414,IKPVVSTQLLLNGSL,0.204,Non-Hemolytic
Pep_415,IKQLQARVLAVERYL,0.174,Non-Hemolytic
Pep_416,IKQLQARVLAVERYLK,0.176,Non-Hemolytic
Pep_417,ILAALFMYY,0.716,Hemolytic
Pep_418,ILAALFMYYAKRMLF,0.737,Hemolytic
Pep_419,ILDIRQGPKEPFRDY,0.197,Non-Hemolytic
Pep_420,ILDIRQGPKEPFRDYV,0.192,Non-Hemolytic
Pep_421,ILHSDYKSF,0.182,Non-Hemolytic
Pep_422,ILHSDYKSFEDAKAN,0.187,Non-Hemolytic
Pep_423,ILHSDYKSFEDAKANC,0.191,Non-Hemolytic
Pep_424,ILPTCVRSNEEFDPVD,0.19,Non-Hemolytic
Pep_425,IMALTIMGV,0.554,Hemolytic
Pep_426,IMIVGGLIGL,0.586,Hemolytic
Pep_427,IPMFSALSEGATPQD,0.19,Non-Hemolytic
Pep_428,IPRRIRQGL,0.195,Non-Hemolytic
Pep_429,IPRRIRQGLE,0.19,Non-Hemolytic
Pep_430,IPSCQQKCDIPSLSNG,0.187,Non-Hemolytic
Pep_431,IPSLSNGLI,0.205,Non-Hemolytic
Pep_432,IPSLSNGLISGSTFS,0.19,Non-Hemolytic
Pep_433,IPSLSNGLISGSTFSI,0.194,Non-Hemolytic
Pep_434,IQNVIIDECYGAPGS,0.268,Non-Hemolytic
Pep_435,IQNVIIDECYGAPGSP,0.243,Non-Hemolytic
Pep_436,IQTSVNTVVRDFENY,0.197,Non-Hemolytic
Pep_437,IQTSVNTVVRDFENYV,0.185,Non-Hemolytic
Pep_438,IQTTVNTLSERISSK,0.229,Non-Hemolytic
Pep_439,IRISMVISL,0.255,Non-Hemolytic
Pep_440,IRQGPKEPF,0.226,Non-Hemolytic
Pep_441,IRQGPKEPFRDYVDR,0.259,Non-Hemolytic
Pep_442,IRQGPKEPFRDYVDRF,0.198,Non-Hemolytic
Pep_443,IRQNHGCNI,0.235,Non-Hemolytic
Pep_444,IRQNHGCNITVKNMCS,0.202,Non-Hemolytic
Pep_445,ISCTANSWNVIPSCQQ,0.188,Non-Hemolytic
Pep_446,ISGSTFSIGGVIHLS,0.224,Non-Hemolytic
Pep_447,ISGSTFSIGGVIHLSC,0.216,Non-Hemolytic
Pep_448,ISIIVLVCSCDKNNDQ,0.377,Non-Hemolytic
Pep_449,ISLWDQSLKPCVKLTP,0.195,Non-Hemolytic
Pep_450,ISSKLEQEANASAQT,0.183,Non-Hemolytic
Pep_451,ISSKLEQEANASAQTK,0.183,Non-Hemolytic
Pep_452,ITDSAVAVA,0.192,Non-Hemolytic
Pep_453,ITDSAVAVAAASSTH,0.187,Non-Hemolytic
Pep_454,ITDSAVAVAAASSTHR,0.202,Non-Hemolytic
Pep_455,ITKTTSDYQDSDVSQ,0.188,Non-Hemolytic
Pep_456,ITKTTSDYQDSDVSQE,0.187,Non-Hemolytic
Pep_457,ITLTVQARQLLSGIV,0.187,Non-Hemolytic
Pep_458,ITVKNMCSADADAQLD,0.207,Non-Hemolytic
Pep_459,IVGGHQAAM,0.19,Non-Hemolytic
Pep_460,IVIGVIILA,0.668,Hemolytic
Pep_461,IVLVCSCDKNNDQYKF,0.198,Non-Hemolytic
Pep_462,IVNRVRQGY,0.189,Non-Hemolytic
Pep_463,IVNRVRQGYSPLSFQ,0.199,Non-Hemolytic
Pep_464,IVQQQSNLLRAIEAQ,0.183,Non-Hemolytic
Pep_465,IVQQQSNLLRAIEAQQ,0.18,Non-Hemolytic
Pep_466,IVRLNQCMSANKAAIT,0.189,Non-Hemolytic
Pep_467,IYKRWIILGL,0.649,Hemolytic
Pep_468,IYKRWIILGLNKIVR,0.457,Non-Hemolytic
Pep_469,KALMQLTTKATTQIA,0.177,Non-Hemolytic
Pep_470,KALMQLTTKATTQIAP,0.177,Non-Hemolytic
Pep_471,KANCAAESSTLPNKSD,0.189,Non-Hemolytic
Pep_472,KATTQIAPRQVAGTG,0.242,Non-Hemolytic
Pep_473,KATTQIAPRQVAGTGV,0.237,Non-Hemolytic
Pep_474,KAYVPAMFTAALNIQ,0.468,Non-Hemolytic
Pep_475,KAYVPAMFTAALNIQT,0.381,Non-Hemolytic
Pep_476,KCDIEIGNFY,0.176,Non-Hemolytic
Pep_477,KCDIEIGNFYIRQNH,0.191,Non-Hemolytic
Pep_478,KCDIEIGNFYIRQNHG,0.222,Non-Hemolytic
Pep_479,KCDIPSLSNGLISGST,0.183,Non-Hemolytic
Pep_480,KDNWRSELY,0.184,Non-Hemolytic
Pep_481,KDVVQYEQEIESLEA,0.176,Non-Hemolytic
Pep_482,KDVVQYEQEIESLEAT,0.18,Non-Hemolytic
Pep_483,KEKYSFGEYM,0.181,Non-Hemolytic
Pep_484,KEKYSFGEYMTINCD,0.288,Non-Hemolytic
Pep_485,KEKYSFGEYMTINCDV,0.294,Non-Hemolytic
Pep_486,KENVHWTTY,0.19,Non-Hemolytic
Pep_487,KENVHWTTYM,0.213,Non-Hemolytic
Pep_488,KENVHWTTYMDTFFR,0.218,Non-Hemolytic
Pep_489,KENVHWTTYMDTFFRT,0.199,Non-Hemolytic
Pep_490,KEPFRDYVDRFYKTL,0.177,Non-Hemolytic
Pep_491,KESCNGLYY,0.181,Non-Hemolytic
Pep_492,KESCNGLYYQGSCYIL,0.21,Non-Hemolytic
Pep_493,KIKLILANKENVHWT,0.198,Non-Hemolytic
Pep_494,KIQGKNKRKRVIGLCI,0.181,Non-Hemolytic
Pep_495,KIQNVIIDECYGAPG,0.278,Non-Hemolytic
Pep_496,KIQNVIIDECYGAPGS,0.297,Non-Hemolytic
Pep_497,KKMCTVSDYVSELYDK,0.182,Non-Hemolytic
Pep_498,KLDAWEKIRL,0.178,Non-Hemolytic
Pep_499,KLEQEANASAQTKCDI,0.191,Non-Hemolytic
Pep_500,KLSKDVVQY,0.184,Non-Hemolytic
Pep_501,KLSKDVVQYEQEIES,0.179,Non-Hemolytic
Pep_502,KLSKDVVQYEQEIESL,0.178,Non-Hemolytic
Pep_503,KLTPLCVTL,0.193,Non-Hemolytic
Pep_504,KLTSTETSF,0.18,Non-Hemolytic
Pep_505,KLTSTETSFNDKQKVT,0.202,Non-Hemolytic
Pep_506,KMCTVSDYV,0.182,Non-Hemolytic
Pep_507,KMCTVSDYVSELYDK,0.183,Non-Hemolytic
Pep_508,KMCTVSDYVSELYDKP,0.188,Non-Hemolytic
Pep_509,KNGNTSWNDTVTCPN,0.205,Non-Hemolytic
Pep_510,KNGNTSWNDTVTCPNA,0.204,Non-Hemolytic
Pep_511,KNKRKRVIGLCIRIS,0.194,Non-Hemolytic
Pep_512,KNMCSADADAQLDAVL,0.181,Non-Hemolytic
Pep_513,KNWMTETLLVQNANP,0.224,Non-Hemolytic
Pep_514,KPCVKLTPL,0.179,Non-Hemolytic
Pep_515,KPLYEVNSTM,0.173,Non-Hemolytic
Pep_516,KPLYEVNSTMTLSCNG,0.264,Non-Hemolytic
Pep_517,KPVVSTQLL,0.198,Non-Hemolytic
Pep_518,KPVVSTQLLL,0.187,Non-Hemolytic
Pep_519,KPVVSTQLLLNGSLA,0.212,Non-Hemolytic
Pep_520,KQKVTFTCDSGYHSLD,0.22,Non-Hemolytic
Pep_521,KQLQARVLAVERYLK,0.175,Non-Hemolytic
Pep_522,KQLQARVLAVERYLKD,0.18,Non-Hemolytic
Pep_523,KQTCNSSAVVDNKLKI,0.202,Non-Hemolytic
Pep_524,KRKRVIGLCIRISMV,0.298,Non-Hemolytic
Pep_525,KRMLFTSTNDKIKLI,0.182,Non-Hemolytic
Pep_526,KRWIILGLNKIVRMY,0.656,Hemolytic
Pep_527,KRWIILGLNKIVRMYS,0.661,Hemolytic
Pep_528,KSDVLTTWL,0.198,Non-Hemolytic
Pep_529,KSDVLTTWLIDYVED,0.185,Non-Hemolytic
Pep_530,KSDVLTTWLIDYVEDT,0.184,Non-Hemolytic
Pep_531,KSFEDAKANCAAESST,0.183,Non-Hemolytic
Pep_532,KSGFTLTGSPSSTCI,0.251,Non-Hemolytic
Pep_533,KTISVVTLL,0.215,Non-Hemolytic
Pep_534,KTTSDYQDSDVSQEV,0.189,Non-Hemolytic
Pep_535,KTTSDYQDSDVSQEVR,0.191,Non-Hemolytic
Pep_536,KVTFTCDSGYHSLDP,0.252,Non-Hemolytic
Pep_537,KVTFTCDSGYHSLDPN,0.311,Non-Hemolytic
Pep_538,KVVSSTTQY,0.194,Non-Hemolytic
Pep_539,KVVSSTTQYDHKESC,0.211,Non-Hemolytic
Pep_540,KVVSSTTQYDHKESCN,0.216,Non-Hemolytic
Pep_541,KWKYENPCKKMCTVSD,0.206,Non-Hemolytic
Pep_542,KWNPILPTC,0.178,Non-Hemolytic
Pep_543,KWNPILPTCVRSNEEF,0.186,Non-Hemolytic
Pep_544,KYENPCKKM,0.176,Non-Hemolytic
Pep_545,KYENPCKKMCTVSDYV,0.191,Non-Hemolytic
Pep_546,KYFRCEEKNGNTSWND,0.191,Non-Hemolytic
Pep_547,KYKVVQIEPL,0.185,Non-Hemolytic
Pep_548,KYSFGEYMTI,0.172,Non-Hemolytic
Pep_549,KYSFGEYMTINCDVGY,0.419,Non-Hemolytic
Pep_550,LAALFMYYAKRMLFT,0.731,Hemolytic
Pep_551,LANKENVHWTTYMDT,0.217,Non-Hemolytic
Pep_552,LCVLPAVVY,0.542,Non-Hemolytic
Pep_553,LDAVLSAATETYSGL,0.187,Non-Hemolytic
Pep_554,LDIRQGPKEPFRDYV,0.202,Non-Hemolytic
Pep_555,LDIRQGPKEPFRDYVD,0.203,Non-Hemolytic
Pep_556,LDPNAVCETDKWKYEN,0.178,Non-Hemolytic
Pep_557,LEATYHIII,0.184,Non-Hemolytic
Pep_558,LEATYHIIIM,0.193,Non-Hemolytic
Pep_559,LEEMMTACQGVGGPSH,0.184,Non-Hemolytic
Pep_560,LEHGSCQPV,0.184,Non-Hemolytic
Pep_561,LEHGSCQPVKEKYSFG,0.178,Non-Hemolytic
Pep_562,LEQEANASAQTKCDIE,0.188,Non-Hemolytic
Pep_563,LFMYYAKRMLFTSTN,0.44,Non-Hemolytic
Pep_564,LGAAGSTMGAASITL,0.196,Non-Hemolytic
Pep_565,LGLNKIVRM,0.178,Non-Hemolytic
Pep_566,LHSDYKSFEDAKANC,0.193,Non-Hemolytic
Pep_567,LHSDYKSFEDAKANCA,0.192,Non-Hemolytic
Pep_568,LIDYVEDTWGSDGNP,0.258,Non-Hemolytic
Pep_569,LIDYVEDTWGSDGNPI,0.24,Non-Hemolytic
Pep_570,LISGSTFSIGGVIHLS,0.283,Non-Hemolytic
Pep_571,LISIIVLVCSCDKNND,0.658,Hemolytic
Pep_572,LIVRLNQCMSANKAAI,0.208,Non-Hemolytic
Pep_573,LKIQNVIIDECYGAP,0.277,Non-Hemolytic
Pep_574,LKIQNVIIDECYGAPG,0.365,Non-Hemolytic
Pep_575,LLCVLPAVVY,0.698,Hemolytic
Pep_576,LLQLTVWGIKQLQARV,0.374,Non-Hemolytic
Pep_577,LLSGIVQQQSNLLRA,0.19,Non-Hemolytic
Pep_578,LLSMITMSA,0.283,Non-Hemolytic
Pep_579,LLSMITMSAFLIVRL,0.75,Hemolytic
Pep_580,LMQLTTKATTQIAPR,0.188,Non-Hemolytic
Pep_581,LMQLTTKATTQIAPRQ,0.194,Non-Hemolytic
Pep_582,LNIQTSVNTVVRDFE,0.184,Non-Hemolytic
Pep_583,LNIQTSVNTVVRDFEN,0.188,Non-Hemolytic
Pep_584,LPAVVYSTCTVPTMN,0.248,Non-Hemolytic
Pep_585,LPNKSDVLTTWLIDYV,0.196,Non-Hemolytic
Pep_586,LPTCVRSNEEFDPVDD,0.185,Non-Hemolytic
Pep_587,LQARVLAVERYLKDQ,0.183,Non-Hemolytic
Pep_588,LQLEHGSCQPVKEKY,0.175,Non-Hemolytic
Pep_589,LQLEHGSCQPVKEKYS,0.175,Non-Hemolytic
Pep_590,LQLTVWGIKQLQARV,0.175,Non-Hemolytic
Pep_591,LQLTVWGIKQLQARVL,0.192,Non-Hemolytic
Pep_592,LRAEQATQEVKNWMTE,0.181,Non-Hemolytic
Pep_593,LRPGGKKKY,0.241,Non-Hemolytic
Pep_594,LRSLCLFSY,0.331,Non-Hemolytic
Pep_595,LSAATETYSGLTPEQK,0.185,Non-Hemolytic
Pep_596,LSCKSGFTLTGSPSS,0.183,Non-Hemolytic
Pep_597,LSCKSGFTLTGSPSST,0.182,Non-Hemolytic
Pep_598,LSCNGETKY,0.197,Non-Hemolytic
Pep_599,LSCNGETKYFRCEEKN,0.197,Non-Hemolytic
Pep_600,LSERISSKLEQEANA,0.197,Non-Hemolytic
Pep_601,LSERISSKLEQEANAS,0.198,Non-Hemolytic
Pep_602,LSGIVQQQSNLLRAI,0.187,Non-Hemolytic
Pep_603,LSIVNRVRQGYSPLSF,0.199,Non-Hemolytic
Pep_604,LSKDVVQYEQEIESL,0.184,Non-Hemolytic
Pep_605,LSKDVVQYEQEIESLE,0.18,Non-Hemolytic
Pep_606,LSKLSKDVVQYEQEI,0.176,Non-Hemolytic
Pep_607,LSKLSKDVVQYEQEIE,0.176,Non-Hemolytic
Pep_608,LSMITMSAF,0.198,Non-Hemolytic
Pep_609,LSMITMSAFLIVRLN,0.728,Hemolytic
Pep_610,LSNGLISGSTFSIGG,0.196,Non-Hemolytic
Pep_611,LSNGLISGSTFSIGGV,0.19,Non-Hemolytic
Pep_612,LTGSPSSTCIDGKWNP,0.204,Non-Hemolytic
Pep_613,LTPEQKAYVPAMFTA,0.211,Non-Hemolytic
Pep_614,LTPEQKAYVPAMFTAA,0.219,Non-Hemolytic
Pep_615,LTSTETSFNDKQKVTF,0.178,Non-Hemolytic
Pep_616,LTTKATTQIAPRQVA,0.215,Non-Hemolytic
Pep_617,LTTKATTQIAPRQVAG,0.193,Non-Hemolytic
Pep_618,LTTWLIDYVEDTWGS,0.407,Non-Hemolytic
Pep_619,LTTWLIDYVEDTWGSD,0.422,Non-Hemolytic
Pep_620,LTVWGIKQLQARVLA,0.198,Non-Hemolytic
Pep_621,LTVWGIKQLQARVLAV,0.207,Non-Hemolytic
Pep_622,LVCSCDKNNDQYKFHK,0.186,Non-Hemolytic
Pep_623,LWDQSLKPCVKLTPLC,0.223,Non-Hemolytic
Pep_624,LWVTVYYGVPVWRDA,0.649,Hemolytic
Pep_625,LYDKPLYEV,0.175,Non-Hemolytic
Pep_626,LYDKPLYEVNSTMTLS,0.205,Non-Hemolytic
Pep_627,LYEVNSTMTL,0.175,Non-Hemolytic
Pep_628,LYEVNSTMTLSCNGET,0.272,Non-Hemolytic
Pep_629,LYKYKVVQI,0.191,Non-Hemolytic
Pep_630,LYYQGSCYI,0.183,Non-Hemolytic
Pep_631,LYYQGSCYIL,0.199,Non-Hemolytic
Pep_632,LYYQGSCYILHSDYKS,0.271,Non-Hemolytic
Pep_633,MCSADADAQLDAVLSA,0.301,Non-Hemolytic
Pep_634,MCTVSDYVSELYDKP,0.277,Non-Hemolytic
Pep_635,MCTVSDYVSELYDKPL,0.295,Non-Hemolytic
Pep_636,MDTFFRTSPMIIATT,0.309,Non-Hemolytic
Pep_637,MFTAALNIQTSVNTV,0.215,Non-Hemolytic
Pep_638,MFTAALNIQTSVNTVV,0.234,Non-Hemolytic
Pep_639,MIFGFLGAAGSTMGA,0.7,Hemolytic
Pep_640,MIVGGLIGL,0.457,Non-Hemolytic
Pep_641,MLKETINEEAAEWDR,0.197,Non-Hemolytic
Pep_642,MMTACQGVGGPSHKAR,0.287,Non-Hemolytic
Pep_643,MMTPENDEEQTSVFSA,0.248,Non-Hemolytic
Pep_644,MNNAKLTSTETSFND,0.326,Non-Hemolytic
Pep_645,MNNAKLTSTETSFNDK,0.349,Non-Hemolytic
Pep_646,MQEDVISLW,0.298,Non-Hemolytic
Pep_647,MQLTTKATTQIAPRQ,0.424,Non-Hemolytic
Pep_648,MQLTTKATTQIAPRQV,0.455,Non-Hemolytic
Pep_649,MQMLKETINEEAAEW,0.215,Non-Hemolytic
Pep_650,MQMLKETINEEAAEWD,0.208,Non-Hemolytic
Pep_651,MTACQGVGGPSHKARV,0.429,Non-Hemolytic
Pep_652,MTETLLVQNANPDCK,0.5,Non-Hemolytic
Pep_653,MTINCDVGY,0.188,Non-Hemolytic
Pep_654,MTLSCNGETKYFRCEE,0.342,Non-Hemolytic
Pep_655,MTPENDEEQTSVFSAT,0.222,Non-Hemolytic
Pep_656,MYYAKRMLF,0.202,Non-Hemolytic
Pep_657,MYYAKRMLFT,0.188,Non-Hemolytic
Pep_658,MYYAKRMLFTSTNDK,0.246,Non-Hemolytic
Pep_659,NAECQPLQL,0.185,Non-Hemolytic
Pep_660,NAECQPLQLEHGSCQP,0.196,Non-Hemolytic
Pep_661,NAKLTSTETSFNDKQ,0.202,Non-Hemolytic
Pep_662,NAKLTSTETSFNDKQK,0.24,Non-Hemolytic
Pep_663,NASAQTKCDIEIGNFY,0.177,Non-Hemolytic
Pep_664,NAVCETDKWKYENPCK,0.181,Non-Hemolytic
Pep_665,NCAAESSTLPNKSDVL,0.182,Non-Hemolytic
Pep_666,NCDVGYEVIGVSYIS,0.214,Non-Hemolytic
Pep_667,NDEEQTSVFSATVYG,0.198,Non-Hemolytic
Pep_668,NDEEQTSVFSATVYGD,0.199,Non-Hemolytic
Pep_669,NDKIKLILANKENVH,0.208,Non-Hemolytic
Pep_670,NDKIKLILANKENVHW,0.194,Non-Hemolytic
Pep_671,NDKQKVTFTCDSGYHS,0.301,Non-Hemolytic
Pep_672,NDQYKFHKL,0.183,Non-Hemolytic
Pep_673,NDTVTCPNAECQPLQL,0.224,Non-Hemolytic
Pep_674,NEEFDPVDDGPDDET,0.199,Non-Hemolytic
Pep_675,NEEFDPVDDGPDDETD,0.202,Non-Hemolytic
Pep_676,NFYIRQNHGCNITVKN,0.233,Non-Hemolytic
Pep_677,NGETKYFRCEEKNGNT,0.191,Non-Hemolytic
Pep_678,NGLISGSTFSIGGVI,0.191,Non-Hemolytic
Pep_679,NGLISGSTFSIGGVIH,0.188,Non-Hemolytic
Pep_680,NGLYYQGSCY,0.189,Non-Hemolytic
Pep_681,NGLYYQGSCYILHSD,0.384,Non-Hemolytic
Pep_682,NGLYYQGSCYILHSDY,0.433,Non-Hemolytic
Pep_683,NGNTSWNDTVTCPNAE,0.217,Non-Hemolytic
Pep_684,NHGCNITVKNMCSADA,0.326,Non-Hemolytic
Pep_685,NIQTSVNTVVRDFENY,0.191,Non-Hemolytic
Pep_686,NITVKNMCSADADAQ,0.252,Non-Hemolytic
Pep_687,NITVKNMCSADADAQL,0.291,Non-Hemolytic
Pep_688,NKENVHWTTYMDTFF,0.241,Non-Hemolytic
Pep_689,NKENVHWTTYMDTFFR,0.257,Non-Hemolytic
Pep_690,NKLKIQNVIIDECYG,0.215,Non-Hemolytic
Pep_691,NKRKRVIGL,0.306,Non-Hemolytic
Pep_692,NKRKRVIGLCIRISM,0.213,Non-Hemolytic
Pep_693,NKSDVLTTW,0.182,Non-Hemolytic
Pep_694,NKSDVLTTWLIDYVE,0.194,Non-Hemolytic
Pep_695,NKSDVLTTWLIDYVED,0.186,Non-Hemolytic
Pep_696,NLEFINTGSSKGNCA,0.205,Non-Hemolytic
Pep_697,NMCSADADAQLDAVLS,0.182,Non-Hemolytic
Pep_698,NNAKLTSTETSFNDK,0.251,Non-Hemolytic
Pep_699,NNAKLTSTETSFNDKQ,0.197,Non-Hemolytic
Pep_700,NPCKKMCTV,0.178,Non-Hemolytic
Pep_701,NPCKKMCTVSDYVSEL,0.189,Non-Hemolytic
Pep_702,NPILPTCVRSNEEFDP,0.183,Non-Hemolytic
Pep_703,NPITKTTSDY,0.453,Non-Hemolytic
Pep_704,NPITKTTSDYQDSDV,0.29,Non-Hemolytic
Pep_705,NPITKTTSDYQDSDVS,0.272,Non-Hemolytic
Pep_706,NSSAVVDNKLKIQNV,0.222,Non-Hemolytic
Pep_707,NSTMTLSCNGETKYFR,0.184,Non-Hemolytic
Pep_708,NSWNVIPSCQQKCDIP,0.194,Non-Hemolytic
Pep_709,NTLSERISSKLEQEA,0.202,Non-Hemolytic
Pep_710,NTLSERISSKLEQEAN,0.203,Non-Hemolytic
Pep_711,NTSWNDTVTCPNAECQ,0.315,Non-Hemolytic
Pep_712,NTVVRDFENY,0.192,Non-Hemolytic
Pep_713,NTVVRDFENYVKQTC,0.181,Non-Hemolytic
Pep_714,NTVVRDFENYVKQTCN,0.183,Non-Hemolytic
Pep_715,NVHWTTYMDTFFRTS,0.221,Non-Hemolytic
Pep_716,NVHWTTYMDTFFRTSP,0.256,Non-Hemolytic
Pep_717,NVIIDECYGAPGSPTN,0.282,Non-Hemolytic
Pep_718,NVIPSCQQKCDIPSLS,0.178,Non-Hemolytic
Pep_719,NVWATHACVPTDPNP,0.31,Non-Hemolytic
Pep_720,NWMTETLLV,0.178,Non-Hemolytic
Pep_721,NWMTETLLVQNANPD,0.237,Non-Hemolytic
Pep_722,NWRSELYKYKVVQIE,0.28,Non-Hemolytic
Pep_723,NWRSELYKYKVVQIEP,0.274,Non-Hemolytic
Pep_724,NYVKQTCNSSAVVDNK,0.208,Non-Hemolytic
Pep_725,PAMFTAALNIQTSVN,0.196,Non-Hemolytic
Pep_726,PAMFTAALNIQTSVNT,0.185,Non-Hemolytic
Pep_727,PAVVYSTCTVPTMNN,0.199,Non-Hemolytic
Pep_728,PCKKMCTVSDYVSELY,0.237,Non-Hemolytic
Pep_729,PDDETDLSKLSKDVVQ,0.183,Non-Hemolytic
Pep_730,PENDEEQTSVFSATV,0.186,Non-Hemolytic
Pep_731,PENDEEQTSVFSATVY,0.197,Non-Hemolytic
Pep_732,PEQKAYVPAMFTAAL,0.228,Non-Hemolytic
Pep_733,PEQKAYVPAMFTAALN,0.194,Non-Hemolytic
Pep_734,PEVIPMFSALSEGAT,0.176,Non-Hemolytic
Pep_735,PFRDYVDRF,0.186,Non-Hemolytic
Pep_736,PFRDYVDRFYKTLRA,0.188,Non-Hemolytic
Pep_737,PGQMREPRGSDIAGT,0.208,Non-Hemolytic
Pep_738,PGQMREPRGSDIAGTT,0.194,Non-Hemolytic
Pep_739,PILPTCVRSNEEFDPV,0.192,Non-Hemolytic
Pep_740,PITKTTSDYQDSDVS,0.203,Non-Hemolytic
Pep_741,PITKTTSDYQDSDVSQ,0.186,Non-Hemolytic
Pep_742,PKEPFRDYVDRFYKT,0.183,Non-Hemolytic
Pep_743,PLQLEHGSCQPVKEK,0.18,Non-Hemolytic
Pep_744,PLQLEHGSCQPVKEKY,0.178,Non-Hemolytic
Pep_745,PLYEVNSTM,0.176,Non-Hemolytic
Pep_746,PLYEVNSTMTLSCNGE,0.301,Non-Hemolytic
Pep_747,PNAECQPLQLEHGSCQ,0.198,Non-Hemolytic
Pep_748,PNAVCETDKWKYENP,0.177,Non-Hemolytic
Pep_749,PNAVCETDKWKYENPC,0.185,Non-Hemolytic
Pep_750,PNKSDVLTTWLIDYV,0.217,Non-Hemolytic
Pep_751,PNKSDVLTTWLIDYVE,0.193,Non-Hemolytic
Pep_752,PRGSDIAGTTSTLQE,0.198,Non-Hemolytic
Pep_753,PRGSDIAGTTSTLQEQ,0.198,Non-Hemolytic
Pep_754,PRQVAGTGVQFYMIVI,0.195,Non-Hemolytic
Pep_755,PSCQQKCDIPSLSNGL,0.183,Non-Hemolytic
Pep_756,PSLSNGLISGSTFSIG,0.196,Non-Hemolytic
Pep_757,PSSTCIDGKWNPILPT,0.188,Non-Hemolytic
Pep_758,PTCVRSNEEFDPVDD,0.191,Non-Hemolytic
Pep_759,PTCVRSNEEFDPVDDG,0.197,Non-Hemolytic
Pep_760,PTDPNPQEI,0.195,Non-Hemolytic
Pep_761,PTMNNAKLTSTETSFN,0.186,Non-Hemolytic
Pep_762,PTNLEFINTGSSKGN,0.193,Non-Hemolytic
Pep_763,PVDDGPDDETDLSKLS,0.199,Non-Hemolytic
Pep_764,PVGDIYKRWIILGLN,0.23,Non-Hemolytic
Pep_765,PVKEKYSFGEYMTIN,0.191,Non-Hemolytic
Pep_766,PVKEKYSFGEYMTINC,0.218,Non-Hemolytic
Pep_767,QAAMQMLKETINEEA,0.183,Non-Hemolytic
Pep_768,QARQLLSGIVQQQSN,0.184,Non-Hemolytic
Pep_769,QATQEVKNWMTETLL,0.181,Non-Hemolytic
Pep_770,QATQEVKNWMTETLLV,0.18,Non-Hemolytic
Pep_771,QCTHGIKPVVSTQLL,0.181,Non-Hemolytic
Pep_772,QEANASAQTKCDIEIG,0.212,Non-Hemolytic
Pep_773,QEIESLEAT,0.184,Non-Hemolytic
Pep_774,QEIESLEATY,0.178,Non-Hemolytic
Pep_775,QEIESLEATYHIIIM,0.199,Non-Hemolytic
Pep_776,QEIESLEATYHIIIMA,0.255,Non-Hemolytic
Pep_777,QEVKNWMTETLLVQN,0.195,Non-Hemolytic
Pep_778,QEVKNWMTETLLVQNA,0.205,Non-Hemolytic
Pep_779,QGKNKRKRV,0.254,Non-Hemolytic
Pep_780,QGPKEPFRDYVDRFY,0.19,Non-Hemolytic
Pep_781,QGPKEPFRDYVDRFYK,0.184,Non-Hemolytic
Pep_782,QGSCYILHSDYKSFED,0.237,Non-Hemolytic
Pep_783,QHLLQLTVW,0.249,Non-Hemolytic
Pep_784,QHLLQLTVWGIKQLQA,0.236,Non-Hemolytic
Pep_785,QIAPRQVAGTGVQFYM,0.197,Non-Hemolytic
Pep_786,QKAYVPAMFTAALNI,0.419,Non-Hemolytic
Pep_787,QKAYVPAMFTAALNIQ,0.427,Non-Hemolytic
Pep_788,QKCDIPSLSNGLISGS,0.189,Non-Hemolytic
Pep_789,QKVTFTCDSGYHSLDP,0.341,Non-Hemolytic
Pep_790,QLDAVLSAATETYSG,0.19,Non-Hemolytic
Pep_791,QLEHGSCQPVKEKYS,0.177,Non-Hemolytic
Pep_792,QLEHGSCQPVKEKYSF,0.177,Non-Hemolytic
Pep_793,QLLSGIVQQQSNLLR,0.189,Non-Hemolytic
Pep_794,QLQARVLAV,0.19,Non-Hemolytic
Pep_795,QLQARVLAVERYLKD,0.184,Non-Hemolytic
Pep_796,QLQARVLAVERYLKDQ,0.181,Non-Hemolytic
Pep_797,QLTTKATTQIAPRQV,0.211,Non-Hemolytic
Pep_798,QLTTKATTQIAPRQVA,0.221,Non-Hemolytic
Pep_799,QLTVWGIKQLQARVL,0.175,Non-Hemolytic
Pep_800,QLTVWGIKQLQARVLA,0.19,Non-Hemolytic
Pep_801,QMLKETINEEAAEWD,0.179,Non-Hemolytic
Pep_802,QMLKETINEEAAEWDR,0.189,Non-Hemolytic
Pep_803,QMQEDVISL,0.195,Non-Hemolytic
Pep_804,QMREPRGSDIAGTTS,0.245,Non-Hemolytic
Pep_805,QNHGCNITVKNMCSAD,0.225,Non-Hemolytic
Pep_806,QNVIIDECYGAPGSP,0.248,Non-Hemolytic
Pep_807,QNVIIDECYGAPGSPT,0.239,Non-Hemolytic
Pep_808,QPLQLEHGSCQPVKE,0.219,Non-Hemolytic
Pep_809,QPLQLEHGSCQPVKEK,0.252,Non-Hemolytic
Pep_810,QPVKEKYSF,0.182,Non-Hemolytic
Pep_811,QPVKEKYSFGEYMTI,0.179,Non-Hemolytic
Pep_812,QPVKEKYSFGEYMTIN,0.185,Non-Hemolytic
Pep_813,QQHLLQLTVWGIKQLQ,0.202,Non-Hemolytic
Pep_814,QQKCDIPSL,0.204,Non-Hemolytic
Pep_815,QQKCDIPSLSNGLISG,0.243,Non-Hemolytic
Pep_816,QSLKPCVKLTPLCVTL,0.217,Non-Hemolytic
Pep_817,QTCNSSAVVDNKLKI,0.209,Non-Hemolytic
Pep_818,QTKCDIEIGNFYIRQN,0.185,Non-Hemolytic
Pep_819,QTSVFSATVY,0.218,Non-Hemolytic
Pep_820,QTSVFSATVYGDKIQ,0.19,Non-Hemolytic
Pep_821,QTSVFSATVYGDKIQG,0.187,Non-Hemolytic
Pep_822,QTSVNTVVRDFENYV,0.187,Non-Hemolytic
Pep_823,QTSVNTVVRDFENYVK,0.187,Non-Hemolytic
Pep_824,QTTVNTLSERISSKL,0.208,Non-Hemolytic
Pep_825,QVAGTGVQF,0.217,Non-Hemolytic
Pep_826,QVAGTGVQFY,0.196,Non-Hemolytic
Pep_827,QYDHKESCNGLYYQGS,0.204,Non-Hemolytic
Pep_828,QYEQEIESL,0.179,Non-Hemolytic
Pep_829,QYEQEIESLEATYHI,0.185,Non-Hemolytic
Pep_830,QYEQEIESLEATYHII,0.19,Non-Hemolytic
Pep_831,RAEQATQEV,0.257,Non-Hemolytic
Pep_832,RAEQATQEVKNWMTET,0.189,Non-Hemolytic
Pep_833,RCEEKNGNTSWNDTVT,0.182,Non-Hemolytic
Pep_834,RDFENYVKQTCNSSAV,0.177,Non-Hemolytic
Pep_835,RDYVDRFYKTLRAEQ,0.19,Non-Hemolytic
Pep_836,REPRGSDIAGTTSTL,0.275,Non-Hemolytic
Pep_837,REPRGSDIAGTTSTLQ,0.244,Non-Hemolytic
Pep_838,RFALNPGLL,0.182,Non-Hemolytic
Pep_839,RGSDIAGTTSTLQEQ,0.199,Non-Hemolytic
Pep_840,RGSDIAGTTSTLQEQI,0.207,Non-Hemolytic
Pep_841,RISSKLEQEANASAQ,0.187,Non-Hemolytic
Pep_842,RISSKLEQEANASAQT,0.184,Non-Hemolytic
Pep_843,RKVVSSTTQY,0.192,Non-Hemolytic
Pep_844,RKVVSSTTQYDHKES,0.222,Non-Hemolytic
Pep_845,RKVVSSTTQYDHKESC,0.21,Non-Hemolytic
Pep_846,RLINCNTSV,0.187,Non-Hemolytic
Pep_847,RLRPGGKKKY,0.274,Non-Hemolytic
Pep_848,RLVSGFLAL,0.415,Non-Hemolytic
Pep_849,RQGPKEPFRDYVDRF,0.218,Non-Hemolytic
Pep_850,RQGYSPLSF,0.194,Non-Hemolytic
Pep_851,RQLLSGIVQQQSNLL,0.189,Non-Hemolytic
Pep_852,RQNHGCNITVKNMCSA,0.245,Non-Hemolytic
Pep_853,RQVAGTGVQF,0.314,Non-Hemolytic
Pep_854,RRIRQGLER,0.189,Non-Hemolytic
Pep_855,RSNEEFDPVDDGPDD,0.19,Non-Hemolytic
Pep_856,RSNEEFDPVDDGPDDE,0.188,Non-Hemolytic
Pep_857,RVRQGYSPL,0.204,Non-Hemolytic
Pep_858,RWIILGLNKIVRMYS,0.602,Hemolytic
Pep_859,RWIILGLNKIVRMYSP,0.629,Hemolytic
Pep_860,SAATETYSGLTPEQKA,0.232,Non-Hemolytic
Pep_861,SAQTKCDIEIGNFYIR,0.181,Non-Hemolytic
Pep_862,SATVYGDKIQGKNKR,0.247,Non-Hemolytic
Pep_863,SATVYGDKIQGKNKRK,0.296,Non-Hemolytic
Pep_864,SAVAVAAASSTHRKV,0.31,Non-Hemolytic
Pep_865,SAVAVAAASSTHRKVV,0.3,Non-Hemolytic
Pep_866,SAVVDNKLKIQNVII,0.184,Non-Hemolytic
Pep_867,SCDKNNDQY,0.193,Non-Hemolytic
Pep_868,SCDKNNDQYKFHKLLP,0.178,Non-Hemolytic
Pep_869,SCKSGFTLTGSPSST,0.186,Non-Hemolytic
Pep_870,SCNGETKYFRCEEKNG,0.218,Non-Hemolytic
Pep_871,SCNGLYYQGSCYILHS,0.228,Non-Hemolytic
Pep_872,SCQPVKEKY,0.18,Non-Hemolytic
Pep_873,SCQPVKEKYSFGEYMT,0.177,Non-Hemolytic
Pep_874,SCQQKCDIPSLSNGLI,0.183,Non-Hemolytic
Pep_875,SCTANSWNVIPSCQQK,0.196,Non-Hemolytic
Pep_876,SCYILHSDY,0.178,Non-Hemolytic
Pep_877,SCYILHSDYKSFEDA,0.198,Non-Hemolytic
Pep_878,SCYILHSDYKSFEDAK,0.191,Non-Hemolytic
Pep_879,SDGNPITKTTSDYQD,0.191,Non-Hemolytic
Pep_880,SDGNPITKTTSDYQDS,0.204,Non-Hemolytic
Pep_881,SDVLTTWLIDYVEDT,0.194,Non-Hemolytic
Pep_882,SDVLTTWLIDYVEDTW,0.216,Non-Hemolytic
Pep_883,SDVSQEVRKY,0.244,Non-Hemolytic
Pep_884,SDYKSFEDAKANCAA,0.191,Non-Hemolytic
Pep_885,SDYKSFEDAKANCAAE,0.197,Non-Hemolytic
Pep_886,SDYQDSDVSQEVRKY,0.194,Non-Hemolytic
Pep_887,SDYQDSDVSQEVRKYF,0.19,Non-Hemolytic
Pep_888,SDYVSELYDKPLYEV,0.192,Non-Hemolytic
Pep_889,SDYVSELYDKPLYEVN,0.195,Non-Hemolytic
Pep_890,SEGATPQDL,0.271,Non-Hemolytic
Pep_891,SELYDKPLY,0.179,Non-Hemolytic
Pep_892,SELYDKPLYEVNSTM,0.181,Non-Hemolytic
Pep_893,SELYDKPLYEVNSTMT,0.179,Non-Hemolytic
Pep_894,SELYKYKVV,0.178,Non-Hemolytic
Pep_895,SERISSKLEQEANAS,0.212,Non-Hemolytic
Pep_896,SERISSKLEQEANASA,0.2,Non-Hemolytic
Pep_897,SFDPIPIHY,0.202,Non-Hemolytic
Pep_898,SFDPIPIHYC,0.199,Non-Hemolytic
Pep_899,SFEDAKANCAAESSTL,0.182,Non-Hemolytic
Pep_900,SFGEYMTINCDVGYE,0.268,Non-Hemolytic
Pep_901,SFNDKQKVTF,0.183,Non-Hemolytic
Pep_902,SFNDKQKVTFTCDSGY,0.405,Non-Hemolytic
Pep_903,SGIVQQQSNLLRAIE,0.187,Non-Hemolytic
Pep_904,SGLTPEQKAY,0.193,Non-Hemolytic
Pep_905,SGLTPEQKAYVPAMF,0.177,Non-Hemolytic
Pep_906,SGLTPEQKAYVPAMFT,0.178,Non-Hemolytic
Pep_907,SGSTFSIGGVIHLSCK,0.203,Non-Hemolytic
Pep_908,SGYHSLDPNAVCETD,0.195,Non-Hemolytic
Pep_909,SGYHSLDPNAVCETDK,0.179,Non-Hemolytic
Pep_910,SIGGVIHLSCKSGFT,0.184,Non-Hemolytic
Pep_911,SIGGVIHLSCKSGFTL,0.184,Non-Hemolytic
Pep_912,SIIVLVCSCDKNNDQY,0.251,Non-Hemolytic
Pep_913,SIQTTVNTL,0.202,Non-Hemolytic
Pep_914,SIQTTVNTLSERISS,0.206,Non-Hemolytic
Pep_915,SITLTVQARQLLSGI,0.183,Non-Hemolytic
Pep_916,SIVNRVRQGY,0.188,Non-Hemolytic
Pep_917,SIVNRVRQGYSPLSFQ,0.187,Non-Hemolytic
Pep_918,SKDVVQYEQEIESLE,0.176,Non-Hemolytic
Pep_919,SKDVVQYEQEIESLEA,0.176,Non-Hemolytic
Pep_920,SKLEQEANASAQTKC,0.185,Non-Hemolytic
Pep_921,SKLEQEANASAQTKCD,0.186,Non-Hemolytic
Pep_922,SKLSKDVVQY,0.182,Non-Hemolytic
Pep_923,SKLSKDVVQYEQEIE,0.178,Non-Hemolytic
Pep_924,SKLSKDVVQYEQEIES,0.178,Non-Hemolytic
Pep_925,SLDPNAVCETDKWKYE,0.178,Non-Hemolytic
Pep_926,SLLSMITMSA,0.266,Non-Hemolytic
Pep_927,SLLSMITMSAFLIVR,0.738,Hemolytic
Pep_928,SLSNGLISGSTFSIG,0.197,Non-Hemolytic
Pep_929,SLSNGLISGSTFSIGG,0.192,Non-Hemolytic
Pep_930,SLWDQSLKP,0.205,Non-Hemolytic
Pep_931,SLWDQSLKPC,0.2,Non-Hemolytic
Pep_932,SMITMSAFL,0.196,Non-Hemolytic
Pep_933,SMITMSAFLIVRLNQ,0.524,Non-Hemolytic
Pep_934,SMVISLLSM,0.202,Non-Hemolytic
Pep_935,SNEEFDPVDDGPDDE,0.204,Non-Hemolytic
Pep_936,SNEEFDPVDDGPDDET,0.194,Non-Hemolytic
Pep_937,SNGLISGSTFSIGGV,0.187,Non-Hemolytic
Pep_938,SNGLISGSTFSIGGVI,0.187,Non-Hemolytic
Pep_939,SPMIIATTDI,0.228,Non-Hemolytic
Pep_940,SPRTLNAWV,0.195,Non-Hemolytic
Pep_941,SPRTLNAWVKVVEEK,0.186,Non-Hemolytic
Pep_942,SPSSTCIDGKWNPILP,0.192,Non-Hemolytic
Pep_943,SPTNLEFINTGSSKG,0.207,Non-Hemolytic
Pep_944,SSAVVDNKLKIQNVI,0.196,Non-Hemolytic
Pep_945,SSKLEQEANASAQTK,0.184,Non-Hemolytic
Pep_946,SSKLEQEANASAQTKC,0.184,Non-Hemolytic
Pep_947,SSTCIDGKWNPILPTC,0.187,Non-Hemolytic
Pep_948,SSTHRKVVSSTTQYD,0.226,Non-Hemolytic
Pep_949,SSTHRKVVSSTTQYDH,0.243,Non-Hemolytic
Pep_950,SSTLPNKSDVLTTWLI,0.177,Non-Hemolytic
Pep_951,SSTTQYDHKESCNGL,0.191,Non-Hemolytic
Pep_952,SSTTQYDHKESCNGLY,0.188,Non-Hemolytic
Pep_953,SSVQCTHGIKPVVST,0.2,Non-Hemolytic
Pep_954,STCIDGKWNPILPTCV,0.18,Non-Hemolytic
Pep_955,STETSFNDKQKVTFTC,0.186,Non-Hemolytic
Pep_956,STFSIGGVIHLSCKS,0.186,Non-Hemolytic
Pep_957,STFSIGGVIHLSCKSG,0.186,Non-Hemolytic
Pep_958,STHRKVVSSTTQYDH,0.217,Non-Hemolytic
Pep_959,STHRKVVSSTTQYDHK,0.273,Non-Hemolytic
Pep_960,STLPNKSDVLTTWLID,0.175,Non-Hemolytic
Pep_961,STMGAASITLTVQAR,0.242,Non-Hemolytic
Pep_962,STMTLSCNGETKYFRC,0.185,Non-Hemolytic
Pep_963,STNDKIKLI,0.33,Non-Hemolytic
Pep_964,STNDKIKLILANKEN,0.226,Non-Hemolytic
Pep_965,STNDKIKLILANKENV,0.238,Non-Hemolytic
Pep_966,STTQYDHKESCNGLYY,0.191,Non-Hemolytic
Pep_967,SVFSATVYGDKIQGK,0.19,Non-Hemolytic
Pep_968,SVFSATVYGDKIQGKN,0.196,Non-Hemolytic
Pep_969,SVNTVVRDF,0.213,Non-Hemolytic
Pep_970,SVNTVVRDFENYVKQ,0.189,Non-Hemolytic
Pep_971,SVNTVVRDFENYVKQT,0.185,Non-Hemolytic
Pep_972,SVQCTHGIKPVVSTQ,0.204,Non-Hemolytic
Pep_973,SVRLVSGFL,0.202,Non-Hemolytic
Pep_974,SVVTLLCVLPAVVYS,0.742,Hemolytic
Pep_975,SWNDTVTCPNAECQPL,0.344,Non-Hemolytic
Pep_976,SWNVIPSCQQKCDIPS,0.192,Non-Hemolytic
Pep_977,SYISCTANSW,0.176,Non-Hemolytic
Pep_978,SYISCTANSWNVIPSC,0.2,Non-Hemolytic
Pep_979,TAALNIQTSVNTVVR,0.183,Non-Hemolytic
Pep_980,TAALNIQTSVNTVVRD,0.187,Non-Hemolytic
Pep_981,TACQGVGGPSHKARVL,0.335,Non-Hemolytic
Pep_982,TANSWNVIPSCQQKC,0.187,Non-Hemolytic
Pep_983,TANSWNVIPSCQQKCD,0.195,Non-Hemolytic
Pep_984,TCDSGYHSL,0.194,Non-Hemolytic
Pep_985,TCDSGYHSLDPNAVC,0.288,Non-Hemolytic
Pep_986,TCDSGYHSLDPNAVCE,0.396,Non-Hemolytic
Pep_987,TCIDGKWNPILPTCVR,0.184,Non-Hemolytic
Pep_988,TCNSSAVVDNKLKIQ,0.199,Non-Hemolytic
Pep_989,TCPNAECQPLQLEHGS,0.222,Non-Hemolytic
Pep_990,TCVRSNEEFDPVDDG,0.197,Non-Hemolytic
Pep_991,TCVRSNEEFDPVDDGP,0.182,Non-Hemolytic
Pep_992,TDKWKYENPCKKMCTV,0.189,Non-Hemolytic
Pep_993,TDLSKLSKDVVQYEQ,0.181,Non-Hemolytic
Pep_994,TDLSKLSKDVVQYEQE,0.178,Non-Hemolytic
Pep_995,TDSAVAVAAASSTHR,0.226,Non-Hemolytic
Pep_996,TDSAVAVAAASSTHRK,0.266,Non-Hemolytic
Pep_997,TETSFNDKQKVTFTCD,0.205,Non-Hemolytic
Pep_998,TETYSGLTPEQKAYV,0.175,Non-Hemolytic
Pep_999,TETYSGLTPEQKAYVP,0.177,Non-Hemolytic
Pep_1000,TFFRTSPMI,0.179,Non-Hemolytic
Pep_1001,TFFRTSPMIIATTDI,0.188,Non-Hemolytic
Pep_1002,TFSIGGVIHL,0.184,Non-Hemolytic
Pep_1003,TFSIGGVIHLSCKSGF,0.199,Non-Hemolytic
Pep_1004,TFTCDSGYHSLDPNAV,0.255,Non-Hemolytic
Pep_1005,TGSPSSTCIDGKWNPI,0.203,Non-Hemolytic
Pep_1006,THGIKPVVSTQLLLN,0.184,Non-Hemolytic
Pep_1007,THRKVVSSTTQYDHK,0.272,Non-Hemolytic
Pep_1008,THRKVVSSTTQYDHKE,0.261,Non-Hemolytic
Pep_1009,TIMGVIFLI,0.692,Hemolytic
Pep_1010,TKATTQIAPRQVAGT,0.223,Non-Hemolytic
Pep_1011,TKATTQIAPRQVAGTG,0.205,Non-Hemolytic
Pep_1012,TKCDIEIGNFYIRQNH,0.184,Non-Hemolytic
Pep_1013,TKTTSDYQDSDVSQE,0.19,Non-Hemolytic
Pep_1014,TKTTSDYQDSDVSQEV,0.188,Non-Hemolytic
Pep_1015,TKYFRCEEKNGNTSWN,0.19,Non-Hemolytic
Pep_1016,TLEEMMTACQGVGGPS,0.185,Non-Hemolytic
Pep_1017,TLLCVLPAV,0.527,Non-Hemolytic
Pep_1018,TLNAWVKVV,0.179,Non-Hemolytic
Pep_1019,TLPNKSDVL,0.223,Non-Hemolytic
Pep_1020,TLPNKSDVLTTWLIDY,0.19,Non-Hemolytic
Pep_1021,TLSCNGETKY,0.189,Non-Hemolytic
Pep_1022,TLSCNGETKYFRCEEK,0.206,Non-Hemolytic
Pep_1023,TLSERISSKL,0.199,Non-Hemolytic
Pep_1024,TLSERISSKLEQEAN,0.199,Non-Hemolytic
Pep_1025,TLSERISSKLEQEANA,0.191,Non-Hemolytic
Pep_1026,TLTGSPSSTCIDGKWN,0.196,Non-Hemolytic
Pep_1027,TMGAASITL,0.181,Non-Hemolytic
Pep_1028,TMGAASITLTVQARQ,0.273,Non-Hemolytic
Pep_1029,TMNNAKLTSTETSFND,0.199,Non-Hemolytic
Pep_1030,TMTLSCNGETKYFRCE,0.203,Non-Hemolytic
Pep_1031,TNDKIKLIL,0.207,Non-Hemolytic
Pep_1032,TNDKIKLILANKENV,0.224,Non-Hemolytic
Pep_1033,TNDKIKLILANKENVH,0.204,Non-Hemolytic
Pep_1034,TNLEFINTGSSKGNC,0.235,Non-Hemolytic
Pep_1035,TPENDEEQTSVFSAT,0.185,Non-Hemolytic
Pep_1036,TPENDEEQTSVFSATV,0.185,Non-Hemolytic
Pep_1037,TPEQKAYVPAMFTAA,0.202,Non-Hemolytic
Pep_1038,TPEQKAYVPAMFTAAL,0.212,Non-Hemolytic
Pep_1039,TQEVKNWMTETLLVQ,0.186,Non-Hemolytic
Pep_1040,TQEVKNWMTETLLVQN,0.185,Non-Hemolytic
Pep_1041,TQIAPRQVAGTGVQFY,0.209,Non-Hemolytic
Pep_1042,TQYDHKESCNGLYYQG,0.2,Non-Hemolytic
Pep_1043,TSDYQDSDVSQEVRK,0.213,Non-Hemolytic
Pep_1044,TSDYQDSDVSQEVRKY,0.198,Non-Hemolytic
Pep_1045,TSFNDKQKVTFTCDSG,0.215,Non-Hemolytic
Pep_1046,TSTETSFNDKQKVTFT,0.185,Non-Hemolytic
Pep_1047,TSTNDKIKLILANKE,0.205,Non-Hemolytic
Pep_1048,TSTNDKIKLILANKEN,0.218,Non-Hemolytic
Pep_1049,TSVFSATVY,0.2,Non-Hemolytic
Pep_1050,TSVFSATVYGDKIQG,0.181,Non-Hemolytic
Pep_1051,TSVFSATVYGDKIQGK,0.184,Non-Hemolytic
Pep_1052,TSVNTVVRDFENYVK,0.184,Non-Hemolytic
Pep_1053,TSVNTVVRDFENYVKQ,0.193,Non-Hemolytic
Pep_1054,TSWNDTVTCPNAECQP,0.328,Non-Hemolytic
Pep_1055,TTKATTQIAPRQVAG,0.223,Non-Hemolytic
Pep_1056,TTKATTQIAPRQVAGT,0.219,Non-Hemolytic
Pep_1057,TTQIAPRQVAGTGVQ,0.198,Non-Hemolytic
Pep_1058,TTQIAPRQVAGTGVQF,0.198,Non-Hemolytic
Pep_1059,TTQYDHKESCNGLYYQ,0.189,Non-Hemolytic
Pep_1060,TTSDYQDSDVSQEVR,0.212,Non-Hemolytic
Pep_1061,TTSDYQDSDVSQEVRK,0.206,Non-Hemolytic
Pep_1062,TTWLIDYVEDTWGSD,0.265,Non-Hemolytic
Pep_1063,TTWLIDYVEDTWGSDG,0.297,Non-Hemolytic
Pep_1064,TTYMDTFFRTSPMII,0.18,Non-Hemolytic
Pep_1065,TVKNMCSADADAQLDA,0.206,Non-Hemolytic
Pep_1066,TVPTMNNAKLTSTET,0.206,Non-Hemolytic
Pep_1067,TVPTMNNAKLTSTETS,0.208,Non-Hemolytic
Pep_1068,TVSDYVSEL,0.184,Non-Hemolytic
Pep_1069,TVSDYVSELY,0.19,Non-Hemolytic
Pep_1070,TVSDYVSELYDKPLY,0.194,Non-Hemolytic
Pep_1071,TVSDYVSELYDKPLYE,0.198,Non-Hemolytic
Pep_1072,TVTCPNAECQPLQLEH,0.203,Non-Hemolytic
Pep_1073,TVVRDFENY,0.192,Non-Hemolytic
Pep_1074,TVVRDFENYVKQTCN,0.186,Non-Hemolytic
Pep_1075,TVVRDFENYVKQTCNS,0.184,Non-Hemolytic
Pep_1076,TVWGIKQLQARVLAV,0.182,Non-Hemolytic
Pep_1077,TVWGIKQLQARVLAVE,0.19,Non-Hemolytic
Pep_1078,TVYGDKIQGKNKRKR,0.249,Non-Hemolytic
Pep_1079,TVYGDKIQGKNKRKRV,0.355,Non-Hemolytic
Pep_1080,TWGSDGNPITKTTSDY,0.201,Non-Hemolytic
Pep_1081,TWLIDYVEDTWGSDG,0.306,Non-Hemolytic
Pep_1082,TWLIDYVEDTWGSDGN,0.305,Non-Hemolytic
Pep_1083,TYHIIIMAL,0.491,Non-Hemolytic
Pep_1084,TYMDTFFRT,0.182,Non-Hemolytic
Pep_1085,TYMDTFFRTSPMIIA,0.192,Non-Hemolytic
Pep_1086,TYSGLTPEQKAYVPA,0.177,Non-Hemolytic
Pep_1087,TYSGLTPEQKAYVPAM,0.177,Non-Hemolytic
Pep_1088,VAAASSTHRKVVSSTT,0.339,Non-Hemolytic
Pep_1089,VAGTGVQFY,0.196,Non-Hemolytic
Pep_1090,VAVAAASSTHRKVVSS,0.306,Non-Hemolytic
Pep_1091,VCETDKWKY,0.176,Non-Hemolytic
Pep_1092,VCETDKWKYENPCKKM,0.184,Non-Hemolytic
Pep_1093,VCSCDKNNDQYKFHKL,0.188,Non-Hemolytic
Pep_1094,VDDGPDDETDLSKLSK,0.208,Non-Hemolytic
Pep_1095,VDNKLKIQNVIIDEC,0.19,Non-Hemolytic
Pep_1096,VEDTWGSDGNPITKT,0.196,Non-Hemolytic
Pep_1097,VEDTWGSDGNPITKTT,0.191,Non-Hemolytic
Pep_1098,VFSATVYGDKIQGKN,0.194,Non-Hemolytic
Pep_1099,VFSATVYGDKIQGKNK,0.197,Non-Hemolytic
Pep_1100,VGDIYKRWIILGLNK,0.215,Non-Hemolytic
Pep_1101,VGYEVIGVSY,0.198,Non-Hemolytic
Pep_1102,VGYEVIGVSYISCTA,0.607,Hemolytic
Pep_1103,VGYEVIGVSYISCTAN,0.479,Non-Hemolytic
Pep_1104,VHNVWATHACVPTDP,0.403,Non-Hemolytic
Pep_1105,VHWTTYMDTF,0.208,Non-Hemolytic
Pep_1106,VHWTTYMDTFFRTSP,0.296,Non-Hemolytic
Pep_1107,VHWTTYMDTFFRTSPM,0.296,Non-Hemolytic
Pep_1108,VIFLISIIVLVCSCDK,0.741,Hemolytic
Pep_1109,VIGVSYISCTANSWN,0.246,Non-Hemolytic
Pep_1110,VIGVSYISCTANSWNV,0.224,Non-Hemolytic
Pep_1111,VIIDECYGAPGSPTNL,0.232,Non-Hemolytic
Pep_1112,VIPMFSALSEGATPQ,0.188,Non-Hemolytic
Pep_1113,VIPSCQQKCDIPSLSN,0.186,Non-Hemolytic
Pep_1114,VKEKYSFGEYMTINC,0.226,Non-Hemolytic
Pep_1115,VKEKYSFGEYMTINCD,0.248,Non-Hemolytic
Pep_1116,VKNMCSADADAQLDAV,0.196,Non-Hemolytic
Pep_1117,VKNWMTETLLVQNAN,0.22,Non-Hemolytic
Pep_1118,VKQTCNSSAVVDNKLK,0.195,Non-Hemolytic
Pep_1119,VLPAVVYST,0.222,Non-Hemolytic
Pep_1120,VLPAVVYSTCTVPTM,0.437,Non-Hemolytic
Pep_1121,VLSAATETY,0.199,Non-Hemolytic
Pep_1122,VLSAATETYSGLTPE,0.192,Non-Hemolytic
Pep_1123,VLSIVNRVRQGYSPLS,0.19,Non-Hemolytic
Pep_1124,VLTTWLIDYVEDTWG,0.4,Non-Hemolytic
Pep_1125,VLTTWLIDYVEDTWGS,0.503,Non-Hemolytic
Pep_1126,VLVCSCDKNNDQYKFH,0.191,Non-Hemolytic
Pep_1127,VNSTMTLSCNGETKYF,0.186,Non-Hemolytic
Pep_1128,VNTLSERISSKLEQE,0.203,Non-Hemolytic
Pep_1129,VNTLSERISSKLEQEA,0.197,Non-Hemolytic
Pep_1130,VNTVVRDFENYVKQT,0.181,Non-Hemolytic
Pep_1131,VNTVVRDFENYVKQTC,0.182,Non-Hemolytic
Pep_1132,VPAMFTAAL,0.196,Non-Hemolytic
Pep_1133,VPAMFTAALNIQTSV,0.217,Non-Hemolytic
Pep_1134,VPAMFTAALNIQTSVN,0.214,Non-Hemolytic
Pep_1135,VPTDPNPQEI,0.2,Non-Hemolytic
Pep_1136,VPTMNNAKL,0.2,Non-Hemolytic
Pep_1137,VPTMNNAKLTSTETS,0.205,Non-Hemolytic
Pep_1138,VPTMNNAKLTSTETSF,0.177,Non-Hemolytic
Pep_1139,VQARQLLSGIVQQQS,0.183,Non-Hemolytic
Pep_1140,VQCTHGIKPVVSTQL,0.193,Non-Hemolytic
Pep_1141,VQQQSNLLRAIEAQQH,0.181,Non-Hemolytic
Pep_1142,VQYEQEIESL,0.178,Non-Hemolytic
Pep_1143,VQYEQEIESLEATYHI,0.182,Non-Hemolytic
Pep_1144,VRDFENYVKQTCNSS,0.178,Non-Hemolytic
Pep_1145,VRDFENYVKQTCNSSA,0.178,Non-Hemolytic
Pep_1146,VRLNQCMSANKAAITD,0.186,Non-Hemolytic
Pep_1147,VRQGYSPLSF,0.199,Non-Hemolytic
Pep_1148,VRSNEEFDPVDDGPD,0.192,Non-Hemolytic
Pep_1149,VRSNEEFDPVDDGPDD,0.187,Non-Hemolytic
Pep_1150,VSDYVSELY,0.193,Non-Hemolytic
Pep_1151,VSDYVSELYD,0.189,Non-Hemolytic
Pep_1152,VSDYVSELYDKPLYE,0.204,Non-Hemolytic
Pep_1153,VSDYVSELYDKPLYEV,0.201,Non-Hemolytic
Pep_1154,VSELYDKPLY,0.181,Non-Hemolytic
Pep_1155,VSELYDKPLYEVNST,0.195,Non-Hemolytic
Pep_1156,VSELYDKPLYEVNSTM,0.186,Non-Hemolytic
Pep_1157,VSQEVRKYF,0.195,Non-Hemolytic
Pep_1158,VSSTTQYDHKESCNG,0.275,Non-Hemolytic
Pep_1159,VSSTTQYDHKESCNGL,0.204,Non-Hemolytic
Pep_1160,VSYISCTANSWNVIPS,0.203,Non-Hemolytic
Pep_1161,VTCPNAECQPLQLEHG,0.217,Non-Hemolytic
Pep_1162,VTFTCDSGY,0.182,Non-Hemolytic
Pep_1163,VTFTCDSGYHSLDPNA,0.27,Non-Hemolytic
Pep_1164,VVDNKLKIQNVIIDE,0.197,Non-Hemolytic
Pep_1165,VVQYEQEIESLEATY,0.183,Non-Hemolytic
Pep_1166,VVQYEQEIESLEATYH,0.188,Non-Hemolytic
Pep_1167,VVRDFENYVKQTCNS,0.187,Non-Hemolytic
Pep_1168,VVRDFENYVKQTCNSS,0.185,Non-Hemolytic
Pep_1169,VVSSTTQYDHKESCNG,0.379,Non-Hemolytic
Pep_1170,VVTLLCVLPAVVYST,0.74,Hemolytic
Pep_1171,VVYSTCTVPTMNNAK,0.189,Non-Hemolytic
Pep_1172,VWASRELERF,0.18,Non-Hemolytic
Pep_1173,VWGIKQLQARVLAVE,0.2,Non-Hemolytic
Pep_1174,VWGIKQLQARVLAVER,0.187,Non-Hemolytic
Pep_1175,VYGDKIQGKNKRKRVI,0.238,Non-Hemolytic
Pep_1176,VYSTCTVPTM,0.175,Non-Hemolytic
Pep_1177,WDQSLKPCVKLTPLCV,0.205,Non-Hemolytic
Pep_1178,WGIKQLQARVLAVER,0.195,Non-Hemolytic
Pep_1179,WGIKQLQARVLAVERY,0.252,Non-Hemolytic
Pep_1180,WGSDGNPITK,0.196,Non-Hemolytic
Pep_1181,WGSDGNPITKTTSDYQ,0.214,Non-Hemolytic
Pep_1182,WKYENPCKKMCTVSDY,0.218,Non-Hemolytic
Pep_1183,WLIDYVEDTWGSDGN,0.369,Non-Hemolytic
Pep_1184,WLIDYVEDTWGSDGNP,0.422,Non-Hemolytic
Pep_1185,WMTETLLVQNANPDC,0.47,Non-Hemolytic
Pep_1186,WNDTVTCPNAECQPLQ,0.356,Non-Hemolytic
Pep_1187,WNPILPTCVRSNEEFD,0.183,Non-Hemolytic
Pep_1188,WNVIPSCQQKCDIPSL,0.19,Non-Hemolytic
Pep_1189,WRSELYKYKVVQIEP,0.294,Non-Hemolytic
Pep_1190,WTTYMDTFFRTSPMI,0.196,Non-Hemolytic
Pep_1191,WYIKIFIMI,0.741,Hemolytic
Pep_1192,YAKRMLFTSTNDKIK,0.18,Non-Hemolytic
Pep_1193,YDHKESCNGLYYQGSC,0.282,Non-Hemolytic
Pep_1194,YDKPLYEVNSTMTLS,0.233,Non-Hemolytic
Pep_1195,YDKPLYEVNSTMTLSC,0.272,Non-Hemolytic
Pep_1196,YENPCKKMCTVSDYVS,0.194,Non-Hemolytic
Pep_1197,YEQEIESLEATYHII,0.195,Non-Hemolytic
Pep_1198,YEQEIESLEATYHIII,0.205,Non-Hemolytic
Pep_1199,YEVIGVSYI,0.177,Non-Hemolytic
Pep_1200,YEVIGVSYISCTANSW,0.253,Non-Hemolytic
Pep_1201,YEVNSTMTL,0.178,Non-Hemolytic
Pep_1202,YEVNSTMTLS,0.181,Non-Hemolytic
Pep_1203,YEVNSTMTLSCNGETK,0.209,Non-Hemolytic
Pep_1204,YFRCEEKNGNTSWNDT,0.192,Non-Hemolytic
Pep_1205,YGDKIQGKNKRKRVIG,0.179,Non-Hemolytic
Pep_1206,YHSLDPNAVCETDKWK,0.177,Non-Hemolytic
Pep_1207,YILHSDYKSF,0.192,Non-Hemolytic
Pep_1208,YILHSDYKSFEDAKA,0.187,Non-Hemolytic
Pep_1209,YILHSDYKSFEDAKAN,0.198,Non-Hemolytic
Pep_1210,YIRQNHGCNITVKNMC,0.196,Non-Hemolytic
Pep_1211,YISCTANSWNVIPSCQ,0.208,Non-Hemolytic
Pep_1212,YKRWIILGL,0.64,Hemolytic
Pep_1213,YKRWIILGLNKIVRM,0.612,Hemolytic
Pep_1214,YKSFEDAKANCAAES,0.187,Non-Hemolytic
Pep_1215,YKSFEDAKANCAAESS,0.191,Non-Hemolytic
Pep_1216,YMDTFFRTSPMIIAT,0.205,Non-Hemolytic
Pep_1217,YMTINCDVGY,0.192,Non-Hemolytic
Pep_1218,YMTINCDVGYEVIGV,0.303,Non-Hemolytic
Pep_1219,YQDSDVSQEV,0.219,Non-Hemolytic
Pep_1220,YQDSDVSQEVRKYFCT,0.182,Non-Hemolytic
Pep_1221,YQGSCYILHSDYKSFE,0.358,Non-Hemolytic
Pep_1222,YRLINCNTSV,0.188,Non-Hemolytic
Pep_1223,YSFGEYMTI,0.176,Non-Hemolytic
Pep_1224,YSGLTPEQKAYVPAM,0.177,Non-Hemolytic
Pep_1225,YSGLTPEQKAYVPAMF,0.182,Non-Hemolytic
Pep_1226,YVDRFYKTL,0.182,Non-Hemolytic
Pep_1227,YVEDTWGSDGNPITK,0.19,Non-Hemolytic
Pep_1228,YVEDTWGSDGNPITKT,0.2,Non-Hemolytic
Pep_1229,YVKQTCNSSAVVDNKL,0.192,Non-Hemolytic
Pep_1230,YVPAMFTAAL,0.302,Non-Hemolytic
Pep_1231,YVPAMFTAALNIQTS,0.294,Non-Hemolytic
Pep_1232,YVPAMFTAALNIQTSV,0.387,Non-Hemolytic
Pep_1233,YVSELYDKPLYEVNS,0.197,Non-Hemolytic
Pep_1234,YVSELYDKPLYEVNST,0.2,Non-Hemolytic
Pep_1235,YYAKRMLFTSTNDKI,0.186,Non-Hemolytic
Pep_1236,YYQGSCYIL,0.186,Non-Hemolytic
Pep_1237,YYQGSCYILHSDYKSF,0.374,Non-Hemolytic
