Ka_per_h,Alpha_scenario,Pathogen,bg_label,Time_day,Ag_ug_per_L,T_eff,GC_output,B_mem,Plasma_cell,Ab_titer
0.2,1_uniform,HIV,mid,0.0,0.0,0.0,0.0,0.0,0.0,0.0
0.2,1_uniform,HIV,mid,1.0,0.125952,0.223837,0.017057,0.006161,0.001565,0.000313
0.2,1_uniform,HIV,mid,2.0,0.093667,0.325723,0.047832,0.037978,0.020492,0.008705
0.2,1_uniform,HIV,mid,3.0,0.074493,0.402832,0.08175,0.102175,0.084485,0.055326
0.2,1_uniform,HIV,mid,4.0,0.059287,0.461629,0.115021,0.199587,0.222521,0.197693
0.2,1_uniform,HIV,mid,5.0,0.047185,0.505908,0.145332,0.328064,0.460864,0.518849
0.2,1_uniform,HIV,mid,6.0,0.037554,0.538679,0.171381,0.483699,0.821004,1.122729
0.2,1_uniform,HIV,mid,7.0,0.029888,0.562333,0.192573,0.661693,1.31872,2.12825
0.2,1_uniform,HIV,mid,8.0,0.023788,0.578776,0.208789,0.856946,1.963917,3.663075
0.2,1_uniform,HIV,mid,9.0,0.018932,0.589521,0.220223,1.064444,2.760922,5.857668
0.2,1_uniform,HIV,mid,10.0,0.015068,0.595774,0.227258,1.279509,3.709081,8.839993
0.2,1_uniform,HIV,mid,11.0,0.011992,0.598493,0.230385,1.49794,4.803486,12.731051
0.2,1_uniform,HIV,mid,12.0,0.009544,0.598438,0.230138,1.716082,6.035765,17.641308
0.2,1_uniform,HIV,mid,13.0,0.007596,0.596217,0.227057,1.930846,7.394852,23.66801
0.2,1_uniform,HIV,mid,14.0,0.006046,0.592309,0.221658,2.139697,8.867707,30.893335
0.2,1_uniform,HIV,mid,15.0,0.004812,0.587098,0.214423,2.340613,10.439973,39.383257
0.2,1_uniform,HIV,mid,16.0,0.003829,0.580887,0.205782,2.532046,12.096533,49.187072
0.2,1_uniform,HIV,mid,17.0,0.003048,0.573917,0.196116,2.712862,13.821995,60.337432
0.2,1_uniform,HIV,mid,18.0,0.002426,0.566378,0.185755,2.88229,15.601083,72.850815
0.2,1_uniform,HIV,mid,19.0,0.001931,0.558423,0.174977,3.039867,17.418957,86.72833
0.2,1_uniform,HIV,mid,20.0,0.001536,0.550171,0.164016,3.185391,19.261449,101.956771
0.2,1_uniform,HIV,mid,21.0,0.001235,0.541718,0.153063,3.318869,21.115257,118.509835
0.2,1_uniform,HIV,mid,22.0,0.126934,0.756984,0.159329,3.446642,22.969623,136.349781
0.2,1_uniform,HIV,mid,23.0,0.094449,0.85023,0.179595,3.588521,24.829095,155.435957
0.2,1_uniform,HIV,mid,24.0,0.075115,0.918675,0.203378,3.751646,26.711233,175.741149
0.2,1_uniform,HIV,mid,25.0,0.059782,0.968821,0.226954,3.937347,28.635995,197.257949
0.2,1_uniform,HIV,mid,26.0,0.04758,1.004492,0.248057,4.144017,30.621732,219.998261
0.2,1_uniform,HIV,mid,27.0,0.037868,1.028717,0.265416,4.368329,32.683094,243.989941
0.2,1_uniform,HIV,mid,28.0,0.030138,1.043908,0.278449,4.60608,34.830052,269.272084
0.2,1_uniform,HIV,mid,29.0,0.023986,1.051981,0.287043,4.852772,37.067665,295.889889
0.2,1_uniform,HIV,mid,30.0,0.01909,1.054461,0.291387,5.103988,39.396324,323.889723
0.2,1_uniform,HIV,mid,31.0,0.015194,1.05256,0.291853,5.355634,41.81227,353.314728
0.2,1_uniform,HIV,mid,32.0,0.012092,1.047241,0.288914,5.604073,44.308254,384.201166
0.2,1_uniform,HIV,mid,33.0,0.009624,1.039271,0.283084,5.846193,46.874256,416.575561
0.2,1_uniform,HIV,mid,34.0,0.00766,1.029256,0.274879,6.079422,49.49818,450.452636
0.2,1_uniform,HIV,mid,35.0,0.006096,1.017679,0.26479,6.301708,52.166515,485.833989
0.2,1_uniform,HIV,mid,36.0,0.004852,1.004925,0.253272,6.511491,54.864914,522.707416
0.2,1_uniform,HIV,mid,37.0,0.003861,0.991295,0.240729,6.707648,57.578703,561.046796
0.2,1_uniform,HIV,mid,38.0,0.003073,0.977032,0.227516,6.889444,60.293299,600.812436
0.2,1_uniform,HIV,mid,39.0,0.002446,0.962325,0.213936,7.056476,62.99455,641.951777
0.2,1_uniform,HIV,mid,40.0,0.001947,0.947325,0.200242,7.208623,65.669008,684.400371
0.2,1_uniform,HIV,mid,41.0,0.001549,0.932149,0.186644,7.345994,68.304122,728.083067
0.2,1_uniform,HIV,mid,42.0,0.001233,0.916893,0.17331,7.468885,70.888382,772.915312
0.2,1_uniform,HIV,mid,43.0,0.000981,0.901629,0.160371,7.577737,73.41141,818.804531
0.2,1_uniform,HIV,mid,44.0,0.000781,0.886414,0.147928,7.673105,75.864006,865.651526
0.2,1_uniform,HIV,mid,45.0,0.000622,0.871293,0.136052,7.755624,78.238165,913.35186
0.2,1_uniform,HIV,mid,46.0,0.000495,0.856301,0.124793,7.825984,80.527059,961.797198
0.2,1_uniform,HIV,mid,47.0,0.000394,0.841464,0.114183,7.88491,82.725003,1010.876576
0.2,1_uniform,HIV,mid,48.0,0.000313,0.826802,0.104234,7.933144,84.827403,1060.477582
0.2,1_uniform,HIV,mid,49.0,0.000249,0.81233,0.09495,7.97143,86.830691,1110.48745
0.2,1_uniform,HIV,mid,50.0,0.000199,0.79806,0.086321,8.000501,88.732252,1160.794044
0.2,1_uniform,HIV,mid,51.0,0.000158,0.783999,0.078332,8.021073,90.530349,1211.286733
0.2,1_uniform,HIV,mid,52.0,0.000126,0.770153,0.070959,8.033839,92.224039,1261.857174
0.2,1_uniform,HIV,mid,53.0,0.0001,0.756526,0.064177,8.03946,93.813098,1312.399971
0.2,1_uniform,HIV,mid,54.0,8e-05,0.743119,0.057956,8.038564,95.297939,1362.813256
0.2,1_uniform,HIV,mid,55.0,6.3e-05,0.729933,0.052263,8.031743,96.679537,1412.999155
0.2,1_uniform,HIV,mid,56.0,5.1e-05,0.716968,0.047067,8.019554,97.959358,1462.864181
0.2,1_uniform,HIV,mid,57.0,0.125998,0.928056,0.059391,8.008677,99.140851,1512.31985
0.2,1_uniform,HIV,mid,58.0,0.093699,1.017416,0.085864,8.01909,100.242061,1561.290052
0.2,1_uniform,HIV,mid,59.0,0.074519,1.082215,0.115879,8.057963,101.293229,1609.72614
0.2,1_uniform,HIV,mid,60.0,0.059308,1.128915,0.145616,8.126544,102.326119,1657.612022
0.2,1_uniform,HIV,mid,61.0,0.047202,1.161308,0.17273,8.223062,103.36998,1704.962361
0.2,1_uniform,HIV,mid,62.0,0.037567,1.182401,0.195895,8.343956,104.44943,1751.817944
0.2,1_uniform,HIV,mid,63.0,0.029899,1.194584,0.214486,8.484746,105.583495,1798.239729
0.2,1_uniform,HIV,mid,64.0,0.023796,1.199757,0.22836,8.64062,106.785397,1844.302532
0.2,1_uniform,HIV,mid,65.0,0.018939,1.199432,0.237689,8.806829,108.062829,1890.088977
0.2,1_uniform,HIV,mid,66.0,0.015073,1.194811,0.242833,8.978933,109.418515,1935.68406
0.2,1_uniform,HIV,mid,67.0,0.011996,1.186847,0.244264,9.152947,110.850922,1981.170531
0.2,1_uniform,HIV,mid,68.0,0.009548,1.176301,0.242496,9.325413,112.355026,2026.625155
0.2,1_uniform,HIV,mid,69.0,0.007599,1.163774,0.238054,9.493418,113.923062,2072.115848
0.2,1_uniform,HIV,mid,70.0,0.006048,1.149744,0.231439,9.654584,115.545235,2117.699621
0.2,1_uniform,HIV,mid,71.0,0.004814,1.134591,0.223115,9.807036,117.210357,2163.421263
0.2,1_uniform,HIV,mid,72.0,0.003831,1.118614,0.213503,9.949351,118.906403,2209.312646
0.2,1_uniform,HIV,mid,73.0,0.003049,1.102052,0.202971,10.080512,120.620982,2255.392564
0.2,1_uniform,HIV,mid,74.0,0.002427,1.085093,0.191837,10.19985,122.341722,2301.666992
0.2,1_uniform,HIV,mid,75.0,0.001931,1.067886,0.180371,10.306995,124.056587,2348.129683
0.2,1_uniform,HIV,mid,76.0,0.001537,1.050546,0.168797,10.401826,125.754112,2394.763022
0.2,1_uniform,HIV,mid,77.0,0.001223,1.033167,0.157299,10.484424,127.423587,2441.539046
0.2,1_uniform,HIV,mid,78.0,0.000974,1.01582,0.146023,10.555035,129.055179,2488.420593
0.2,1_uniform,HIV,mid,79.0,0.000775,0.998561,0.135082,10.61403,130.640018,2535.362503
0.2,1_uniform,HIV,mid,80.0,0.000617,0.981434,0.124562,10.661877,132.170233,2582.312851
0.2,1_uniform,HIV,mid,81.0,0.000491,0.964473,0.114525,10.699114,133.63897,2629.214158
0.2,1_uniform,HIV,mid,82.0,0.000391,0.947702,0.105014,10.726327,135.04038,2676.004568
0.2,1_uniform,HIV,mid,83.0,0.000311,0.931142,0.096055,10.74413,136.369585,2722.618964
0.2,1_uniform,HIV,mid,84.0,0.000247,0.914807,0.087658,10.753151,137.622635,2768.990005
0.2,1_uniform,HIV,mid,85.0,0.000247,0.898733,0.079826,10.754021,138.796453,2815.049092
0.2,1_uniform,HIV,mid,86.0,0.000247,0.882945,0.072557,10.747363,139.888777,2860.727231
0.2,1_uniform,HIV,mid,87.0,0.000247,0.867439,0.065839,10.733792,140.898092,2905.955819
0.2,1_uniform,HIV,mid,88.0,0.000247,0.85221,0.059654,10.7139,141.823569,2950.667334
0.2,1_uniform,HIV,mid,89.0,0.000247,0.837252,0.05398,10.688256,142.664996,2994.795943
0.2,1_uniform,HIV,mid,90.0,0.000247,0.822561,0.048791,10.657401,143.422711,3038.27802
0.2,1_uniform,HIV,mid,91.0,0.000247,0.808132,0.044057,10.621843,144.097537,3081.052579
0.2,1_uniform,HIV,mid,92.0,0.000247,0.793961,0.039749,10.582056,144.690714,3123.061638
0.2,1_uniform,HIV,mid,93.0,0.000247,0.780042,0.035838,10.538484,145.203845,3164.250502
0.2,1_uniform,HIV,mid,94.0,0.000247,0.766372,0.032295,10.491536,145.638836,3204.567981
0.2,1_uniform,HIV,mid,95.0,0.000247,0.752945,0.02909,10.44159,145.997845,3243.96655
0.2,1_uniform,HIV,mid,96.0,0.000247,0.739758,0.026197,10.388993,146.283235,3282.402458
0.2,1_uniform,HIV,mid,97.0,0.000247,0.726806,0.02359,10.334061,146.497533,3319.835781
0.2,1_uniform,HIV,mid,98.0,0.000247,0.714086,0.021243,10.277086,146.643387,3356.230441
0.2,1_uniform,HIV,mid,99.0,0.000247,0.701592,0.019133,10.218329,146.723539,3391.554184
0.2,1_uniform,HIV,mid,100.0,0.000247,0.689321,0.01724,10.158032,146.740785,3425.77853
0.2,1_uniform,HIV,mid,101.0,0.000247,0.677269,0.015542,10.09641,146.697957,3458.878696
0.2,1_uniform,HIV,mid,102.0,0.000247,0.665432,0.014021,10.033659,146.597896,3490.833492
0.2,1_uniform,HIV,mid,103.0,0.000247,0.653806,0.01266,9.969957,146.443432,3521.62521
0.2,1_uniform,HIV,mid,104.0,0.000247,0.642388,0.011444,9.90546,146.237367,3551.239486
0.2,1_uniform,HIV,mid,105.0,0.000247,0.631173,0.010358,9.840313,145.982461,3579.665158
0.2,1_uniform,HIV,mid,106.0,0.000247,0.620158,0.009389,9.774643,145.681419,3606.89412
0.2,1_uniform,HIV,mid,107.0,0.000247,0.60934,0.008525,9.708565,145.336883,3632.921154
0.2,1_uniform,HIV,mid,108.0,0.000247,0.598715,0.007755,9.642182,144.951423,3657.743779
0.2,1_uniform,HIV,mid,109.0,0.000247,0.588279,0.00707,9.575583,144.527529,3681.362081
0.2,1_uniform,HIV,mid,110.0,0.000247,0.57803,0.00646,9.508852,144.067608,3703.778553
0.2,1_uniform,HIV,mid,111.0,0.000247,0.567963,0.005918,9.442059,143.57398,3724.997933
0.2,1_uniform,HIV,mid,112.0,0.000247,0.558076,0.005437,9.37527,143.048875,3745.027041
0.2,1_uniform,HIV,mid,113.0,0.000247,0.548365,0.005009,9.308541,142.494433,3763.874626
0.2,1_uniform,HIV,mid,114.0,0.000247,0.538828,0.00463,9.241923,141.912702,3781.551211
0.2,1_uniform,HIV,mid,115.0,0.000247,0.529461,0.004293,9.175459,141.305638,3798.06895
0.2,1_uniform,HIV,mid,116.0,0.000247,0.52026,0.003995,9.10919,140.675106,3813.441477
0.2,1_uniform,HIV,mid,117.0,0.000247,0.511224,0.003731,9.043149,140.022884,3827.683777
0.2,1_uniform,HIV,mid,118.0,0.000247,0.502349,0.003497,8.977367,139.350659,3840.812052
0.2,1_uniform,HIV,mid,119.0,0.000247,0.493633,0.003289,8.911869,138.660034,3852.843596
0.2,1_uniform,HIV,mid,120.0,0.000247,0.485072,0.003106,8.84668,137.952528,3863.796676
0.2,1_uniform,HIV,mid,121.0,0.000247,0.476663,0.002944,8.78182,137.22958,3873.690421
0.2,1_uniform,HIV,mid,122.0,0.000247,0.468405,0.0028,8.717305,136.492549,3882.544713
0.2,1_uniform,HIV,mid,123.0,0.000247,0.460294,0.002673,8.65315,135.742719,3890.38009
0.2,1_uniform,HIV,mid,124.0,0.000247,0.452327,0.002561,8.589369,134.981304,3897.217651
0.2,1_uniform,HIV,mid,125.0,0.000247,0.444503,0.002463,8.525972,134.209444,3903.078965
0.2,1_uniform,HIV,mid,126.0,0.000247,0.436818,0.002375,8.462969,133.428216,3907.985994
0.2,1_uniform,HIV,mid,127.0,0.000247,0.429271,0.002298,8.400367,132.63863,3911.961011
0.2,1_uniform,HIV,mid,128.0,0.000247,0.421858,0.00223,8.338174,131.841639,3915.026532
0.2,1_uniform,HIV,mid,129.0,0.000247,0.414577,0.00217,8.276394,131.038134,3917.205247
0.2,1_uniform,HIV,mid,130.0,0.000247,0.407426,0.002117,8.215032,130.228954,3918.519961
0.2,1_uniform,HIV,mid,131.0,0.000247,0.400403,0.002071,8.154091,129.414885,3918.993537
0.2,1_uniform,HIV,mid,132.0,0.000247,0.393505,0.00203,8.093574,128.596661,3918.648843
0.2,1_uniform,HIV,mid,133.0,0.000247,0.38673,0.001993,8.033483,127.774973,3917.508705
0.2,1_uniform,HIV,mid,134.0,0.000247,0.380076,0.001961,7.973819,126.950463,3915.595863
0.2,1_uniform,HIV,mid,135.0,0.000247,0.373541,0.001933,7.914583,126.123734,3912.932931
0.2,1_uniform,HIV,mid,136.0,0.000247,0.367122,0.001909,7.855775,125.295348,3909.542362
0.2,1_uniform,HIV,mid,137.0,0.000247,0.360818,0.001887,7.797396,124.46583,3905.446414
0.2,1_uniform,HIV,mid,138.0,0.000247,0.354626,0.001868,7.739443,123.635669,3900.66712
0.2,1_uniform,HIV,mid,139.0,0.000247,0.348544,0.001851,7.681918,122.80532,3895.226262
0.2,1_uniform,HIV,mid,140.0,0.000247,0.342571,0.001836,7.624818,121.975209,3889.145348
0.2,1_uniform,HIV,mid,141.0,0.000247,0.336705,0.001823,7.568142,121.145729,3882.445591
0.2,1_uniform,HIV,mid,142.0,0.000247,0.330943,0.001812,7.511889,120.317247,3875.147887
0.2,1_uniform,HIV,mid,143.0,0.000247,0.325285,0.001801,7.456057,119.490104,3867.272805
0.2,1_uniform,HIV,mid,144.0,0.000247,0.319727,0.001793,7.400644,118.664617,3858.840564
0.2,1_uniform,HIV,mid,145.0,0.000247,0.314268,0.001785,7.345647,117.841077,3849.871031
0.2,1_uniform,HIV,mid,146.0,0.000247,0.308906,0.001778,7.291066,117.019756,3840.383702
0.2,1_uniform,HIV,mid,147.0,0.000247,0.303641,0.001772,7.236896,116.200906,3830.397698
0.2,1_uniform,HIV,mid,148.0,0.000247,0.298469,0.001767,7.183137,115.384757,3819.931755
0.2,1_uniform,HIV,mid,149.0,0.000247,0.293389,0.001762,7.129785,114.571524,3809.004222
0.2,1_uniform,HIV,mid,150.0,0.000247,0.2884,0.001758,7.076838,113.761404,3797.633052
0.2,1_uniform,HIV,mid,151.0,0.000247,0.2835,0.001754,7.024294,112.954579,3785.835802
0.2,1_uniform,HIV,mid,152.0,0.000247,0.278688,0.001751,6.972149,112.151215,3773.629632
0.2,1_uniform,HIV,mid,153.0,0.000247,0.273961,0.001749,6.920401,111.351466,3761.0313
0.2,1_uniform,HIV,mid,154.0,0.000247,0.269319,0.001746,6.869048,110.555472,3748.057165
0.2,1_uniform,HIV,mid,155.0,0.000247,0.264759,0.001744,6.818087,109.763361,3734.723187
0.2,1_uniform,HIV,mid,156.0,0.000247,0.260281,0.001742,6.767515,108.97525,3721.044927
0.2,1_uniform,HIV,mid,157.0,0.000247,0.255882,0.001741,6.717328,108.191246,3707.037553
0.2,1_uniform,HIV,mid,158.0,0.000247,0.251563,0.001739,6.667526,107.411446,3692.715838
0.2,1_uniform,HIV,mid,159.0,0.000247,0.24732,0.001738,6.618104,106.635937,3678.094169
0.2,1_uniform,HIV,mid,160.0,0.000247,0.243153,0.001737,6.56906,105.864799,3663.186545
0.2,1_uniform,HIV,mid,161.0,0.000247,0.23906,0.001736,6.520392,105.098103,3648.006585
0.2,1_uniform,HIV,mid,162.0,0.000247,0.23504,0.001735,6.472095,104.335912,3632.567533
0.2,1_uniform,HIV,mid,163.0,0.000247,0.231092,0.001734,6.424169,103.578283,3616.882263
0.2,1_uniform,HIV,mid,164.0,0.000247,0.227214,0.001734,6.37661,102.825267,3600.96328
0.2,1_uniform,HIV,mid,165.0,0.000247,0.223406,0.001733,6.329415,102.076908,3584.822734
0.2,1_uniform,HIV,mid,166.0,0.000247,0.219665,0.001732,6.282581,101.333244,3568.472419
0.2,1_uniform,HIV,mid,167.0,0.000247,0.215991,0.001732,6.236106,100.59431,3551.923781
0.2,1_uniform,HIV,mid,168.0,0.000247,0.212383,0.001732,6.189988,99.860133,3535.187927
0.2,1_uniform,HIV,mid,169.0,0.000247,0.208839,0.001731,6.144223,99.130739,3518.275627
0.2,1_uniform,HIV,mid,170.0,0.000247,0.205359,0.001731,6.098809,98.406147,3501.197324
0.2,1_uniform,HIV,mid,171.0,0.000247,0.20194,0.001731,6.053742,97.686372,3483.963141
0.2,1_uniform,HIV,mid,172.0,0.000247,0.198582,0.001731,6.009022,96.971429,3466.582884
0.2,1_uniform,HIV,mid,173.0,0.000247,0.195285,0.00173,5.964644,96.261324,3449.066052
0.2,1_uniform,HIV,mid,174.0,0.000247,0.192046,0.00173,5.920607,95.556065,3431.421843
0.2,1_uniform,HIV,mid,175.0,0.000247,0.188865,0.00173,5.876907,94.855655,3413.659161
0.2,1_uniform,HIV,mid,176.0,0.000247,0.18574,0.00173,5.833542,94.160093,3395.786623
0.2,1_uniform,HIV,mid,177.0,0.000247,0.182672,0.00173,5.79051,93.469378,3377.812563
0.2,1_uniform,HIV,mid,178.0,0.000247,0.179658,0.00173,5.747808,92.783505,3359.745044
0.2,1_uniform,HIV,mid,179.0,0.000247,0.176698,0.00173,5.705434,92.102467,3341.59186
0.2,1_uniform,HIV,mid,180.0,0.000247,0.17379,0.00173,5.663384,91.426256,3323.360545
0.2,1_uniform,Mpox,mid,0.0,0.0,0.0,0.0,0.0,0.0,0.0
0.2,1_uniform,Mpox,mid,1.0,0.125952,0.223837,0.017057,0.006161,0.001565,0.000313
0.2,1_uniform,Mpox,mid,2.0,0.093667,0.325723,0.047832,0.037978,0.020492,0.008705
0.2,1_uniform,Mpox,mid,3.0,0.074493,0.402832,0.08175,0.102175,0.084485,0.055326
0.2,1_uniform,Mpox,mid,4.0,0.059287,0.461629,0.115021,0.199587,0.222521,0.197693
0.2,1_uniform,Mpox,mid,5.0,0.047185,0.505908,0.145332,0.328064,0.460864,0.518849
0.2,1_uniform,Mpox,mid,6.0,0.037554,0.538679,0.171381,0.483699,0.821004,1.122729
0.2,1_uniform,Mpox,mid,7.0,0.029888,0.562333,0.192573,0.661693,1.31872,2.12825
0.2,1_uniform,Mpox,mid,8.0,0.023788,0.578776,0.208789,0.856946,1.963917,3.663075
0.2,1_uniform,Mpox,mid,9.0,0.018932,0.589521,0.220223,1.064444,2.760922,5.857668
0.2,1_uniform,Mpox,mid,10.0,0.015068,0.595774,0.227258,1.279509,3.709081,8.839993
0.2,1_uniform,Mpox,mid,11.0,0.011992,0.598493,0.230385,1.49794,4.803486,12.731051
0.2,1_uniform,Mpox,mid,12.0,0.009544,0.598438,0.230138,1.716082,6.035765,17.641308
0.2,1_uniform,Mpox,mid,13.0,0.007596,0.596217,0.227057,1.930846,7.394852,23.66801
0.2,1_uniform,Mpox,mid,14.0,0.006046,0.592309,0.221658,2.139697,8.867707,30.893335
0.2,1_uniform,Mpox,mid,15.0,0.004812,0.587098,0.214423,2.340613,10.439973,39.383257
0.2,1_uniform,Mpox,mid,16.0,0.003829,0.580887,0.205782,2.532046,12.096533,49.187072
0.2,1_uniform,Mpox,mid,17.0,0.003048,0.573917,0.196116,2.712862,13.821995,60.337432
0.2,1_uniform,Mpox,mid,18.0,0.002426,0.566378,0.185755,2.88229,15.601083,72.850815
0.2,1_uniform,Mpox,mid,19.0,0.001931,0.558423,0.174977,3.039867,17.418957,86.72833
0.2,1_uniform,Mpox,mid,20.0,0.001536,0.550171,0.164016,3.185391,19.261449,101.956771
0.2,1_uniform,Mpox,mid,21.0,0.001235,0.541718,0.153063,3.318869,21.115257,118.509835
0.2,1_uniform,Mpox,mid,22.0,0.126934,0.756984,0.159329,3.446642,22.969623,136.349781
0.2,1_uniform,Mpox,mid,23.0,0.094449,0.85023,0.179595,3.588521,24.829095,155.435957
0.2,1_uniform,Mpox,mid,24.0,0.075115,0.918675,0.203378,3.751646,26.711233,175.741149
0.2,1_uniform,Mpox,mid,25.0,0.059782,0.968821,0.226954,3.937347,28.635995,197.257949
0.2,1_uniform,Mpox,mid,26.0,0.04758,1.004492,0.248057,4.144017,30.621732,219.998261
0.2,1_uniform,Mpox,mid,27.0,0.037868,1.028717,0.265416,4.368329,32.683094,243.989941
0.2,1_uniform,Mpox,mid,28.0,0.030138,1.043908,0.278449,4.60608,34.830052,269.272084
0.2,1_uniform,Mpox,mid,29.0,0.023986,1.051981,0.287043,4.852772,37.067665,295.889889
0.2,1_uniform,Mpox,mid,30.0,0.01909,1.054461,0.291387,5.103988,39.396324,323.889723
0.2,1_uniform,Mpox,mid,31.0,0.015194,1.05256,0.291853,5.355634,41.81227,353.314728
0.2,1_uniform,Mpox,mid,32.0,0.012092,1.047241,0.288914,5.604073,44.308254,384.201166
0.2,1_uniform,Mpox,mid,33.0,0.009624,1.039271,0.283084,5.846193,46.874256,416.575561
0.2,1_uniform,Mpox,mid,34.0,0.00766,1.029256,0.274879,6.079422,49.49818,450.452636
0.2,1_uniform,Mpox,mid,35.0,0.006096,1.017679,0.26479,6.301708,52.166515,485.833989
0.2,1_uniform,Mpox,mid,36.0,0.004852,1.004925,0.253272,6.511491,54.864914,522.707416
0.2,1_uniform,Mpox,mid,37.0,0.003861,0.991295,0.240729,6.707648,57.578703,561.046796
0.2,1_uniform,Mpox,mid,38.0,0.003073,0.977032,0.227516,6.889444,60.293299,600.812436
0.2,1_uniform,Mpox,mid,39.0,0.002446,0.962325,0.213936,7.056476,62.99455,641.951777
0.2,1_uniform,Mpox,mid,40.0,0.001947,0.947325,0.200242,7.208623,65.669008,684.400371
0.2,1_uniform,Mpox,mid,41.0,0.001549,0.932149,0.186644,7.345994,68.304122,728.083067
0.2,1_uniform,Mpox,mid,42.0,0.001233,0.916893,0.17331,7.468885,70.888382,772.915312
0.2,1_uniform,Mpox,mid,43.0,0.000981,0.901629,0.160371,7.577737,73.41141,818.804531
0.2,1_uniform,Mpox,mid,44.0,0.000781,0.886414,0.147928,7.673105,75.864006,865.651526
0.2,1_uniform,Mpox,mid,45.0,0.000622,0.871293,0.136052,7.755624,78.238165,913.35186
0.2,1_uniform,Mpox,mid,46.0,0.000495,0.856301,0.124793,7.825984,80.527059,961.797198
0.2,1_uniform,Mpox,mid,47.0,0.000394,0.841464,0.114183,7.88491,82.725003,1010.876576
0.2,1_uniform,Mpox,mid,48.0,0.000313,0.826802,0.104234,7.933144,84.827403,1060.477582
0.2,1_uniform,Mpox,mid,49.0,0.000249,0.81233,0.09495,7.97143,86.830691,1110.48745
0.2,1_uniform,Mpox,mid,50.0,0.000199,0.79806,0.086321,8.000501,88.732252,1160.794044
0.2,1_uniform,Mpox,mid,51.0,0.000158,0.783999,0.078332,8.021073,90.530349,1211.286733
0.2,1_uniform,Mpox,mid,52.0,0.000126,0.770153,0.070959,8.033839,92.224039,1261.857174
0.2,1_uniform,Mpox,mid,53.0,0.0001,0.756526,0.064177,8.03946,93.813098,1312.399971
0.2,1_uniform,Mpox,mid,54.0,8e-05,0.743119,0.057956,8.038564,95.297939,1362.813256
0.2,1_uniform,Mpox,mid,55.0,6.3e-05,0.729933,0.052263,8.031743,96.679537,1412.999155
0.2,1_uniform,Mpox,mid,56.0,5.1e-05,0.716968,0.047067,8.019554,97.959358,1462.864181
0.2,1_uniform,Mpox,mid,57.0,0.125998,0.928056,0.059391,8.008677,99.140851,1512.31985
0.2,1_uniform,Mpox,mid,58.0,0.093699,1.017416,0.085864,8.01909,100.242061,1561.290052
0.2,1_uniform,Mpox,mid,59.0,0.074519,1.082215,0.115879,8.057963,101.293229,1609.72614
0.2,1_uniform,Mpox,mid,60.0,0.059308,1.128915,0.145616,8.126544,102.326119,1657.612022
0.2,1_uniform,Mpox,mid,61.0,0.047202,1.161308,0.17273,8.223062,103.36998,1704.962361
0.2,1_uniform,Mpox,mid,62.0,0.037567,1.182401,0.195895,8.343956,104.44943,1751.817944
0.2,1_uniform,Mpox,mid,63.0,0.029899,1.194584,0.214486,8.484746,105.583495,1798.239729
0.2,1_uniform,Mpox,mid,64.0,0.023796,1.199757,0.22836,8.64062,106.785397,1844.302532
0.2,1_uniform,Mpox,mid,65.0,0.018939,1.199432,0.237689,8.806829,108.062829,1890.088977
0.2,1_uniform,Mpox,mid,66.0,0.015073,1.194811,0.242833,8.978933,109.418515,1935.68406
0.2,1_uniform,Mpox,mid,67.0,0.011996,1.186847,0.244264,9.152947,110.850922,1981.170531
0.2,1_uniform,Mpox,mid,68.0,0.009548,1.176301,0.242496,9.325413,112.355026,2026.625155
0.2,1_uniform,Mpox,mid,69.0,0.007599,1.163774,0.238054,9.493418,113.923062,2072.115848
0.2,1_uniform,Mpox,mid,70.0,0.006048,1.149744,0.231439,9.654584,115.545235,2117.699621
0.2,1_uniform,Mpox,mid,71.0,0.004814,1.134591,0.223115,9.807036,117.210357,2163.421263
0.2,1_uniform,Mpox,mid,72.0,0.003831,1.118614,0.213503,9.949351,118.906403,2209.312646
0.2,1_uniform,Mpox,mid,73.0,0.003049,1.102052,0.202971,10.080512,120.620982,2255.392564
0.2,1_uniform,Mpox,mid,74.0,0.002427,1.085093,0.191837,10.19985,122.341722,2301.666992
0.2,1_uniform,Mpox,mid,75.0,0.001931,1.067886,0.180371,10.306995,124.056587,2348.129683
0.2,1_uniform,Mpox,mid,76.0,0.001537,1.050546,0.168797,10.401826,125.754112,2394.763022
0.2,1_uniform,Mpox,mid,77.0,0.001223,1.033167,0.157299,10.484424,127.423587,2441.539046
0.2,1_uniform,Mpox,mid,78.0,0.000974,1.01582,0.146023,10.555035,129.055179,2488.420593
0.2,1_uniform,Mpox,mid,79.0,0.000775,0.998561,0.135082,10.61403,130.640018,2535.362503
0.2,1_uniform,Mpox,mid,80.0,0.000617,0.981434,0.124562,10.661877,132.170233,2582.312851
0.2,1_uniform,Mpox,mid,81.0,0.000491,0.964473,0.114525,10.699114,133.63897,2629.214158
0.2,1_uniform,Mpox,mid,82.0,0.000391,0.947702,0.105014,10.726327,135.04038,2676.004568
0.2,1_uniform,Mpox,mid,83.0,0.000311,0.931142,0.096055,10.74413,136.369585,2722.618964
0.2,1_uniform,Mpox,mid,84.0,0.000247,0.914807,0.087658,10.753151,137.622635,2768.990005
0.2,1_uniform,Mpox,mid,85.0,0.000247,0.898733,0.079826,10.754021,138.796453,2815.049092
0.2,1_uniform,Mpox,mid,86.0,0.000247,0.882945,0.072557,10.747363,139.888777,2860.727231
0.2,1_uniform,Mpox,mid,87.0,0.000247,0.867439,0.065839,10.733792,140.898092,2905.955819
0.2,1_uniform,Mpox,mid,88.0,0.000247,0.85221,0.059654,10.7139,141.823569,2950.667334
0.2,1_uniform,Mpox,mid,89.0,0.000247,0.837252,0.05398,10.688256,142.664996,2994.795943
0.2,1_uniform,Mpox,mid,90.0,0.000247,0.822561,0.048791,10.657401,143.422711,3038.27802
0.2,1_uniform,Mpox,mid,91.0,0.000247,0.808132,0.044057,10.621843,144.097537,3081.052579
0.2,1_uniform,Mpox,mid,92.0,0.000247,0.793961,0.039749,10.582056,144.690714,3123.061638
0.2,1_uniform,Mpox,mid,93.0,0.000247,0.780042,0.035838,10.538484,145.203845,3164.250502
0.2,1_uniform,Mpox,mid,94.0,0.000247,0.766372,0.032295,10.491536,145.638836,3204.567981
0.2,1_uniform,Mpox,mid,95.0,0.000247,0.752945,0.02909,10.44159,145.997845,3243.96655
0.2,1_uniform,Mpox,mid,96.0,0.000247,0.739758,0.026197,10.388993,146.283235,3282.402458
0.2,1_uniform,Mpox,mid,97.0,0.000247,0.726806,0.02359,10.334061,146.497533,3319.835781
0.2,1_uniform,Mpox,mid,98.0,0.000247,0.714086,0.021243,10.277086,146.643387,3356.230441
0.2,1_uniform,Mpox,mid,99.0,0.000247,0.701592,0.019133,10.218329,146.723539,3391.554184
0.2,1_uniform,Mpox,mid,100.0,0.000247,0.689321,0.01724,10.158032,146.740785,3425.77853
0.2,1_uniform,Mpox,mid,101.0,0.000247,0.677269,0.015542,10.09641,146.697957,3458.878696
0.2,1_uniform,Mpox,mid,102.0,0.000247,0.665432,0.014021,10.033659,146.597896,3490.833492
0.2,1_uniform,Mpox,mid,103.0,0.000247,0.653806,0.01266,9.969957,146.443432,3521.62521
0.2,1_uniform,Mpox,mid,104.0,0.000247,0.642388,0.011444,9.90546,146.237367,3551.239486
0.2,1_uniform,Mpox,mid,105.0,0.000247,0.631173,0.010358,9.840313,145.982461,3579.665158
0.2,1_uniform,Mpox,mid,106.0,0.000247,0.620158,0.009389,9.774643,145.681419,3606.89412
0.2,1_uniform,Mpox,mid,107.0,0.000247,0.60934,0.008525,9.708565,145.336883,3632.921154
0.2,1_uniform,Mpox,mid,108.0,0.000247,0.598715,0.007755,9.642182,144.951423,3657.743779
0.2,1_uniform,Mpox,mid,109.0,0.000247,0.588279,0.00707,9.575583,144.527529,3681.362081
0.2,1_uniform,Mpox,mid,110.0,0.000247,0.57803,0.00646,9.508852,144.067608,3703.778553
0.2,1_uniform,Mpox,mid,111.0,0.000247,0.567963,0.005918,9.442059,143.57398,3724.997933
0.2,1_uniform,Mpox,mid,112.0,0.000247,0.558076,0.005437,9.37527,143.048875,3745.027041
0.2,1_uniform,Mpox,mid,113.0,0.000247,0.548365,0.005009,9.308541,142.494433,3763.874626
0.2,1_uniform,Mpox,mid,114.0,0.000247,0.538828,0.00463,9.241923,141.912702,3781.551211
0.2,1_uniform,Mpox,mid,115.0,0.000247,0.529461,0.004293,9.175459,141.305638,3798.06895
0.2,1_uniform,Mpox,mid,116.0,0.000247,0.52026,0.003995,9.10919,140.675106,3813.441477
0.2,1_uniform,Mpox,mid,117.0,0.000247,0.511224,0.003731,9.043149,140.022884,3827.683777
0.2,1_uniform,Mpox,mid,118.0,0.000247,0.502349,0.003497,8.977367,139.350659,3840.812052
0.2,1_uniform,Mpox,mid,119.0,0.000247,0.493633,0.003289,8.911869,138.660034,3852.843596
0.2,1_uniform,Mpox,mid,120.0,0.000247,0.485072,0.003106,8.84668,137.952528,3863.796676
0.2,1_uniform,Mpox,mid,121.0,0.000247,0.476663,0.002944,8.78182,137.22958,3873.690421
0.2,1_uniform,Mpox,mid,122.0,0.000247,0.468405,0.0028,8.717305,136.492549,3882.544713
0.2,1_uniform,Mpox,mid,123.0,0.000247,0.460294,0.002673,8.65315,135.742719,3890.38009
0.2,1_uniform,Mpox,mid,124.0,0.000247,0.452327,0.002561,8.589369,134.981304,3897.217651
0.2,1_uniform,Mpox,mid,125.0,0.000247,0.444503,0.002463,8.525972,134.209444,3903.078965
0.2,1_uniform,Mpox,mid,126.0,0.000247,0.436818,0.002375,8.462969,133.428216,3907.985994
0.2,1_uniform,Mpox,mid,127.0,0.000247,0.429271,0.002298,8.400367,132.63863,3911.961011
0.2,1_uniform,Mpox,mid,128.0,0.000247,0.421858,0.00223,8.338174,131.841639,3915.026532
0.2,1_uniform,Mpox,mid,129.0,0.000247,0.414577,0.00217,8.276394,131.038134,3917.205247
0.2,1_uniform,Mpox,mid,130.0,0.000247,0.407426,0.002117,8.215032,130.228954,3918.519961
0.2,1_uniform,Mpox,mid,131.0,0.000247,0.400403,0.002071,8.154091,129.414885,3918.993537
0.2,1_uniform,Mpox,mid,132.0,0.000247,0.393505,0.00203,8.093574,128.596661,3918.648843
0.2,1_uniform,Mpox,mid,133.0,0.000247,0.38673,0.001993,8.033483,127.774973,3917.508705
0.2,1_uniform,Mpox,mid,134.0,0.000247,0.380076,0.001961,7.973819,126.950463,3915.595863
0.2,1_uniform,Mpox,mid,135.0,0.000247,0.373541,0.001933,7.914583,126.123734,3912.932931
0.2,1_uniform,Mpox,mid,136.0,0.000247,0.367122,0.001909,7.855775,125.295348,3909.542362
0.2,1_uniform,Mpox,mid,137.0,0.000247,0.360818,0.001887,7.797396,124.46583,3905.446414
0.2,1_uniform,Mpox,mid,138.0,0.000247,0.354626,0.001868,7.739443,123.635669,3900.66712
0.2,1_uniform,Mpox,mid,139.0,0.000247,0.348544,0.001851,7.681918,122.80532,3895.226262
0.2,1_uniform,Mpox,mid,140.0,0.000247,0.342571,0.001836,7.624818,121.975209,3889.145348
0.2,1_uniform,Mpox,mid,141.0,0.000247,0.336705,0.001823,7.568142,121.145729,3882.445591
0.2,1_uniform,Mpox,mid,142.0,0.000247,0.330943,0.001812,7.511889,120.317247,3875.147887
0.2,1_uniform,Mpox,mid,143.0,0.000247,0.325285,0.001801,7.456057,119.490104,3867.272805
0.2,1_uniform,Mpox,mid,144.0,0.000247,0.319727,0.001793,7.400644,118.664617,3858.840564
0.2,1_uniform,Mpox,mid,145.0,0.000247,0.314268,0.001785,7.345647,117.841077,3849.871031
0.2,1_uniform,Mpox,mid,146.0,0.000247,0.308906,0.001778,7.291066,117.019756,3840.383702
0.2,1_uniform,Mpox,mid,147.0,0.000247,0.303641,0.001772,7.236896,116.200906,3830.397698
0.2,1_uniform,Mpox,mid,148.0,0.000247,0.298469,0.001767,7.183137,115.384757,3819.931755
0.2,1_uniform,Mpox,mid,149.0,0.000247,0.293389,0.001762,7.129785,114.571524,3809.004222
0.2,1_uniform,Mpox,mid,150.0,0.000247,0.2884,0.001758,7.076838,113.761404,3797.633052
0.2,1_uniform,Mpox,mid,151.0,0.000247,0.2835,0.001754,7.024294,112.954579,3785.835802
0.2,1_uniform,Mpox,mid,152.0,0.000247,0.278688,0.001751,6.972149,112.151215,3773.629632
0.2,1_uniform,Mpox,mid,153.0,0.000247,0.273961,0.001749,6.920401,111.351466,3761.0313
0.2,1_uniform,Mpox,mid,154.0,0.000247,0.269319,0.001746,6.869048,110.555472,3748.057165
0.2,1_uniform,Mpox,mid,155.0,0.000247,0.264759,0.001744,6.818087,109.763361,3734.723187
0.2,1_uniform,Mpox,mid,156.0,0.000247,0.260281,0.001742,6.767515,108.97525,3721.044927
0.2,1_uniform,Mpox,mid,157.0,0.000247,0.255882,0.001741,6.717328,108.191246,3707.037553
0.2,1_uniform,Mpox,mid,158.0,0.000247,0.251563,0.001739,6.667526,107.411446,3692.715838
0.2,1_uniform,Mpox,mid,159.0,0.000247,0.24732,0.001738,6.618104,106.635937,3678.094169
0.2,1_uniform,Mpox,mid,160.0,0.000247,0.243153,0.001737,6.56906,105.864799,3663.186545
0.2,1_uniform,Mpox,mid,161.0,0.000247,0.23906,0.001736,6.520392,105.098103,3648.006585
0.2,1_uniform,Mpox,mid,162.0,0.000247,0.23504,0.001735,6.472095,104.335912,3632.567533
0.2,1_uniform,Mpox,mid,163.0,0.000247,0.231092,0.001734,6.424169,103.578283,3616.882263
0.2,1_uniform,Mpox,mid,164.0,0.000247,0.227214,0.001734,6.37661,102.825267,3600.96328
0.2,1_uniform,Mpox,mid,165.0,0.000247,0.223406,0.001733,6.329415,102.076908,3584.822734
0.2,1_uniform,Mpox,mid,166.0,0.000247,0.219665,0.001732,6.282581,101.333244,3568.472419
0.2,1_uniform,Mpox,mid,167.0,0.000247,0.215991,0.001732,6.236106,100.59431,3551.923781
0.2,1_uniform,Mpox,mid,168.0,0.000247,0.212383,0.001732,6.189988,99.860133,3535.187927
0.2,1_uniform,Mpox,mid,169.0,0.000247,0.208839,0.001731,6.144223,99.130739,3518.275627
0.2,1_uniform,Mpox,mid,170.0,0.000247,0.205359,0.001731,6.098809,98.406147,3501.197324
0.2,1_uniform,Mpox,mid,171.0,0.000247,0.20194,0.001731,6.053742,97.686372,3483.963141
0.2,1_uniform,Mpox,mid,172.0,0.000247,0.198582,0.001731,6.009022,96.971429,3466.582884
0.2,1_uniform,Mpox,mid,173.0,0.000247,0.195285,0.00173,5.964644,96.261324,3449.066052
0.2,1_uniform,Mpox,mid,174.0,0.000247,0.192046,0.00173,5.920607,95.556065,3431.421843
0.2,1_uniform,Mpox,mid,175.0,0.000247,0.188865,0.00173,5.876907,94.855655,3413.659161
0.2,1_uniform,Mpox,mid,176.0,0.000247,0.18574,0.00173,5.833542,94.160093,3395.786623
0.2,1_uniform,Mpox,mid,177.0,0.000247,0.182672,0.00173,5.79051,93.469378,3377.812563
0.2,1_uniform,Mpox,mid,178.0,0.000247,0.179658,0.00173,5.747808,92.783505,3359.745044
0.2,1_uniform,Mpox,mid,179.0,0.000247,0.176698,0.00173,5.705434,92.102467,3341.59186
0.2,1_uniform,Mpox,mid,180.0,0.000247,0.17379,0.00173,5.663384,91.426256,3323.360545
0.2,2_bigmhc_weighted,HIV,mid,0.0,0.0,0.0,0.0,0.0,0.0,0.0
0.2,2_bigmhc_weighted,HIV,mid,1.0,0.125952,0.078388,0.017057,0.006161,0.001565,0.000313
0.2,2_bigmhc_weighted,HIV,mid,2.0,0.093667,0.114068,0.047832,0.037978,0.020492,0.008705
0.2,2_bigmhc_weighted,HIV,mid,3.0,0.074493,0.141072,0.08175,0.102175,0.084485,0.055326
0.2,2_bigmhc_weighted,HIV,mid,4.0,0.059287,0.161662,0.115021,0.199587,0.222521,0.197693
0.2,2_bigmhc_weighted,HIV,mid,5.0,0.047185,0.177169,0.145332,0.328064,0.460864,0.518849
0.2,2_bigmhc_weighted,HIV,mid,6.0,0.037554,0.188645,0.171381,0.483699,0.821004,1.122729
0.2,2_bigmhc_weighted,HIV,mid,7.0,0.029888,0.196929,0.192573,0.661693,1.31872,2.12825
0.2,2_bigmhc_weighted,HIV,mid,8.0,0.023788,0.202687,0.208789,0.856946,1.963917,3.663075
0.2,2_bigmhc_weighted,HIV,mid,9.0,0.018932,0.20645,0.220223,1.064444,2.760922,5.857668
0.2,2_bigmhc_weighted,HIV,mid,10.0,0.015068,0.20864,0.227258,1.279509,3.709081,8.839993
0.2,2_bigmhc_weighted,HIV,mid,11.0,0.011992,0.209592,0.230385,1.49794,4.803486,12.731051
0.2,2_bigmhc_weighted,HIV,mid,12.0,0.009544,0.209573,0.230138,1.716082,6.035765,17.641307
0.2,2_bigmhc_weighted,HIV,mid,13.0,0.007596,0.208795,0.227057,1.930846,7.394852,23.66801
0.2,2_bigmhc_weighted,HIV,mid,14.0,0.006046,0.207427,0.221658,2.139697,8.867707,30.893335
0.2,2_bigmhc_weighted,HIV,mid,15.0,0.004812,0.205602,0.214423,2.340613,10.439973,39.383257
0.2,2_bigmhc_weighted,HIV,mid,16.0,0.003829,0.203427,0.205782,2.532046,12.096533,49.187072
0.2,2_bigmhc_weighted,HIV,mid,17.0,0.003048,0.200986,0.196116,2.712862,13.821995,60.337432
0.2,2_bigmhc_weighted,HIV,mid,18.0,0.002426,0.198346,0.185755,2.88229,15.601083,72.850815
0.2,2_bigmhc_weighted,HIV,mid,19.0,0.001931,0.19556,0.174977,3.039867,17.418957,86.72833
0.2,2_bigmhc_weighted,HIV,mid,20.0,0.001536,0.19267,0.164016,3.185391,19.261449,101.956771
0.2,2_bigmhc_weighted,HIV,mid,21.0,0.001235,0.18971,0.153063,3.318869,21.115257,118.509835
0.2,2_bigmhc_weighted,HIV,mid,22.0,0.126934,0.265096,0.159329,3.446642,22.969623,136.349781
0.2,2_bigmhc_weighted,HIV,mid,23.0,0.094449,0.297751,0.179595,3.588521,24.829095,155.435957
0.2,2_bigmhc_weighted,HIV,mid,24.0,0.075115,0.32172,0.203378,3.751646,26.711233,175.741149
0.2,2_bigmhc_weighted,HIV,mid,25.0,0.059782,0.339281,0.226954,3.937347,28.635995,197.257949
0.2,2_bigmhc_weighted,HIV,mid,26.0,0.04758,0.351773,0.248057,4.144017,30.621732,219.998261
0.2,2_bigmhc_weighted,HIV,mid,27.0,0.037868,0.360257,0.265416,4.368329,32.683094,243.989941
0.2,2_bigmhc_weighted,HIV,mid,28.0,0.030138,0.365577,0.278449,4.60608,34.830052,269.272084
0.2,2_bigmhc_weighted,HIV,mid,29.0,0.023986,0.368404,0.287043,4.852772,37.067665,295.889889
0.2,2_bigmhc_weighted,HIV,mid,30.0,0.01909,0.369272,0.291387,5.103988,39.396325,323.889723
0.2,2_bigmhc_weighted,HIV,mid,31.0,0.015194,0.368607,0.291853,5.355634,41.81227,353.314728
0.2,2_bigmhc_weighted,HIV,mid,32.0,0.012092,0.366744,0.288914,5.604073,44.308254,384.201166
0.2,2_bigmhc_weighted,HIV,mid,33.0,0.009624,0.363953,0.283084,5.846193,46.874256,416.575561
0.2,2_bigmhc_weighted,HIV,mid,34.0,0.00766,0.360445,0.274879,6.079422,49.49818,450.452636
0.2,2_bigmhc_weighted,HIV,mid,35.0,0.006096,0.356391,0.26479,6.301708,52.166515,485.833989
0.2,2_bigmhc_weighted,HIV,mid,36.0,0.004852,0.351925,0.253272,6.511491,54.864914,522.707416
0.2,2_bigmhc_weighted,HIV,mid,37.0,0.003861,0.347152,0.240729,6.707648,57.578703,561.046796
0.2,2_bigmhc_weighted,HIV,mid,38.0,0.003073,0.342157,0.227516,6.889444,60.293299,600.812437
0.2,2_bigmhc_weighted,HIV,mid,39.0,0.002446,0.337006,0.213936,7.056476,62.99455,641.951777
0.2,2_bigmhc_weighted,HIV,mid,40.0,0.001947,0.331753,0.200242,7.208623,65.669008,684.400372
0.2,2_bigmhc_weighted,HIV,mid,41.0,0.001549,0.326439,0.186644,7.345994,68.304122,728.083068
0.2,2_bigmhc_weighted,HIV,mid,42.0,0.001233,0.321096,0.17331,7.468885,70.888382,772.915313
0.2,2_bigmhc_weighted,HIV,mid,43.0,0.000981,0.31575,0.160371,7.577737,73.41141,818.804532
0.2,2_bigmhc_weighted,HIV,mid,44.0,0.000781,0.310422,0.147928,7.673105,75.864006,865.651526
0.2,2_bigmhc_weighted,HIV,mid,45.0,0.000622,0.305127,0.136052,7.755624,78.238165,913.35186
0.2,2_bigmhc_weighted,HIV,mid,46.0,0.000495,0.299877,0.124793,7.825984,80.527059,961.797199
0.2,2_bigmhc_weighted,HIV,mid,47.0,0.000394,0.294681,0.114183,7.88491,82.725003,1010.876576
0.2,2_bigmhc_weighted,HIV,mid,48.0,0.000313,0.289546,0.104234,7.933144,84.827403,1060.477583
0.2,2_bigmhc_weighted,HIV,mid,49.0,0.000249,0.284478,0.09495,7.97143,86.830691,1110.487451
0.2,2_bigmhc_weighted,HIV,mid,50.0,0.000199,0.27948,0.086321,8.000501,88.732253,1160.794045
0.2,2_bigmhc_weighted,HIV,mid,51.0,0.000158,0.274556,0.078332,8.021073,90.530349,1211.286734
0.2,2_bigmhc_weighted,HIV,mid,52.0,0.000126,0.269708,0.070959,8.033839,92.224039,1261.857175
0.2,2_bigmhc_weighted,HIV,mid,53.0,0.0001,0.264935,0.064177,8.03946,93.813098,1312.399973
0.2,2_bigmhc_weighted,HIV,mid,54.0,8e-05,0.26024,0.057956,8.038564,95.297939,1362.813257
0.2,2_bigmhc_weighted,HIV,mid,55.0,6.3e-05,0.255622,0.052263,8.031743,96.679537,1412.999156
0.2,2_bigmhc_weighted,HIV,mid,56.0,5.1e-05,0.251082,0.047067,8.019554,97.959358,1462.864182
0.2,2_bigmhc_weighted,HIV,mid,57.0,0.125998,0.325005,0.059391,8.008677,99.140852,1512.319852
0.2,2_bigmhc_weighted,HIV,mid,58.0,0.093699,0.356299,0.085864,8.01909,100.242061,1561.290053
0.2,2_bigmhc_weighted,HIV,mid,59.0,0.074519,0.378992,0.115879,8.057963,101.293229,1609.726142
0.2,2_bigmhc_weighted,HIV,mid,60.0,0.059308,0.395346,0.145616,8.126545,102.326119,1657.612024
0.2,2_bigmhc_weighted,HIV,mid,61.0,0.047202,0.40669,0.17273,8.223062,103.36998,1704.962363
0.2,2_bigmhc_weighted,HIV,mid,62.0,0.037567,0.414077,0.195895,8.343956,104.44943,1751.817946
0.2,2_bigmhc_weighted,HIV,mid,63.0,0.029899,0.418343,0.214486,8.484746,105.583495,1798.239731
0.2,2_bigmhc_weighted,HIV,mid,64.0,0.023796,0.420155,0.22836,8.64062,106.785397,1844.302535
0.2,2_bigmhc_weighted,HIV,mid,65.0,0.018939,0.420041,0.237689,8.806829,108.062829,1890.08898
0.2,2_bigmhc_weighted,HIV,mid,66.0,0.015073,0.418423,0.242833,8.978933,109.418515,1935.684063
0.2,2_bigmhc_weighted,HIV,mid,67.0,0.011996,0.415634,0.244264,9.152947,110.850923,1981.170534
0.2,2_bigmhc_weighted,HIV,mid,68.0,0.009548,0.411941,0.242496,9.325413,112.355027,2026.625158
0.2,2_bigmhc_weighted,HIV,mid,69.0,0.007599,0.407554,0.238054,9.493418,113.923062,2072.115851
0.2,2_bigmhc_weighted,HIV,mid,70.0,0.006048,0.40264,0.231439,9.654584,115.545235,2117.699624
0.2,2_bigmhc_weighted,HIV,mid,71.0,0.004814,0.397334,0.223115,9.807036,117.210357,2163.421266
0.2,2_bigmhc_weighted,HIV,mid,72.0,0.003831,0.391739,0.213503,9.949351,118.906404,2209.31265
0.2,2_bigmhc_weighted,HIV,mid,73.0,0.003049,0.385939,0.202971,10.080512,120.620982,2255.392568
0.2,2_bigmhc_weighted,HIV,mid,74.0,0.002427,0.38,0.191837,10.19985,122.341722,2301.666995
0.2,2_bigmhc_weighted,HIV,mid,75.0,0.001931,0.373974,0.180371,10.306995,124.056587,2348.129687
0.2,2_bigmhc_weighted,HIV,mid,76.0,0.001537,0.367901,0.168797,10.401826,125.754112,2394.763026
0.2,2_bigmhc_weighted,HIV,mid,77.0,0.001223,0.361815,0.157299,10.484424,127.423587,2441.539051
0.2,2_bigmhc_weighted,HIV,mid,78.0,0.000974,0.35574,0.146023,10.555035,129.05518,2488.420597
0.2,2_bigmhc_weighted,HIV,mid,79.0,0.000775,0.349696,0.135082,10.61403,130.640018,2535.362507
0.2,2_bigmhc_weighted,HIV,mid,80.0,0.000617,0.343698,0.124562,10.661877,132.170233,2582.312855
0.2,2_bigmhc_weighted,HIV,mid,81.0,0.000491,0.337758,0.114525,10.699114,133.638971,2629.214163
0.2,2_bigmhc_weighted,HIV,mid,82.0,0.000391,0.331885,0.105014,10.726327,135.04038,2676.004573
0.2,2_bigmhc_weighted,HIV,mid,83.0,0.000311,0.326086,0.096055,10.74413,136.369585,2722.618969
0.2,2_bigmhc_weighted,HIV,mid,84.0,0.000247,0.320365,0.087658,10.753152,137.622635,2768.99001
0.2,2_bigmhc_weighted,HIV,mid,85.0,0.000247,0.314736,0.079826,10.754021,138.796454,2815.049097
0.2,2_bigmhc_weighted,HIV,mid,86.0,0.000247,0.309207,0.072557,10.747363,139.888777,2860.727236
0.2,2_bigmhc_weighted,HIV,mid,87.0,0.000247,0.303777,0.065839,10.733792,140.898092,2905.955824
0.2,2_bigmhc_weighted,HIV,mid,88.0,0.000247,0.298444,0.059654,10.7139,141.823569,2950.66734
0.2,2_bigmhc_weighted,HIV,mid,89.0,0.000247,0.293206,0.05398,10.688256,142.664996,2994.795949
0.2,2_bigmhc_weighted,HIV,mid,90.0,0.000247,0.288061,0.048791,10.657401,143.422711,3038.278026
0.2,2_bigmhc_weighted,HIV,mid,91.0,0.000247,0.283008,0.044057,10.621843,144.097537,3081.052585
0.2,2_bigmhc_weighted,HIV,mid,92.0,0.000247,0.278045,0.039749,10.582056,144.690715,3123.061645
0.2,2_bigmhc_weighted,HIV,mid,93.0,0.000247,0.273171,0.035838,10.538484,145.203846,3164.250509
0.2,2_bigmhc_weighted,HIV,mid,94.0,0.000247,0.268383,0.032295,10.491536,145.638836,3204.567988
0.2,2_bigmhc_weighted,HIV,mid,95.0,0.000247,0.263681,0.02909,10.44159,145.997845,3243.966557
0.2,2_bigmhc_weighted,HIV,mid,96.0,0.000247,0.259063,0.026197,10.388993,146.283235,3282.402465
0.2,2_bigmhc_weighted,HIV,mid,97.0,0.000247,0.254528,0.02359,10.334061,146.497533,3319.835789
0.2,2_bigmhc_weighted,HIV,mid,98.0,0.000247,0.250073,0.021243,10.277086,146.643388,3356.230448
0.2,2_bigmhc_weighted,HIV,mid,99.0,0.000247,0.245697,0.019133,10.218329,146.723539,3391.554191
0.2,2_bigmhc_weighted,HIV,mid,100.0,0.000247,0.2414,0.01724,10.158032,146.740785,3425.778538
0.2,2_bigmhc_weighted,HIV,mid,101.0,0.000247,0.23718,0.015542,10.09641,146.697958,3458.878704
0.2,2_bigmhc_weighted,HIV,mid,102.0,0.000247,0.233034,0.014021,10.03366,146.597897,3490.8335
0.2,2_bigmhc_weighted,HIV,mid,103.0,0.000247,0.228963,0.01266,9.969957,146.443433,3521.625218
0.2,2_bigmhc_weighted,HIV,mid,104.0,0.000247,0.224964,0.011444,9.90546,146.237367,3551.239494
0.2,2_bigmhc_weighted,HIV,mid,105.0,0.000247,0.221037,0.010358,9.840313,145.982461,3579.665167
0.2,2_bigmhc_weighted,HIV,mid,106.0,0.000247,0.217179,0.009389,9.774643,145.681419,3606.894128
0.2,2_bigmhc_weighted,HIV,mid,107.0,0.000247,0.213391,0.008525,9.708565,145.336884,3632.921162
0.2,2_bigmhc_weighted,HIV,mid,108.0,0.000247,0.20967,0.007755,9.642182,144.951424,3657.743787
0.2,2_bigmhc_weighted,HIV,mid,109.0,0.000247,0.206015,0.00707,9.575583,144.52753,3681.362089
0.2,2_bigmhc_weighted,HIV,mid,110.0,0.000247,0.202426,0.00646,9.508852,144.067608,3703.778562
0.2,2_bigmhc_weighted,HIV,mid,111.0,0.000247,0.198901,0.005918,9.442059,143.57398,3724.997941
0.2,2_bigmhc_weighted,HIV,mid,112.0,0.000247,0.195438,0.005437,9.37527,143.048875,3745.027049
0.2,2_bigmhc_weighted,HIV,mid,113.0,0.000247,0.192038,0.005009,9.308541,142.494434,3763.874634
0.2,2_bigmhc_weighted,HIV,mid,114.0,0.000247,0.188698,0.00463,9.241923,141.912702,3781.55122
0.2,2_bigmhc_weighted,HIV,mid,115.0,0.000247,0.185417,0.004293,9.175459,141.305638,3798.068959
0.2,2_bigmhc_weighted,HIV,mid,116.0,0.000247,0.182195,0.003995,9.10919,140.675107,3813.441486
0.2,2_bigmhc_weighted,HIV,mid,117.0,0.000247,0.179031,0.003731,9.043149,140.022884,3827.683786
0.2,2_bigmhc_weighted,HIV,mid,118.0,0.000247,0.175923,0.003497,8.977367,139.350659,3840.812061
0.2,2_bigmhc_weighted,HIV,mid,119.0,0.000247,0.17287,0.003289,8.911869,138.660034,3852.843605
0.2,2_bigmhc_weighted,HIV,mid,120.0,0.000247,0.169872,0.003106,8.84668,137.952528,3863.796686
0.2,2_bigmhc_weighted,HIV,mid,121.0,0.000247,0.166927,0.002944,8.78182,137.22958,3873.69043
0.2,2_bigmhc_weighted,HIV,mid,122.0,0.000247,0.164035,0.0028,8.717305,136.492549,3882.544722
0.2,2_bigmhc_weighted,HIV,mid,123.0,0.000247,0.161195,0.002673,8.65315,135.74272,3890.380099
0.2,2_bigmhc_weighted,HIV,mid,124.0,0.000247,0.158405,0.002561,8.589369,134.981304,3897.21766
0.2,2_bigmhc_weighted,HIV,mid,125.0,0.000247,0.155665,0.002463,8.525972,134.209444,3903.078975
0.2,2_bigmhc_weighted,HIV,mid,126.0,0.000247,0.152974,0.002375,8.462969,133.428216,3907.986004
0.2,2_bigmhc_weighted,HIV,mid,127.0,0.000247,0.150331,0.002298,8.400367,132.638631,3911.961021
0.2,2_bigmhc_weighted,HIV,mid,128.0,0.000247,0.147735,0.00223,8.338174,131.841639,3915.026542
0.2,2_bigmhc_weighted,HIV,mid,129.0,0.000247,0.145185,0.00217,8.276394,131.038135,3917.205256
0.2,2_bigmhc_weighted,HIV,mid,130.0,0.000247,0.142681,0.002117,8.215032,130.228955,3918.51997
0.2,2_bigmhc_weighted,HIV,mid,131.0,0.000247,0.140221,0.002071,8.154091,129.414885,3918.993546
0.2,2_bigmhc_weighted,HIV,mid,132.0,0.000247,0.137805,0.00203,8.093574,128.596662,3918.648852
0.2,2_bigmhc_weighted,HIV,mid,133.0,0.000247,0.135433,0.001993,8.033483,127.774973,3917.508714
0.2,2_bigmhc_weighted,HIV,mid,134.0,0.000247,0.133103,0.001961,7.973819,126.950463,3915.595872
0.2,2_bigmhc_weighted,HIV,mid,135.0,0.000247,0.130814,0.001933,7.914583,126.123734,3912.932941
0.2,2_bigmhc_weighted,HIV,mid,136.0,0.000247,0.128566,0.001909,7.855775,125.295348,3909.542372
0.2,2_bigmhc_weighted,HIV,mid,137.0,0.000247,0.126358,0.001887,7.797396,124.46583,3905.446424
0.2,2_bigmhc_weighted,HIV,mid,138.0,0.000247,0.12419,0.001868,7.739443,123.635669,3900.667129
0.2,2_bigmhc_weighted,HIV,mid,139.0,0.000247,0.12206,0.001851,7.681918,122.805321,3895.226272
0.2,2_bigmhc_weighted,HIV,mid,140.0,0.000247,0.119969,0.001836,7.624818,121.975209,3889.145358
0.2,2_bigmhc_weighted,HIV,mid,141.0,0.000247,0.117914,0.001823,7.568142,121.145729,3882.445601
0.2,2_bigmhc_weighted,HIV,mid,142.0,0.000247,0.115896,0.001812,7.511889,120.317247,3875.147897
0.2,2_bigmhc_weighted,HIV,mid,143.0,0.000247,0.113915,0.001801,7.456057,119.490105,3867.272814
0.2,2_bigmhc_weighted,HIV,mid,144.0,0.000247,0.111968,0.001793,7.400644,118.664617,3858.840574
0.2,2_bigmhc_weighted,HIV,mid,145.0,0.000247,0.110057,0.001785,7.345647,117.841077,3849.871041
0.2,2_bigmhc_weighted,HIV,mid,146.0,0.000247,0.108179,0.001778,7.291066,117.019757,3840.383712
0.2,2_bigmhc_weighted,HIV,mid,147.0,0.000247,0.106335,0.001772,7.236896,116.200906,3830.397708
0.2,2_bigmhc_weighted,HIV,mid,148.0,0.000247,0.104524,0.001767,7.183137,115.384757,3819.931765
0.2,2_bigmhc_weighted,HIV,mid,149.0,0.000247,0.102745,0.001762,7.129785,114.571524,3809.004231
0.2,2_bigmhc_weighted,HIV,mid,150.0,0.000247,0.100998,0.001758,7.076838,113.761404,3797.633061
0.2,2_bigmhc_weighted,HIV,mid,151.0,0.000247,0.099282,0.001754,7.024294,112.954579,3785.835812
0.2,2_bigmhc_weighted,HIV,mid,152.0,0.000247,0.097596,0.001751,6.972149,112.151215,3773.629642
0.2,2_bigmhc_weighted,HIV,mid,153.0,0.000247,0.095941,0.001749,6.920401,111.351466,3761.03131
0.2,2_bigmhc_weighted,HIV,mid,154.0,0.000247,0.094315,0.001746,6.869048,110.555472,3748.057175
0.2,2_bigmhc_weighted,HIV,mid,155.0,0.000247,0.092719,0.001744,6.818087,109.763361,3734.723196
0.2,2_bigmhc_weighted,HIV,mid,156.0,0.000247,0.09115,0.001742,6.767515,108.97525,3721.044937
0.2,2_bigmhc_weighted,HIV,mid,157.0,0.000247,0.08961,0.001741,6.717328,108.191246,3707.037562
0.2,2_bigmhc_weighted,HIV,mid,158.0,0.000247,0.088097,0.001739,6.667526,107.411446,3692.715848
0.2,2_bigmhc_weighted,HIV,mid,159.0,0.000247,0.086611,0.001738,6.618104,106.635938,3678.094178
0.2,2_bigmhc_weighted,HIV,mid,160.0,0.000247,0.085152,0.001737,6.56906,105.8648,3663.186554
0.2,2_bigmhc_weighted,HIV,mid,161.0,0.000247,0.083719,0.001736,6.520392,105.098103,3648.006594
0.2,2_bigmhc_weighted,HIV,mid,162.0,0.000247,0.082311,0.001735,6.472096,104.335912,3632.567542
0.2,2_bigmhc_weighted,HIV,mid,163.0,0.000247,0.080928,0.001734,6.424169,103.578283,3616.882272
0.2,2_bigmhc_weighted,HIV,mid,164.0,0.000247,0.07957,0.001734,6.37661,102.825267,3600.963289
0.2,2_bigmhc_weighted,HIV,mid,165.0,0.000247,0.078237,0.001733,6.329415,102.076908,3584.822743
0.2,2_bigmhc_weighted,HIV,mid,166.0,0.000247,0.076927,0.001732,6.282581,101.333244,3568.472428
0.2,2_bigmhc_weighted,HIV,mid,167.0,0.000247,0.07564,0.001732,6.236106,100.59431,3551.92379
0.2,2_bigmhc_weighted,HIV,mid,168.0,0.000247,0.074377,0.001732,6.189988,99.860134,3535.187936
0.2,2_bigmhc_weighted,HIV,mid,169.0,0.000247,0.073135,0.001731,6.144223,99.130739,3518.275636
0.2,2_bigmhc_weighted,HIV,mid,170.0,0.000247,0.071917,0.001731,6.098809,98.406147,3501.197333
0.2,2_bigmhc_weighted,HIV,mid,171.0,0.000247,0.070719,0.001731,6.053743,97.686373,3483.96315
0.2,2_bigmhc_weighted,HIV,mid,172.0,0.000247,0.069544,0.001731,6.009022,96.971429,3466.582893
0.2,2_bigmhc_weighted,HIV,mid,173.0,0.000247,0.068389,0.00173,5.964644,96.261324,3449.066061
0.2,2_bigmhc_weighted,HIV,mid,174.0,0.000247,0.067254,0.00173,5.920607,95.556066,3431.421852
0.2,2_bigmhc_weighted,HIV,mid,175.0,0.000247,0.06614,0.00173,5.876907,94.855655,3413.65917
0.2,2_bigmhc_weighted,HIV,mid,176.0,0.000247,0.065046,0.00173,5.833542,94.160093,3395.786632
0.2,2_bigmhc_weighted,HIV,mid,177.0,0.000247,0.063972,0.00173,5.79051,93.469378,3377.812572
0.2,2_bigmhc_weighted,HIV,mid,178.0,0.000247,0.062916,0.00173,5.747808,92.783505,3359.745053
0.2,2_bigmhc_weighted,HIV,mid,179.0,0.000247,0.06188,0.00173,5.705434,92.102467,3341.591869
0.2,2_bigmhc_weighted,HIV,mid,180.0,0.000247,0.060861,0.00173,5.663384,91.426257,3323.360553
0.2,2_bigmhc_weighted,Mpox,mid,0.0,0.0,0.0,0.0,0.0,0.0,0.0
0.2,2_bigmhc_weighted,Mpox,mid,1.0,0.125952,0.078388,0.017057,0.006161,0.001565,0.000313
0.2,2_bigmhc_weighted,Mpox,mid,2.0,0.093667,0.114068,0.047832,0.037978,0.020492,0.008705
0.2,2_bigmhc_weighted,Mpox,mid,3.0,0.074493,0.141072,0.08175,0.102175,0.084485,0.055326
0.2,2_bigmhc_weighted,Mpox,mid,4.0,0.059287,0.161662,0.115021,0.199587,0.222521,0.197693
0.2,2_bigmhc_weighted,Mpox,mid,5.0,0.047185,0.177169,0.145332,0.328064,0.460864,0.518849
0.2,2_bigmhc_weighted,Mpox,mid,6.0,0.037554,0.188645,0.171381,0.483699,0.821004,1.122729
0.2,2_bigmhc_weighted,Mpox,mid,7.0,0.029888,0.196929,0.192573,0.661693,1.31872,2.12825
0.2,2_bigmhc_weighted,Mpox,mid,8.0,0.023788,0.202687,0.208789,0.856946,1.963917,3.663075
0.2,2_bigmhc_weighted,Mpox,mid,9.0,0.018932,0.20645,0.220223,1.064444,2.760922,5.857668
0.2,2_bigmhc_weighted,Mpox,mid,10.0,0.015068,0.20864,0.227258,1.279509,3.709081,8.839993
0.2,2_bigmhc_weighted,Mpox,mid,11.0,0.011992,0.209592,0.230385,1.49794,4.803486,12.731051
0.2,2_bigmhc_weighted,Mpox,mid,12.0,0.009544,0.209573,0.230138,1.716082,6.035765,17.641307
0.2,2_bigmhc_weighted,Mpox,mid,13.0,0.007596,0.208795,0.227057,1.930846,7.394852,23.66801
0.2,2_bigmhc_weighted,Mpox,mid,14.0,0.006046,0.207427,0.221658,2.139697,8.867707,30.893335
0.2,2_bigmhc_weighted,Mpox,mid,15.0,0.004812,0.205602,0.214423,2.340613,10.439973,39.383257
0.2,2_bigmhc_weighted,Mpox,mid,16.0,0.003829,0.203427,0.205782,2.532046,12.096533,49.187072
0.2,2_bigmhc_weighted,Mpox,mid,17.0,0.003048,0.200986,0.196116,2.712862,13.821995,60.337432
0.2,2_bigmhc_weighted,Mpox,mid,18.0,0.002426,0.198346,0.185755,2.88229,15.601083,72.850815
0.2,2_bigmhc_weighted,Mpox,mid,19.0,0.001931,0.19556,0.174977,3.039867,17.418957,86.72833
0.2,2_bigmhc_weighted,Mpox,mid,20.0,0.001536,0.19267,0.164016,3.185391,19.261449,101.956771
0.2,2_bigmhc_weighted,Mpox,mid,21.0,0.001235,0.18971,0.153063,3.318869,21.115257,118.509835
0.2,2_bigmhc_weighted,Mpox,mid,22.0,0.126934,0.265096,0.159329,3.446642,22.969623,136.349781
0.2,2_bigmhc_weighted,Mpox,mid,23.0,0.094449,0.297751,0.179595,3.588521,24.829095,155.435957
0.2,2_bigmhc_weighted,Mpox,mid,24.0,0.075115,0.32172,0.203378,3.751646,26.711233,175.741149
0.2,2_bigmhc_weighted,Mpox,mid,25.0,0.059782,0.339281,0.226954,3.937347,28.635995,197.257949
0.2,2_bigmhc_weighted,Mpox,mid,26.0,0.04758,0.351773,0.248057,4.144017,30.621732,219.998261
0.2,2_bigmhc_weighted,Mpox,mid,27.0,0.037868,0.360257,0.265416,4.368329,32.683094,243.989941
0.2,2_bigmhc_weighted,Mpox,mid,28.0,0.030138,0.365577,0.278449,4.60608,34.830052,269.272084
0.2,2_bigmhc_weighted,Mpox,mid,29.0,0.023986,0.368404,0.287043,4.852772,37.067665,295.889889
0.2,2_bigmhc_weighted,Mpox,mid,30.0,0.01909,0.369272,0.291387,5.103988,39.396325,323.889723
0.2,2_bigmhc_weighted,Mpox,mid,31.0,0.015194,0.368607,0.291853,5.355634,41.81227,353.314728
0.2,2_bigmhc_weighted,Mpox,mid,32.0,0.012092,0.366744,0.288914,5.604073,44.308254,384.201166
0.2,2_bigmhc_weighted,Mpox,mid,33.0,0.009624,0.363953,0.283084,5.846193,46.874256,416.575561
0.2,2_bigmhc_weighted,Mpox,mid,34.0,0.00766,0.360445,0.274879,6.079422,49.49818,450.452636
0.2,2_bigmhc_weighted,Mpox,mid,35.0,0.006096,0.356391,0.26479,6.301708,52.166515,485.833989
0.2,2_bigmhc_weighted,Mpox,mid,36.0,0.004852,0.351925,0.253272,6.511491,54.864914,522.707416
0.2,2_bigmhc_weighted,Mpox,mid,37.0,0.003861,0.347152,0.240729,6.707648,57.578703,561.046796
0.2,2_bigmhc_weighted,Mpox,mid,38.0,0.003073,0.342157,0.227516,6.889444,60.293299,600.812437
0.2,2_bigmhc_weighted,Mpox,mid,39.0,0.002446,0.337006,0.213936,7.056476,62.99455,641.951777
0.2,2_bigmhc_weighted,Mpox,mid,40.0,0.001947,0.331753,0.200242,7.208623,65.669008,684.400372
0.2,2_bigmhc_weighted,Mpox,mid,41.0,0.001549,0.326439,0.186644,7.345994,68.304122,728.083068
0.2,2_bigmhc_weighted,Mpox,mid,42.0,0.001233,0.321096,0.17331,7.468885,70.888382,772.915313
0.2,2_bigmhc_weighted,Mpox,mid,43.0,0.000981,0.31575,0.160371,7.577737,73.41141,818.804532
0.2,2_bigmhc_weighted,Mpox,mid,44.0,0.000781,0.310422,0.147928,7.673105,75.864006,865.651526
0.2,2_bigmhc_weighted,Mpox,mid,45.0,0.000622,0.305127,0.136052,7.755624,78.238165,913.35186
0.2,2_bigmhc_weighted,Mpox,mid,46.0,0.000495,0.299877,0.124793,7.825984,80.527059,961.797199
0.2,2_bigmhc_weighted,Mpox,mid,47.0,0.000394,0.294681,0.114183,7.88491,82.725003,1010.876576
0.2,2_bigmhc_weighted,Mpox,mid,48.0,0.000313,0.289546,0.104234,7.933144,84.827403,1060.477583
0.2,2_bigmhc_weighted,Mpox,mid,49.0,0.000249,0.284478,0.09495,7.97143,86.830691,1110.487451
0.2,2_bigmhc_weighted,Mpox,mid,50.0,0.000199,0.27948,0.086321,8.000501,88.732253,1160.794045
0.2,2_bigmhc_weighted,Mpox,mid,51.0,0.000158,0.274556,0.078332,8.021073,90.530349,1211.286734
0.2,2_bigmhc_weighted,Mpox,mid,52.0,0.000126,0.269708,0.070959,8.033839,92.224039,1261.857175
0.2,2_bigmhc_weighted,Mpox,mid,53.0,0.0001,0.264935,0.064177,8.03946,93.813098,1312.399973
0.2,2_bigmhc_weighted,Mpox,mid,54.0,8e-05,0.26024,0.057956,8.038564,95.297939,1362.813257
0.2,2_bigmhc_weighted,Mpox,mid,55.0,6.3e-05,0.255622,0.052263,8.031743,96.679537,1412.999156
0.2,2_bigmhc_weighted,Mpox,mid,56.0,5.1e-05,0.251082,0.047067,8.019554,97.959358,1462.864182
0.2,2_bigmhc_weighted,Mpox,mid,57.0,0.125998,0.325005,0.059391,8.008677,99.140852,1512.319852
0.2,2_bigmhc_weighted,Mpox,mid,58.0,0.093699,0.356299,0.085864,8.01909,100.242061,1561.290053
0.2,2_bigmhc_weighted,Mpox,mid,59.0,0.074519,0.378992,0.115879,8.057963,101.293229,1609.726142
0.2,2_bigmhc_weighted,Mpox,mid,60.0,0.059308,0.395346,0.145616,8.126545,102.326119,1657.612024
0.2,2_bigmhc_weighted,Mpox,mid,61.0,0.047202,0.40669,0.17273,8.223062,103.36998,1704.962363
0.2,2_bigmhc_weighted,Mpox,mid,62.0,0.037567,0.414077,0.195895,8.343956,104.44943,1751.817946
0.2,2_bigmhc_weighted,Mpox,mid,63.0,0.029899,0.418343,0.214486,8.484746,105.583495,1798.239731
0.2,2_bigmhc_weighted,Mpox,mid,64.0,0.023796,0.420155,0.22836,8.64062,106.785397,1844.302535
0.2,2_bigmhc_weighted,Mpox,mid,65.0,0.018939,0.420041,0.237689,8.806829,108.062829,1890.08898
0.2,2_bigmhc_weighted,Mpox,mid,66.0,0.015073,0.418423,0.242833,8.978933,109.418515,1935.684063
0.2,2_bigmhc_weighted,Mpox,mid,67.0,0.011996,0.415634,0.244264,9.152947,110.850923,1981.170534
0.2,2_bigmhc_weighted,Mpox,mid,68.0,0.009548,0.411941,0.242496,9.325413,112.355027,2026.625158
0.2,2_bigmhc_weighted,Mpox,mid,69.0,0.007599,0.407554,0.238054,9.493418,113.923062,2072.115851
0.2,2_bigmhc_weighted,Mpox,mid,70.0,0.006048,0.40264,0.231439,9.654584,115.545235,2117.699624
0.2,2_bigmhc_weighted,Mpox,mid,71.0,0.004814,0.397334,0.223115,9.807036,117.210357,2163.421266
0.2,2_bigmhc_weighted,Mpox,mid,72.0,0.003831,0.391739,0.213503,9.949351,118.906404,2209.31265
0.2,2_bigmhc_weighted,Mpox,mid,73.0,0.003049,0.385939,0.202971,10.080512,120.620982,2255.392568
0.2,2_bigmhc_weighted,Mpox,mid,74.0,0.002427,0.38,0.191837,10.19985,122.341722,2301.666995
0.2,2_bigmhc_weighted,Mpox,mid,75.0,0.001931,0.373974,0.180371,10.306995,124.056587,2348.129687
0.2,2_bigmhc_weighted,Mpox,mid,76.0,0.001537,0.367901,0.168797,10.401826,125.754112,2394.763026
0.2,2_bigmhc_weighted,Mpox,mid,77.0,0.001223,0.361815,0.157299,10.484424,127.423587,2441.539051
0.2,2_bigmhc_weighted,Mpox,mid,78.0,0.000974,0.35574,0.146023,10.555035,129.05518,2488.420597
0.2,2_bigmhc_weighted,Mpox,mid,79.0,0.000775,0.349696,0.135082,10.61403,130.640018,2535.362507
0.2,2_bigmhc_weighted,Mpox,mid,80.0,0.000617,0.343698,0.124562,10.661877,132.170233,2582.312855
0.2,2_bigmhc_weighted,Mpox,mid,81.0,0.000491,0.337758,0.114525,10.699114,133.638971,2629.214163
0.2,2_bigmhc_weighted,Mpox,mid,82.0,0.000391,0.331885,0.105014,10.726327,135.04038,2676.004573
0.2,2_bigmhc_weighted,Mpox,mid,83.0,0.000311,0.326086,0.096055,10.74413,136.369585,2722.618969
0.2,2_bigmhc_weighted,Mpox,mid,84.0,0.000247,0.320365,0.087658,10.753152,137.622635,2768.99001
0.2,2_bigmhc_weighted,Mpox,mid,85.0,0.000247,0.314736,0.079826,10.754021,138.796454,2815.049097
0.2,2_bigmhc_weighted,Mpox,mid,86.0,0.000247,0.309207,0.072557,10.747363,139.888777,2860.727236
0.2,2_bigmhc_weighted,Mpox,mid,87.0,0.000247,0.303777,0.065839,10.733792,140.898092,2905.955824
0.2,2_bigmhc_weighted,Mpox,mid,88.0,0.000247,0.298444,0.059654,10.7139,141.823569,2950.66734
0.2,2_bigmhc_weighted,Mpox,mid,89.0,0.000247,0.293206,0.05398,10.688256,142.664996,2994.795949
0.2,2_bigmhc_weighted,Mpox,mid,90.0,0.000247,0.288061,0.048791,10.657401,143.422711,3038.278026
0.2,2_bigmhc_weighted,Mpox,mid,91.0,0.000247,0.283008,0.044057,10.621843,144.097537,3081.052585
0.2,2_bigmhc_weighted,Mpox,mid,92.0,0.000247,0.278045,0.039749,10.582056,144.690715,3123.061645
0.2,2_bigmhc_weighted,Mpox,mid,93.0,0.000247,0.273171,0.035838,10.538484,145.203846,3164.250509
0.2,2_bigmhc_weighted,Mpox,mid,94.0,0.000247,0.268383,0.032295,10.491536,145.638836,3204.567988
0.2,2_bigmhc_weighted,Mpox,mid,95.0,0.000247,0.263681,0.02909,10.44159,145.997845,3243.966557
0.2,2_bigmhc_weighted,Mpox,mid,96.0,0.000247,0.259063,0.026197,10.388993,146.283235,3282.402465
0.2,2_bigmhc_weighted,Mpox,mid,97.0,0.000247,0.254528,0.02359,10.334061,146.497533,3319.835789
0.2,2_bigmhc_weighted,Mpox,mid,98.0,0.000247,0.250073,0.021243,10.277086,146.643388,3356.230448
0.2,2_bigmhc_weighted,Mpox,mid,99.0,0.000247,0.245697,0.019133,10.218329,146.723539,3391.554191
0.2,2_bigmhc_weighted,Mpox,mid,100.0,0.000247,0.2414,0.01724,10.158032,146.740785,3425.778538
0.2,2_bigmhc_weighted,Mpox,mid,101.0,0.000247,0.23718,0.015542,10.09641,146.697958,3458.878704
0.2,2_bigmhc_weighted,Mpox,mid,102.0,0.000247,0.233034,0.014021,10.03366,146.597897,3490.8335
0.2,2_bigmhc_weighted,Mpox,mid,103.0,0.000247,0.228963,0.01266,9.969957,146.443433,3521.625218
0.2,2_bigmhc_weighted,Mpox,mid,104.0,0.000247,0.224964,0.011444,9.90546,146.237367,3551.239494
0.2,2_bigmhc_weighted,Mpox,mid,105.0,0.000247,0.221037,0.010358,9.840313,145.982461,3579.665167
0.2,2_bigmhc_weighted,Mpox,mid,106.0,0.000247,0.217179,0.009389,9.774643,145.681419,3606.894128
0.2,2_bigmhc_weighted,Mpox,mid,107.0,0.000247,0.213391,0.008525,9.708565,145.336884,3632.921162
0.2,2_bigmhc_weighted,Mpox,mid,108.0,0.000247,0.20967,0.007755,9.642182,144.951424,3657.743787
0.2,2_bigmhc_weighted,Mpox,mid,109.0,0.000247,0.206015,0.00707,9.575583,144.52753,3681.362089
0.2,2_bigmhc_weighted,Mpox,mid,110.0,0.000247,0.202426,0.00646,9.508852,144.067608,3703.778562
0.2,2_bigmhc_weighted,Mpox,mid,111.0,0.000247,0.198901,0.005918,9.442059,143.57398,3724.997941
0.2,2_bigmhc_weighted,Mpox,mid,112.0,0.000247,0.195438,0.005437,9.37527,143.048875,3745.027049
0.2,2_bigmhc_weighted,Mpox,mid,113.0,0.000247,0.192038,0.005009,9.308541,142.494434,3763.874634
0.2,2_bigmhc_weighted,Mpox,mid,114.0,0.000247,0.188698,0.00463,9.241923,141.912702,3781.55122
0.2,2_bigmhc_weighted,Mpox,mid,115.0,0.000247,0.185417,0.004293,9.175459,141.305638,3798.068959
0.2,2_bigmhc_weighted,Mpox,mid,116.0,0.000247,0.182195,0.003995,9.10919,140.675107,3813.441486
0.2,2_bigmhc_weighted,Mpox,mid,117.0,0.000247,0.179031,0.003731,9.043149,140.022884,3827.683786
0.2,2_bigmhc_weighted,Mpox,mid,118.0,0.000247,0.175923,0.003497,8.977367,139.350659,3840.812061
0.2,2_bigmhc_weighted,Mpox,mid,119.0,0.000247,0.17287,0.003289,8.911869,138.660034,3852.843605
0.2,2_bigmhc_weighted,Mpox,mid,120.0,0.000247,0.169872,0.003106,8.84668,137.952528,3863.796686
0.2,2_bigmhc_weighted,Mpox,mid,121.0,0.000247,0.166927,0.002944,8.78182,137.22958,3873.69043
0.2,2_bigmhc_weighted,Mpox,mid,122.0,0.000247,0.164035,0.0028,8.717305,136.492549,3882.544722
0.2,2_bigmhc_weighted,Mpox,mid,123.0,0.000247,0.161195,0.002673,8.65315,135.74272,3890.380099
0.2,2_bigmhc_weighted,Mpox,mid,124.0,0.000247,0.158405,0.002561,8.589369,134.981304,3897.21766
0.2,2_bigmhc_weighted,Mpox,mid,125.0,0.000247,0.155665,0.002463,8.525972,134.209444,3903.078975
0.2,2_bigmhc_weighted,Mpox,mid,126.0,0.000247,0.152974,0.002375,8.462969,133.428216,3907.986004
0.2,2_bigmhc_weighted,Mpox,mid,127.0,0.000247,0.150331,0.002298,8.400367,132.638631,3911.961021
0.2,2_bigmhc_weighted,Mpox,mid,128.0,0.000247,0.147735,0.00223,8.338174,131.841639,3915.026542
0.2,2_bigmhc_weighted,Mpox,mid,129.0,0.000247,0.145185,0.00217,8.276394,131.038135,3917.205256
0.2,2_bigmhc_weighted,Mpox,mid,130.0,0.000247,0.142681,0.002117,8.215032,130.228955,3918.51997
0.2,2_bigmhc_weighted,Mpox,mid,131.0,0.000247,0.140221,0.002071,8.154091,129.414885,3918.993546
0.2,2_bigmhc_weighted,Mpox,mid,132.0,0.000247,0.137805,0.00203,8.093574,128.596662,3918.648852
0.2,2_bigmhc_weighted,Mpox,mid,133.0,0.000247,0.135433,0.001993,8.033483,127.774973,3917.508714
0.2,2_bigmhc_weighted,Mpox,mid,134.0,0.000247,0.133103,0.001961,7.973819,126.950463,3915.595872
0.2,2_bigmhc_weighted,Mpox,mid,135.0,0.000247,0.130814,0.001933,7.914583,126.123734,3912.932941
0.2,2_bigmhc_weighted,Mpox,mid,136.0,0.000247,0.128566,0.001909,7.855775,125.295348,3909.542372
0.2,2_bigmhc_weighted,Mpox,mid,137.0,0.000247,0.126358,0.001887,7.797396,124.46583,3905.446424
0.2,2_bigmhc_weighted,Mpox,mid,138.0,0.000247,0.12419,0.001868,7.739443,123.635669,3900.667129
0.2,2_bigmhc_weighted,Mpox,mid,139.0,0.000247,0.12206,0.001851,7.681918,122.805321,3895.226272
0.2,2_bigmhc_weighted,Mpox,mid,140.0,0.000247,0.119969,0.001836,7.624818,121.975209,3889.145358
0.2,2_bigmhc_weighted,Mpox,mid,141.0,0.000247,0.117914,0.001823,7.568142,121.145729,3882.445601
0.2,2_bigmhc_weighted,Mpox,mid,142.0,0.000247,0.115896,0.001812,7.511889,120.317247,3875.147897
0.2,2_bigmhc_weighted,Mpox,mid,143.0,0.000247,0.113915,0.001801,7.456057,119.490105,3867.272814
0.2,2_bigmhc_weighted,Mpox,mid,144.0,0.000247,0.111968,0.001793,7.400644,118.664617,3858.840574
0.2,2_bigmhc_weighted,Mpox,mid,145.0,0.000247,0.110057,0.001785,7.345647,117.841077,3849.871041
0.2,2_bigmhc_weighted,Mpox,mid,146.0,0.000247,0.108179,0.001778,7.291066,117.019757,3840.383712
0.2,2_bigmhc_weighted,Mpox,mid,147.0,0.000247,0.106335,0.001772,7.236896,116.200906,3830.397708
0.2,2_bigmhc_weighted,Mpox,mid,148.0,0.000247,0.104524,0.001767,7.183137,115.384757,3819.931765
0.2,2_bigmhc_weighted,Mpox,mid,149.0,0.000247,0.102745,0.001762,7.129785,114.571524,3809.004231
0.2,2_bigmhc_weighted,Mpox,mid,150.0,0.000247,0.100998,0.001758,7.076838,113.761404,3797.633061
0.2,2_bigmhc_weighted,Mpox,mid,151.0,0.000247,0.099282,0.001754,7.024294,112.954579,3785.835812
0.2,2_bigmhc_weighted,Mpox,mid,152.0,0.000247,0.097596,0.001751,6.972149,112.151215,3773.629642
0.2,2_bigmhc_weighted,Mpox,mid,153.0,0.000247,0.095941,0.001749,6.920401,111.351466,3761.03131
0.2,2_bigmhc_weighted,Mpox,mid,154.0,0.000247,0.094315,0.001746,6.869048,110.555472,3748.057175
0.2,2_bigmhc_weighted,Mpox,mid,155.0,0.000247,0.092719,0.001744,6.818087,109.763361,3734.723196
0.2,2_bigmhc_weighted,Mpox,mid,156.0,0.000247,0.09115,0.001742,6.767515,108.97525,3721.044937
0.2,2_bigmhc_weighted,Mpox,mid,157.0,0.000247,0.08961,0.001741,6.717328,108.191246,3707.037562
0.2,2_bigmhc_weighted,Mpox,mid,158.0,0.000247,0.088097,0.001739,6.667526,107.411446,3692.715848
0.2,2_bigmhc_weighted,Mpox,mid,159.0,0.000247,0.086611,0.001738,6.618104,106.635938,3678.094178
0.2,2_bigmhc_weighted,Mpox,mid,160.0,0.000247,0.085152,0.001737,6.56906,105.8648,3663.186554
0.2,2_bigmhc_weighted,Mpox,mid,161.0,0.000247,0.083719,0.001736,6.520392,105.098103,3648.006594
0.2,2_bigmhc_weighted,Mpox,mid,162.0,0.000247,0.082311,0.001735,6.472096,104.335912,3632.567542
0.2,2_bigmhc_weighted,Mpox,mid,163.0,0.000247,0.080928,0.001734,6.424169,103.578283,3616.882272
0.2,2_bigmhc_weighted,Mpox,mid,164.0,0.000247,0.07957,0.001734,6.37661,102.825267,3600.963289
0.2,2_bigmhc_weighted,Mpox,mid,165.0,0.000247,0.078237,0.001733,6.329415,102.076908,3584.822743
0.2,2_bigmhc_weighted,Mpox,mid,166.0,0.000247,0.076927,0.001732,6.282581,101.333244,3568.472428
0.2,2_bigmhc_weighted,Mpox,mid,167.0,0.000247,0.07564,0.001732,6.236106,100.59431,3551.92379
0.2,2_bigmhc_weighted,Mpox,mid,168.0,0.000247,0.074377,0.001732,6.189988,99.860134,3535.187936
0.2,2_bigmhc_weighted,Mpox,mid,169.0,0.000247,0.073135,0.001731,6.144223,99.130739,3518.275636
0.2,2_bigmhc_weighted,Mpox,mid,170.0,0.000247,0.071917,0.001731,6.098809,98.406147,3501.197333
0.2,2_bigmhc_weighted,Mpox,mid,171.0,0.000247,0.070719,0.001731,6.053743,97.686373,3483.96315
0.2,2_bigmhc_weighted,Mpox,mid,172.0,0.000247,0.069544,0.001731,6.009022,96.971429,3466.582893
0.2,2_bigmhc_weighted,Mpox,mid,173.0,0.000247,0.068389,0.00173,5.964644,96.261324,3449.066061
0.2,2_bigmhc_weighted,Mpox,mid,174.0,0.000247,0.067254,0.00173,5.920607,95.556066,3431.421852
0.2,2_bigmhc_weighted,Mpox,mid,175.0,0.000247,0.06614,0.00173,5.876907,94.855655,3413.65917
0.2,2_bigmhc_weighted,Mpox,mid,176.0,0.000247,0.065046,0.00173,5.833542,94.160093,3395.786632
0.2,2_bigmhc_weighted,Mpox,mid,177.0,0.000247,0.063972,0.00173,5.79051,93.469378,3377.812572
0.2,2_bigmhc_weighted,Mpox,mid,178.0,0.000247,0.062916,0.00173,5.747808,92.783505,3359.745053
0.2,2_bigmhc_weighted,Mpox,mid,179.0,0.000247,0.06188,0.00173,5.705434,92.102467,3341.591869
0.2,2_bigmhc_weighted,Mpox,mid,180.0,0.000247,0.060861,0.00173,5.663384,91.426257,3323.360553
0.2,3_per_pathogen,HIV,mid,0.0,0.0,0.0,0.0,0.0,0.0,0.0
0.2,3_per_pathogen,HIV,mid,1.0,0.125952,0.085506,0.017057,0.006161,0.001565,0.000313
0.2,3_per_pathogen,HIV,mid,2.0,0.093667,0.124426,0.047832,0.037978,0.020492,0.008705
0.2,3_per_pathogen,HIV,mid,3.0,0.074493,0.153882,0.08175,0.102175,0.084485,0.055326
0.2,3_per_pathogen,HIV,mid,4.0,0.059287,0.176342,0.115021,0.199587,0.222521,0.197693
0.2,3_per_pathogen,HIV,mid,5.0,0.047185,0.193257,0.145332,0.328064,0.460864,0.518849
0.2,3_per_pathogen,HIV,mid,6.0,0.037554,0.205775,0.171381,0.483699,0.821004,1.122729
0.2,3_per_pathogen,HIV,mid,7.0,0.029888,0.214811,0.192573,0.661693,1.31872,2.12825
0.2,3_per_pathogen,HIV,mid,8.0,0.023788,0.221092,0.208789,0.856946,1.963917,3.663075
0.2,3_per_pathogen,HIV,mid,9.0,0.018932,0.225197,0.220223,1.064444,2.760922,5.857668
0.2,3_per_pathogen,HIV,mid,10.0,0.015068,0.227586,0.227258,1.279509,3.709081,8.839993
0.2,3_per_pathogen,HIV,mid,11.0,0.011992,0.228624,0.230385,1.49794,4.803486,12.731051
0.2,3_per_pathogen,HIV,mid,12.0,0.009544,0.228604,0.230138,1.716082,6.035765,17.641307
0.2,3_per_pathogen,HIV,mid,13.0,0.007596,0.227755,0.227057,1.930846,7.394852,23.66801
0.2,3_per_pathogen,HIV,mid,14.0,0.006046,0.226262,0.221658,2.139697,8.867707,30.893335
0.2,3_per_pathogen,HIV,mid,15.0,0.004812,0.224272,0.214423,2.340613,10.439973,39.383257
0.2,3_per_pathogen,HIV,mid,16.0,0.003829,0.221899,0.205782,2.532046,12.096533,49.187072
0.2,3_per_pathogen,HIV,mid,17.0,0.003048,0.219236,0.196116,2.712862,13.821995,60.337432
0.2,3_per_pathogen,HIV,mid,18.0,0.002426,0.216356,0.185755,2.88229,15.601083,72.850815
0.2,3_per_pathogen,HIV,mid,19.0,0.001931,0.213318,0.174977,3.039867,17.418957,86.72833
0.2,3_per_pathogen,HIV,mid,20.0,0.001536,0.210165,0.164016,3.185391,19.261449,101.956771
0.2,3_per_pathogen,HIV,mid,21.0,0.001235,0.206936,0.153063,3.318869,21.115257,118.509835
0.2,3_per_pathogen,HIV,mid,22.0,0.126934,0.289168,0.159329,3.446642,22.969623,136.349781
0.2,3_per_pathogen,HIV,mid,23.0,0.094449,0.324788,0.179595,3.588521,24.829095,155.435957
0.2,3_per_pathogen,HIV,mid,24.0,0.075115,0.350934,0.203378,3.751646,26.711233,175.741149
0.2,3_per_pathogen,HIV,mid,25.0,0.059782,0.37009,0.226954,3.937347,28.635995,197.257949
0.2,3_per_pathogen,HIV,mid,26.0,0.04758,0.383716,0.248057,4.144017,30.621732,219.998261
0.2,3_per_pathogen,HIV,mid,27.0,0.037868,0.39297,0.265416,4.368329,32.683094,243.989941
0.2,3_per_pathogen,HIV,mid,28.0,0.030138,0.398773,0.278449,4.60608,34.830052,269.272084
0.2,3_per_pathogen,HIV,mid,29.0,0.023986,0.401857,0.287043,4.852772,37.067665,295.889889
0.2,3_per_pathogen,HIV,mid,30.0,0.01909,0.402804,0.291387,5.103988,39.396325,323.889723
0.2,3_per_pathogen,HIV,mid,31.0,0.015194,0.402078,0.291853,5.355634,41.81227,353.314728
0.2,3_per_pathogen,HIV,mid,32.0,0.012092,0.400046,0.288914,5.604073,44.308254,384.201166
0.2,3_per_pathogen,HIV,mid,33.0,0.009624,0.397001,0.283084,5.846193,46.874256,416.575561
0.2,3_per_pathogen,HIV,mid,34.0,0.00766,0.393176,0.274879,6.079422,49.49818,450.452636
0.2,3_per_pathogen,HIV,mid,35.0,0.006096,0.388754,0.26479,6.301708,52.166515,485.833989
0.2,3_per_pathogen,HIV,mid,36.0,0.004852,0.383881,0.253272,6.511491,54.864914,522.707416
0.2,3_per_pathogen,HIV,mid,37.0,0.003861,0.378675,0.240729,6.707648,57.578703,561.046796
0.2,3_per_pathogen,HIV,mid,38.0,0.003073,0.373226,0.227516,6.889444,60.293299,600.812437
0.2,3_per_pathogen,HIV,mid,39.0,0.002446,0.367608,0.213936,7.056476,62.99455,641.951777
0.2,3_per_pathogen,HIV,mid,40.0,0.001947,0.361878,0.200242,7.208623,65.669008,684.400372
0.2,3_per_pathogen,HIV,mid,41.0,0.001549,0.356081,0.186644,7.345994,68.304122,728.083068
0.2,3_per_pathogen,HIV,mid,42.0,0.001233,0.350253,0.17331,7.468885,70.888382,772.915313
0.2,3_per_pathogen,HIV,mid,43.0,0.000981,0.344422,0.160371,7.577737,73.41141,818.804532
0.2,3_per_pathogen,HIV,mid,44.0,0.000781,0.33861,0.147928,7.673105,75.864006,865.651526
0.2,3_per_pathogen,HIV,mid,45.0,0.000622,0.332834,0.136052,7.755624,78.238165,913.35186
0.2,3_per_pathogen,HIV,mid,46.0,0.000495,0.327107,0.124793,7.825984,80.527059,961.797199
0.2,3_per_pathogen,HIV,mid,47.0,0.000394,0.321439,0.114183,7.88491,82.725003,1010.876576
0.2,3_per_pathogen,HIV,mid,48.0,0.000313,0.315838,0.104234,7.933144,84.827403,1060.477583
0.2,3_per_pathogen,HIV,mid,49.0,0.000249,0.31031,0.09495,7.97143,86.830691,1110.487451
0.2,3_per_pathogen,HIV,mid,50.0,0.000199,0.304859,0.086321,8.000501,88.732253,1160.794045
0.2,3_per_pathogen,HIV,mid,51.0,0.000158,0.299488,0.078332,8.021073,90.530349,1211.286734
0.2,3_per_pathogen,HIV,mid,52.0,0.000126,0.294198,0.070959,8.033839,92.224039,1261.857175
0.2,3_per_pathogen,HIV,mid,53.0,0.0001,0.288993,0.064177,8.03946,93.813098,1312.399973
0.2,3_per_pathogen,HIV,mid,54.0,8e-05,0.283871,0.057956,8.038564,95.297939,1362.813257
0.2,3_per_pathogen,HIV,mid,55.0,6.3e-05,0.278834,0.052263,8.031743,96.679537,1412.999156
0.2,3_per_pathogen,HIV,mid,56.0,5.1e-05,0.273882,0.047067,8.019554,97.959358,1462.864182
0.2,3_per_pathogen,HIV,mid,57.0,0.125998,0.354517,0.059391,8.008677,99.140852,1512.319852
0.2,3_per_pathogen,HIV,mid,58.0,0.093699,0.388653,0.085864,8.01909,100.242061,1561.290053
0.2,3_per_pathogen,HIV,mid,59.0,0.074519,0.413406,0.115879,8.057963,101.293229,1609.726142
0.2,3_per_pathogen,HIV,mid,60.0,0.059308,0.431245,0.145616,8.126545,102.326119,1657.612024
0.2,3_per_pathogen,HIV,mid,61.0,0.047202,0.44362,0.17273,8.223062,103.36998,1704.962363
0.2,3_per_pathogen,HIV,mid,62.0,0.037567,0.451677,0.195895,8.343956,104.44943,1751.817946
0.2,3_per_pathogen,HIV,mid,63.0,0.029899,0.456331,0.214486,8.484746,105.583495,1798.239731
0.2,3_per_pathogen,HIV,mid,64.0,0.023796,0.458307,0.22836,8.64062,106.785397,1844.302535
0.2,3_per_pathogen,HIV,mid,65.0,0.018939,0.458183,0.237689,8.806829,108.062829,1890.08898
0.2,3_per_pathogen,HIV,mid,66.0,0.015073,0.456418,0.242833,8.978933,109.418515,1935.684063
0.2,3_per_pathogen,HIV,mid,67.0,0.011996,0.453376,0.244264,9.152947,110.850923,1981.170534
0.2,3_per_pathogen,HIV,mid,68.0,0.009548,0.449347,0.242496,9.325413,112.355027,2026.625158
0.2,3_per_pathogen,HIV,mid,69.0,0.007599,0.444562,0.238054,9.493418,113.923062,2072.115851
0.2,3_per_pathogen,HIV,mid,70.0,0.006048,0.439202,0.231439,9.654584,115.545235,2117.699624
0.2,3_per_pathogen,HIV,mid,71.0,0.004814,0.433414,0.223115,9.807036,117.210357,2163.421266
0.2,3_per_pathogen,HIV,mid,72.0,0.003831,0.427311,0.213503,9.949351,118.906404,2209.31265
0.2,3_per_pathogen,HIV,mid,73.0,0.003049,0.420984,0.202971,10.080512,120.620982,2255.392568
0.2,3_per_pathogen,HIV,mid,74.0,0.002427,0.414506,0.191837,10.19985,122.341722,2301.666995
0.2,3_per_pathogen,HIV,mid,75.0,0.001931,0.407932,0.180371,10.306995,124.056587,2348.129687
0.2,3_per_pathogen,HIV,mid,76.0,0.001537,0.401309,0.168797,10.401826,125.754112,2394.763026
0.2,3_per_pathogen,HIV,mid,77.0,0.001223,0.39467,0.157299,10.484424,127.423587,2441.539051
0.2,3_per_pathogen,HIV,mid,78.0,0.000974,0.388043,0.146023,10.555035,129.05518,2488.420597
0.2,3_per_pathogen,HIV,mid,79.0,0.000775,0.38145,0.135082,10.61403,130.640018,2535.362507
0.2,3_per_pathogen,HIV,mid,80.0,0.000617,0.374908,0.124562,10.661877,132.170233,2582.312855
0.2,3_per_pathogen,HIV,mid,81.0,0.000491,0.368429,0.114525,10.699114,133.638971,2629.214163
0.2,3_per_pathogen,HIV,mid,82.0,0.000391,0.362022,0.105014,10.726327,135.04038,2676.004573
0.2,3_per_pathogen,HIV,mid,83.0,0.000311,0.355696,0.096055,10.74413,136.369585,2722.618969
0.2,3_per_pathogen,HIV,mid,84.0,0.000247,0.349456,0.087658,10.753152,137.622635,2768.99001
0.2,3_per_pathogen,HIV,mid,85.0,0.000247,0.343316,0.079826,10.754021,138.796454,2815.049097
0.2,3_per_pathogen,HIV,mid,86.0,0.000247,0.337285,0.072557,10.747363,139.888777,2860.727236
0.2,3_per_pathogen,HIV,mid,87.0,0.000247,0.331362,0.065839,10.733792,140.898092,2905.955824
0.2,3_per_pathogen,HIV,mid,88.0,0.000247,0.325544,0.059654,10.7139,141.823569,2950.66734
0.2,3_per_pathogen,HIV,mid,89.0,0.000247,0.31983,0.05398,10.688256,142.664996,2994.795949
0.2,3_per_pathogen,HIV,mid,90.0,0.000247,0.314218,0.048791,10.657401,143.422711,3038.278026
0.2,3_per_pathogen,HIV,mid,91.0,0.000247,0.308706,0.044057,10.621843,144.097537,3081.052585
0.2,3_per_pathogen,HIV,mid,92.0,0.000247,0.303293,0.039749,10.582056,144.690715,3123.061645
0.2,3_per_pathogen,HIV,mid,93.0,0.000247,0.297976,0.035838,10.538484,145.203846,3164.250509
0.2,3_per_pathogen,HIV,mid,94.0,0.000247,0.292754,0.032295,10.491536,145.638836,3204.567988
0.2,3_per_pathogen,HIV,mid,95.0,0.000247,0.287625,0.02909,10.44159,145.997845,3243.966557
0.2,3_per_pathogen,HIV,mid,96.0,0.000247,0.282588,0.026197,10.388993,146.283235,3282.402465
0.2,3_per_pathogen,HIV,mid,97.0,0.000247,0.27764,0.02359,10.334061,146.497533,3319.835789
0.2,3_per_pathogen,HIV,mid,98.0,0.000247,0.272781,0.021243,10.277086,146.643388,3356.230448
0.2,3_per_pathogen,HIV,mid,99.0,0.000247,0.268008,0.019133,10.218329,146.723539,3391.554191
0.2,3_per_pathogen,HIV,mid,100.0,0.000247,0.263321,0.01724,10.158032,146.740785,3425.778538
0.2,3_per_pathogen,HIV,mid,101.0,0.000247,0.258717,0.015542,10.09641,146.697958,3458.878704
0.2,3_per_pathogen,HIV,mid,102.0,0.000247,0.254195,0.014021,10.03366,146.597897,3490.8335
0.2,3_per_pathogen,HIV,mid,103.0,0.000247,0.249754,0.01266,9.969957,146.443433,3521.625218
0.2,3_per_pathogen,HIV,mid,104.0,0.000247,0.245392,0.011444,9.90546,146.237367,3551.239494
0.2,3_per_pathogen,HIV,mid,105.0,0.000247,0.241108,0.010358,9.840313,145.982461,3579.665167
0.2,3_per_pathogen,HIV,mid,106.0,0.000247,0.2369,0.009389,9.774643,145.681419,3606.894128
0.2,3_per_pathogen,HIV,mid,107.0,0.000247,0.232768,0.008525,9.708565,145.336884,3632.921162
0.2,3_per_pathogen,HIV,mid,108.0,0.000247,0.228709,0.007755,9.642182,144.951424,3657.743787
0.2,3_per_pathogen,HIV,mid,109.0,0.000247,0.224723,0.00707,9.575583,144.52753,3681.362089
0.2,3_per_pathogen,HIV,mid,110.0,0.000247,0.220807,0.00646,9.508852,144.067608,3703.778562
0.2,3_per_pathogen,HIV,mid,111.0,0.000247,0.216962,0.005918,9.442059,143.57398,3724.997941
0.2,3_per_pathogen,HIV,mid,112.0,0.000247,0.213185,0.005437,9.37527,143.048875,3745.027049
0.2,3_per_pathogen,HIV,mid,113.0,0.000247,0.209476,0.005009,9.308541,142.494434,3763.874634
0.2,3_per_pathogen,HIV,mid,114.0,0.000247,0.205832,0.00463,9.241923,141.912702,3781.55122
0.2,3_per_pathogen,HIV,mid,115.0,0.000247,0.202254,0.004293,9.175459,141.305638,3798.068959
0.2,3_per_pathogen,HIV,mid,116.0,0.000247,0.198739,0.003995,9.10919,140.675107,3813.441486
0.2,3_per_pathogen,HIV,mid,117.0,0.000247,0.195288,0.003731,9.043149,140.022884,3827.683786
0.2,3_per_pathogen,HIV,mid,118.0,0.000247,0.191897,0.003497,8.977367,139.350659,3840.812061
0.2,3_per_pathogen,HIV,mid,119.0,0.000247,0.188568,0.003289,8.911869,138.660034,3852.843605
0.2,3_per_pathogen,HIV,mid,120.0,0.000247,0.185297,0.003106,8.84668,137.952528,3863.796686
0.2,3_per_pathogen,HIV,mid,121.0,0.000247,0.182085,0.002944,8.78182,137.22958,3873.69043
0.2,3_per_pathogen,HIV,mid,122.0,0.000247,0.178931,0.0028,8.717305,136.492549,3882.544722
0.2,3_per_pathogen,HIV,mid,123.0,0.000247,0.175832,0.002673,8.65315,135.74272,3890.380099
0.2,3_per_pathogen,HIV,mid,124.0,0.000247,0.172789,0.002561,8.589369,134.981304,3897.21766
0.2,3_per_pathogen,HIV,mid,125.0,0.000247,0.1698,0.002463,8.525972,134.209444,3903.078975
0.2,3_per_pathogen,HIV,mid,126.0,0.000247,0.166865,0.002375,8.462969,133.428216,3907.986004
0.2,3_per_pathogen,HIV,mid,127.0,0.000247,0.163981,0.002298,8.400367,132.638631,3911.961021
0.2,3_per_pathogen,HIV,mid,128.0,0.000247,0.16115,0.00223,8.338174,131.841639,3915.026542
0.2,3_per_pathogen,HIV,mid,129.0,0.000247,0.158368,0.00217,8.276394,131.038135,3917.205256
0.2,3_per_pathogen,HIV,mid,130.0,0.000247,0.155637,0.002117,8.215032,130.228955,3918.51997
0.2,3_per_pathogen,HIV,mid,131.0,0.000247,0.152954,0.002071,8.154091,129.414885,3918.993546
0.2,3_per_pathogen,HIV,mid,132.0,0.000247,0.150319,0.00203,8.093574,128.596662,3918.648852
0.2,3_per_pathogen,HIV,mid,133.0,0.000247,0.147731,0.001993,8.033483,127.774973,3917.508714
0.2,3_per_pathogen,HIV,mid,134.0,0.000247,0.145189,0.001961,7.973819,126.950463,3915.595872
0.2,3_per_pathogen,HIV,mid,135.0,0.000247,0.142693,0.001933,7.914583,126.123734,3912.932941
0.2,3_per_pathogen,HIV,mid,136.0,0.000247,0.140241,0.001909,7.855775,125.295348,3909.542372
0.2,3_per_pathogen,HIV,mid,137.0,0.000247,0.137832,0.001887,7.797396,124.46583,3905.446424
0.2,3_per_pathogen,HIV,mid,138.0,0.000247,0.135467,0.001868,7.739443,123.635669,3900.667129
0.2,3_per_pathogen,HIV,mid,139.0,0.000247,0.133144,0.001851,7.681918,122.805321,3895.226272
0.2,3_per_pathogen,HIV,mid,140.0,0.000247,0.130862,0.001836,7.624818,121.975209,3889.145358
0.2,3_per_pathogen,HIV,mid,141.0,0.000247,0.128621,0.001823,7.568142,121.145729,3882.445601
0.2,3_per_pathogen,HIV,mid,142.0,0.000247,0.12642,0.001812,7.511889,120.317247,3875.147897
0.2,3_per_pathogen,HIV,mid,143.0,0.000247,0.124259,0.001801,7.456057,119.490105,3867.272814
0.2,3_per_pathogen,HIV,mid,144.0,0.000247,0.122136,0.001793,7.400644,118.664617,3858.840574
0.2,3_per_pathogen,HIV,mid,145.0,0.000247,0.12005,0.001785,7.345647,117.841077,3849.871041
0.2,3_per_pathogen,HIV,mid,146.0,0.000247,0.118002,0.001778,7.291066,117.019757,3840.383712
0.2,3_per_pathogen,HIV,mid,147.0,0.000247,0.115991,0.001772,7.236896,116.200906,3830.397708
0.2,3_per_pathogen,HIV,mid,148.0,0.000247,0.114015,0.001767,7.183137,115.384757,3819.931765
0.2,3_per_pathogen,HIV,mid,149.0,0.000247,0.112075,0.001762,7.129785,114.571524,3809.004231
0.2,3_per_pathogen,HIV,mid,150.0,0.000247,0.110169,0.001758,7.076838,113.761404,3797.633061
0.2,3_per_pathogen,HIV,mid,151.0,0.000247,0.108297,0.001754,7.024294,112.954579,3785.835812
0.2,3_per_pathogen,HIV,mid,152.0,0.000247,0.106459,0.001751,6.972149,112.151215,3773.629642
0.2,3_per_pathogen,HIV,mid,153.0,0.000247,0.104653,0.001749,6.920401,111.351466,3761.03131
0.2,3_per_pathogen,HIV,mid,154.0,0.000247,0.10288,0.001746,6.869048,110.555472,3748.057175
0.2,3_per_pathogen,HIV,mid,155.0,0.000247,0.101138,0.001744,6.818087,109.763361,3734.723196
0.2,3_per_pathogen,HIV,mid,156.0,0.000247,0.099427,0.001742,6.767515,108.97525,3721.044937
0.2,3_per_pathogen,HIV,mid,157.0,0.000247,0.097747,0.001741,6.717328,108.191246,3707.037562
0.2,3_per_pathogen,HIV,mid,158.0,0.000247,0.096097,0.001739,6.667526,107.411446,3692.715848
0.2,3_per_pathogen,HIV,mid,159.0,0.000247,0.094476,0.001738,6.618104,106.635938,3678.094178
0.2,3_per_pathogen,HIV,mid,160.0,0.000247,0.092884,0.001737,6.56906,105.8648,3663.186554
0.2,3_per_pathogen,HIV,mid,161.0,0.000247,0.091321,0.001736,6.520392,105.098103,3648.006594
0.2,3_per_pathogen,HIV,mid,162.0,0.000247,0.089785,0.001735,6.472096,104.335912,3632.567542
0.2,3_per_pathogen,HIV,mid,163.0,0.000247,0.088277,0.001734,6.424169,103.578283,3616.882272
0.2,3_per_pathogen,HIV,mid,164.0,0.000247,0.086796,0.001734,6.37661,102.825267,3600.963289
0.2,3_per_pathogen,HIV,mid,165.0,0.000247,0.085341,0.001733,6.329415,102.076908,3584.822743
0.2,3_per_pathogen,HIV,mid,166.0,0.000247,0.083912,0.001732,6.282581,101.333244,3568.472428
0.2,3_per_pathogen,HIV,mid,167.0,0.000247,0.082509,0.001732,6.236106,100.59431,3551.92379
0.2,3_per_pathogen,HIV,mid,168.0,0.000247,0.08113,0.001732,6.189988,99.860134,3535.187936
0.2,3_per_pathogen,HIV,mid,169.0,0.000247,0.079777,0.001731,6.144223,99.130739,3518.275636
0.2,3_per_pathogen,HIV,mid,170.0,0.000247,0.078447,0.001731,6.098809,98.406147,3501.197333
0.2,3_per_pathogen,HIV,mid,171.0,0.000247,0.077141,0.001731,6.053743,97.686373,3483.96315
0.2,3_per_pathogen,HIV,mid,172.0,0.000247,0.075858,0.001731,6.009022,96.971429,3466.582893
0.2,3_per_pathogen,HIV,mid,173.0,0.000247,0.074599,0.00173,5.964644,96.261324,3449.066061
0.2,3_per_pathogen,HIV,mid,174.0,0.000247,0.073361,0.00173,5.920607,95.556066,3431.421852
0.2,3_per_pathogen,HIV,mid,175.0,0.000247,0.072146,0.00173,5.876907,94.855655,3413.65917
0.2,3_per_pathogen,HIV,mid,176.0,0.000247,0.070953,0.00173,5.833542,94.160093,3395.786632
0.2,3_per_pathogen,HIV,mid,177.0,0.000247,0.069781,0.00173,5.79051,93.469378,3377.812572
0.2,3_per_pathogen,HIV,mid,178.0,0.000247,0.068629,0.00173,5.747808,92.783505,3359.745053
0.2,3_per_pathogen,HIV,mid,179.0,0.000247,0.067499,0.00173,5.705434,92.102467,3341.591869
0.2,3_per_pathogen,HIV,mid,180.0,0.000247,0.066388,0.00173,5.663384,91.426257,3323.360553
0.2,3_per_pathogen,Mpox,mid,0.0,0.0,0.0,0.0,0.0,0.0,0.0
0.2,3_per_pathogen,Mpox,mid,1.0,0.125952,0.07118,0.017057,0.006161,0.001565,0.000313
0.2,3_per_pathogen,Mpox,mid,2.0,0.093667,0.10358,0.047832,0.037978,0.020492,0.008705
0.2,3_per_pathogen,Mpox,mid,3.0,0.074493,0.128101,0.08175,0.102175,0.084485,0.055326
0.2,3_per_pathogen,Mpox,mid,4.0,0.059287,0.146798,0.115021,0.199587,0.222521,0.197693
0.2,3_per_pathogen,Mpox,mid,5.0,0.047185,0.160879,0.145332,0.328064,0.460864,0.518849
0.2,3_per_pathogen,Mpox,mid,6.0,0.037554,0.1713,0.171381,0.483699,0.821004,1.122729
0.2,3_per_pathogen,Mpox,mid,7.0,0.029888,0.178822,0.192573,0.661693,1.31872,2.12825
0.2,3_per_pathogen,Mpox,mid,8.0,0.023788,0.184051,0.208789,0.856946,1.963917,3.663075
0.2,3_per_pathogen,Mpox,mid,9.0,0.018932,0.187468,0.220223,1.064444,2.760922,5.857668
0.2,3_per_pathogen,Mpox,mid,10.0,0.015068,0.189456,0.227258,1.279509,3.709081,8.839993
0.2,3_per_pathogen,Mpox,mid,11.0,0.011992,0.190321,0.230385,1.49794,4.803486,12.731051
0.2,3_per_pathogen,Mpox,mid,12.0,0.009544,0.190303,0.230138,1.716082,6.035765,17.641307
0.2,3_per_pathogen,Mpox,mid,13.0,0.007596,0.189597,0.227057,1.930846,7.394852,23.66801
0.2,3_per_pathogen,Mpox,mid,14.0,0.006046,0.188354,0.221658,2.139697,8.867707,30.893335
0.2,3_per_pathogen,Mpox,mid,15.0,0.004812,0.186697,0.214423,2.340613,10.439973,39.383257
0.2,3_per_pathogen,Mpox,mid,16.0,0.003829,0.184722,0.205782,2.532046,12.096533,49.187072
0.2,3_per_pathogen,Mpox,mid,17.0,0.003048,0.182505,0.196116,2.712862,13.821995,60.337432
0.2,3_per_pathogen,Mpox,mid,18.0,0.002426,0.180108,0.185755,2.88229,15.601083,72.850815
0.2,3_per_pathogen,Mpox,mid,19.0,0.001931,0.177579,0.174977,3.039867,17.418957,86.72833
0.2,3_per_pathogen,Mpox,mid,20.0,0.001536,0.174954,0.164016,3.185391,19.261449,101.956771
0.2,3_per_pathogen,Mpox,mid,21.0,0.001235,0.172266,0.153063,3.318869,21.115257,118.509835
0.2,3_per_pathogen,Mpox,mid,22.0,0.126934,0.240721,0.159329,3.446642,22.969623,136.349781
0.2,3_per_pathogen,Mpox,mid,23.0,0.094449,0.270373,0.179595,3.588521,24.829095,155.435957
0.2,3_per_pathogen,Mpox,mid,24.0,0.075115,0.292139,0.203378,3.751646,26.711233,175.741149
0.2,3_per_pathogen,Mpox,mid,25.0,0.059782,0.308085,0.226954,3.937347,28.635995,197.257949
0.2,3_per_pathogen,Mpox,mid,26.0,0.04758,0.319428,0.248057,4.144017,30.621732,219.998261
0.2,3_per_pathogen,Mpox,mid,27.0,0.037868,0.327132,0.265416,4.368329,32.683094,243.989941
0.2,3_per_pathogen,Mpox,mid,28.0,0.030138,0.331963,0.278449,4.60608,34.830052,269.272084
0.2,3_per_pathogen,Mpox,mid,29.0,0.023986,0.33453,0.287043,4.852772,37.067665,295.889889
0.2,3_per_pathogen,Mpox,mid,30.0,0.01909,0.335319,0.291387,5.103988,39.396325,323.889723
0.2,3_per_pathogen,Mpox,mid,31.0,0.015194,0.334714,0.291853,5.355634,41.81227,353.314728
0.2,3_per_pathogen,Mpox,mid,32.0,0.012092,0.333023,0.288914,5.604073,44.308254,384.201166
0.2,3_per_pathogen,Mpox,mid,33.0,0.009624,0.330488,0.283084,5.846193,46.874256,416.575561
0.2,3_per_pathogen,Mpox,mid,34.0,0.00766,0.327303,0.274879,6.079422,49.49818,450.452636
0.2,3_per_pathogen,Mpox,mid,35.0,0.006096,0.323622,0.26479,6.301708,52.166515,485.833989
0.2,3_per_pathogen,Mpox,mid,36.0,0.004852,0.319566,0.253272,6.511491,54.864914,522.707416
0.2,3_per_pathogen,Mpox,mid,37.0,0.003861,0.315232,0.240729,6.707648,57.578703,561.046796
0.2,3_per_pathogen,Mpox,mid,38.0,0.003073,0.310696,0.227516,6.889444,60.293299,600.812437
0.2,3_per_pathogen,Mpox,mid,39.0,0.002446,0.306019,0.213936,7.056476,62.99455,641.951777
0.2,3_per_pathogen,Mpox,mid,40.0,0.001947,0.301249,0.200242,7.208623,65.669008,684.400372
0.2,3_per_pathogen,Mpox,mid,41.0,0.001549,0.296424,0.186644,7.345994,68.304122,728.083068
0.2,3_per_pathogen,Mpox,mid,42.0,0.001233,0.291572,0.17331,7.468885,70.888382,772.915313
0.2,3_per_pathogen,Mpox,mid,43.0,0.000981,0.286718,0.160371,7.577737,73.41141,818.804532
0.2,3_per_pathogen,Mpox,mid,44.0,0.000781,0.28188,0.147928,7.673105,75.864006,865.651526
0.2,3_per_pathogen,Mpox,mid,45.0,0.000622,0.277071,0.136052,7.755624,78.238165,913.35186
0.2,3_per_pathogen,Mpox,mid,46.0,0.000495,0.272304,0.124793,7.825984,80.527059,961.797199
0.2,3_per_pathogen,Mpox,mid,47.0,0.000394,0.267585,0.114183,7.88491,82.725003,1010.876576
0.2,3_per_pathogen,Mpox,mid,48.0,0.000313,0.262923,0.104234,7.933144,84.827403,1060.477583
0.2,3_per_pathogen,Mpox,mid,49.0,0.000249,0.258321,0.09495,7.97143,86.830691,1110.487451
0.2,3_per_pathogen,Mpox,mid,50.0,0.000199,0.253783,0.086321,8.000501,88.732253,1160.794045
0.2,3_per_pathogen,Mpox,mid,51.0,0.000158,0.249312,0.078332,8.021073,90.530349,1211.286734
0.2,3_per_pathogen,Mpox,mid,52.0,0.000126,0.244909,0.070959,8.033839,92.224039,1261.857175
0.2,3_per_pathogen,Mpox,mid,53.0,0.0001,0.240575,0.064177,8.03946,93.813098,1312.399973
0.2,3_per_pathogen,Mpox,mid,54.0,8e-05,0.236312,0.057956,8.038564,95.297939,1362.813257
0.2,3_per_pathogen,Mpox,mid,55.0,6.3e-05,0.232119,0.052263,8.031743,96.679537,1412.999156
0.2,3_per_pathogen,Mpox,mid,56.0,5.1e-05,0.227996,0.047067,8.019554,97.959358,1462.864182
0.2,3_per_pathogen,Mpox,mid,57.0,0.125998,0.295122,0.059391,8.008677,99.140852,1512.319852
0.2,3_per_pathogen,Mpox,mid,58.0,0.093699,0.323538,0.085864,8.01909,100.242061,1561.290053
0.2,3_per_pathogen,Mpox,mid,59.0,0.074519,0.344144,0.115879,8.057963,101.293229,1609.726142
0.2,3_per_pathogen,Mpox,mid,60.0,0.059308,0.358995,0.145616,8.126545,102.326119,1657.612024
0.2,3_per_pathogen,Mpox,mid,61.0,0.047202,0.369296,0.17273,8.223062,103.36998,1704.962363
0.2,3_per_pathogen,Mpox,mid,62.0,0.037567,0.376004,0.195895,8.343956,104.44943,1751.817946
0.2,3_per_pathogen,Mpox,mid,63.0,0.029899,0.379878,0.214486,8.484746,105.583495,1798.239731
0.2,3_per_pathogen,Mpox,mid,64.0,0.023796,0.381523,0.22836,8.64062,106.785397,1844.302535
0.2,3_per_pathogen,Mpox,mid,65.0,0.018939,0.381419,0.237689,8.806829,108.062829,1890.08898
0.2,3_per_pathogen,Mpox,mid,66.0,0.015073,0.37995,0.242833,8.978933,109.418515,1935.684063
0.2,3_per_pathogen,Mpox,mid,67.0,0.011996,0.377417,0.244264,9.152947,110.850923,1981.170534
0.2,3_per_pathogen,Mpox,mid,68.0,0.009548,0.374064,0.242496,9.325413,112.355027,2026.625158
0.2,3_per_pathogen,Mpox,mid,69.0,0.007599,0.37008,0.238054,9.493418,113.923062,2072.115851
0.2,3_per_pathogen,Mpox,mid,70.0,0.006048,0.365619,0.231439,9.654584,115.545235,2117.699624
0.2,3_per_pathogen,Mpox,mid,71.0,0.004814,0.3608,0.223115,9.807036,117.210357,2163.421266
0.2,3_per_pathogen,Mpox,mid,72.0,0.003831,0.355719,0.213503,9.949351,118.906404,2209.31265
0.2,3_per_pathogen,Mpox,mid,73.0,0.003049,0.350453,0.202971,10.080512,120.620982,2255.392568
0.2,3_per_pathogen,Mpox,mid,74.0,0.002427,0.34506,0.191837,10.19985,122.341722,2301.666995
0.2,3_per_pathogen,Mpox,mid,75.0,0.001931,0.339588,0.180371,10.306995,124.056587,2348.129687
0.2,3_per_pathogen,Mpox,mid,76.0,0.001537,0.334074,0.168797,10.401826,125.754112,2394.763026
0.2,3_per_pathogen,Mpox,mid,77.0,0.001223,0.328547,0.157299,10.484424,127.423587,2441.539051
0.2,3_per_pathogen,Mpox,mid,78.0,0.000974,0.323031,0.146023,10.555035,129.05518,2488.420597
0.2,3_per_pathogen,Mpox,mid,79.0,0.000775,0.317543,0.135082,10.61403,130.640018,2535.362507
0.2,3_per_pathogen,Mpox,mid,80.0,0.000617,0.312096,0.124562,10.661877,132.170233,2582.312855
0.2,3_per_pathogen,Mpox,mid,81.0,0.000491,0.306702,0.114525,10.699114,133.638971,2629.214163
0.2,3_per_pathogen,Mpox,mid,82.0,0.000391,0.301369,0.105014,10.726327,135.04038,2676.004573
0.2,3_per_pathogen,Mpox,mid,83.0,0.000311,0.296103,0.096055,10.74413,136.369585,2722.618969
0.2,3_per_pathogen,Mpox,mid,84.0,0.000247,0.290909,0.087658,10.753152,137.622635,2768.99001
0.2,3_per_pathogen,Mpox,mid,85.0,0.000247,0.285797,0.079826,10.754021,138.796454,2815.049097
0.2,3_per_pathogen,Mpox,mid,86.0,0.000247,0.280777,0.072557,10.747363,139.888777,2860.727236
0.2,3_per_pathogen,Mpox,mid,87.0,0.000247,0.275846,0.065839,10.733792,140.898092,2905.955824
0.2,3_per_pathogen,Mpox,mid,88.0,0.000247,0.271003,0.059654,10.7139,141.823569,2950.66734
0.2,3_per_pathogen,Mpox,mid,89.0,0.000247,0.266246,0.05398,10.688256,142.664996,2994.795949
0.2,3_per_pathogen,Mpox,mid,90.0,0.000247,0.261574,0.048791,10.657401,143.422711,3038.278026
0.2,3_per_pathogen,Mpox,mid,91.0,0.000247,0.256986,0.044057,10.621843,144.097537,3081.052585
0.2,3_per_pathogen,Mpox,mid,92.0,0.000247,0.252479,0.039749,10.582056,144.690715,3123.061645
0.2,3_per_pathogen,Mpox,mid,93.0,0.000247,0.248053,0.035838,10.538484,145.203846,3164.250509
0.2,3_per_pathogen,Mpox,mid,94.0,0.000247,0.243706,0.032295,10.491536,145.638836,3204.567988
0.2,3_per_pathogen,Mpox,mid,95.0,0.000247,0.239437,0.02909,10.44159,145.997845,3243.966557
0.2,3_per_pathogen,Mpox,mid,96.0,0.000247,0.235243,0.026197,10.388993,146.283235,3282.402465
0.2,3_per_pathogen,Mpox,mid,97.0,0.000247,0.231124,0.02359,10.334061,146.497533,3319.835789
0.2,3_per_pathogen,Mpox,mid,98.0,0.000247,0.227079,0.021243,10.277086,146.643388,3356.230448
0.2,3_per_pathogen,Mpox,mid,99.0,0.000247,0.223106,0.019133,10.218329,146.723539,3391.554191
0.2,3_per_pathogen,Mpox,mid,100.0,0.000247,0.219204,0.01724,10.158032,146.740785,3425.778538
0.2,3_per_pathogen,Mpox,mid,101.0,0.000247,0.215372,0.015542,10.09641,146.697958,3458.878704
0.2,3_per_pathogen,Mpox,mid,102.0,0.000247,0.211607,0.014021,10.03366,146.597897,3490.8335
0.2,3_per_pathogen,Mpox,mid,103.0,0.000247,0.20791,0.01266,9.969957,146.443433,3521.625218
0.2,3_per_pathogen,Mpox,mid,104.0,0.000247,0.204279,0.011444,9.90546,146.237367,3551.239494
0.2,3_per_pathogen,Mpox,mid,105.0,0.000247,0.200713,0.010358,9.840313,145.982461,3579.665167
0.2,3_per_pathogen,Mpox,mid,106.0,0.000247,0.19721,0.009389,9.774643,145.681419,3606.894128
0.2,3_per_pathogen,Mpox,mid,107.0,0.000247,0.19377,0.008525,9.708565,145.336884,3632.921162
0.2,3_per_pathogen,Mpox,mid,108.0,0.000247,0.190391,0.007755,9.642182,144.951424,3657.743787
0.2,3_per_pathogen,Mpox,mid,109.0,0.000247,0.187073,0.00707,9.575583,144.52753,3681.362089
0.2,3_per_pathogen,Mpox,mid,110.0,0.000247,0.183813,0.00646,9.508852,144.067608,3703.778562
0.2,3_per_pathogen,Mpox,mid,111.0,0.000247,0.180612,0.005918,9.442059,143.57398,3724.997941
0.2,3_per_pathogen,Mpox,mid,112.0,0.000247,0.177468,0.005437,9.37527,143.048875,3745.027049
0.2,3_per_pathogen,Mpox,mid,113.0,0.000247,0.17438,0.005009,9.308541,142.494434,3763.874634
0.2,3_per_pathogen,Mpox,mid,114.0,0.000247,0.171347,0.00463,9.241923,141.912702,3781.55122
0.2,3_per_pathogen,Mpox,mid,115.0,0.000247,0.168368,0.004293,9.175459,141.305638,3798.068959
0.2,3_per_pathogen,Mpox,mid,116.0,0.000247,0.165443,0.003995,9.10919,140.675107,3813.441486
0.2,3_per_pathogen,Mpox,mid,117.0,0.000247,0.162569,0.003731,9.043149,140.022884,3827.683786
0.2,3_per_pathogen,Mpox,mid,118.0,0.000247,0.159747,0.003497,8.977367,139.350659,3840.812061
0.2,3_per_pathogen,Mpox,mid,119.0,0.000247,0.156975,0.003289,8.911869,138.660034,3852.843605
0.2,3_per_pathogen,Mpox,mid,120.0,0.000247,0.154253,0.003106,8.84668,137.952528,3863.796686
0.2,3_per_pathogen,Mpox,mid,121.0,0.000247,0.151579,0.002944,8.78182,137.22958,3873.69043
0.2,3_per_pathogen,Mpox,mid,122.0,0.000247,0.148953,0.0028,8.717305,136.492549,3882.544722
0.2,3_per_pathogen,Mpox,mid,123.0,0.000247,0.146373,0.002673,8.65315,135.74272,3890.380099
0.2,3_per_pathogen,Mpox,mid,124.0,0.000247,0.14384,0.002561,8.589369,134.981304,3897.21766
0.2,3_per_pathogen,Mpox,mid,125.0,0.000247,0.141352,0.002463,8.525972,134.209444,3903.078975
0.2,3_per_pathogen,Mpox,mid,126.0,0.000247,0.138908,0.002375,8.462969,133.428216,3907.986004
0.2,3_per_pathogen,Mpox,mid,127.0,0.000247,0.136508,0.002298,8.400367,132.638631,3911.961021
0.2,3_per_pathogen,Mpox,mid,128.0,0.000247,0.134151,0.00223,8.338174,131.841639,3915.026542
0.2,3_per_pathogen,Mpox,mid,129.0,0.000247,0.131836,0.00217,8.276394,131.038135,3917.205256
0.2,3_per_pathogen,Mpox,mid,130.0,0.000247,0.129562,0.002117,8.215032,130.228955,3918.51997
0.2,3_per_pathogen,Mpox,mid,131.0,0.000247,0.127328,0.002071,8.154091,129.414885,3918.993546
0.2,3_per_pathogen,Mpox,mid,132.0,0.000247,0.125135,0.00203,8.093574,128.596662,3918.648852
0.2,3_per_pathogen,Mpox,mid,133.0,0.000247,0.12298,0.001993,8.033483,127.774973,3917.508714
0.2,3_per_pathogen,Mpox,mid,134.0,0.000247,0.120864,0.001961,7.973819,126.950463,3915.595872
0.2,3_per_pathogen,Mpox,mid,135.0,0.000247,0.118786,0.001933,7.914583,126.123734,3912.932941
0.2,3_per_pathogen,Mpox,mid,136.0,0.000247,0.116745,0.001909,7.855775,125.295348,3909.542372
0.2,3_per_pathogen,Mpox,mid,137.0,0.000247,0.11474,0.001887,7.797396,124.46583,3905.446424
0.2,3_per_pathogen,Mpox,mid,138.0,0.000247,0.112771,0.001868,7.739443,123.635669,3900.667129
0.2,3_per_pathogen,Mpox,mid,139.0,0.000247,0.110837,0.001851,7.681918,122.805321,3895.226272
0.2,3_per_pathogen,Mpox,mid,140.0,0.000247,0.108938,0.001836,7.624818,121.975209,3889.145358
0.2,3_per_pathogen,Mpox,mid,141.0,0.000247,0.107072,0.001823,7.568142,121.145729,3882.445601
0.2,3_per_pathogen,Mpox,mid,142.0,0.000247,0.10524,0.001812,7.511889,120.317247,3875.147897
0.2,3_per_pathogen,Mpox,mid,143.0,0.000247,0.10344,0.001801,7.456057,119.490105,3867.272814
0.2,3_per_pathogen,Mpox,mid,144.0,0.000247,0.101673,0.001793,7.400644,118.664617,3858.840574
0.2,3_per_pathogen,Mpox,mid,145.0,0.000247,0.099937,0.001785,7.345647,117.841077,3849.871041
0.2,3_per_pathogen,Mpox,mid,146.0,0.000247,0.098232,0.001778,7.291066,117.019757,3840.383712
0.2,3_per_pathogen,Mpox,mid,147.0,0.000247,0.096558,0.001772,7.236896,116.200906,3830.397708
0.2,3_per_pathogen,Mpox,mid,148.0,0.000247,0.094913,0.001767,7.183137,115.384757,3819.931765
0.2,3_per_pathogen,Mpox,mid,149.0,0.000247,0.093298,0.001762,7.129785,114.571524,3809.004231
0.2,3_per_pathogen,Mpox,mid,150.0,0.000247,0.091711,0.001758,7.076838,113.761404,3797.633061
0.2,3_per_pathogen,Mpox,mid,151.0,0.000247,0.090153,0.001754,7.024294,112.954579,3785.835812
0.2,3_per_pathogen,Mpox,mid,152.0,0.000247,0.088623,0.001751,6.972149,112.151215,3773.629642
0.2,3_per_pathogen,Mpox,mid,153.0,0.000247,0.08712,0.001749,6.920401,111.351466,3761.03131
0.2,3_per_pathogen,Mpox,mid,154.0,0.000247,0.085643,0.001746,6.869048,110.555472,3748.057175
0.2,3_per_pathogen,Mpox,mid,155.0,0.000247,0.084193,0.001744,6.818087,109.763361,3734.723196
0.2,3_per_pathogen,Mpox,mid,156.0,0.000247,0.082769,0.001742,6.767515,108.97525,3721.044937
0.2,3_per_pathogen,Mpox,mid,157.0,0.000247,0.081371,0.001741,6.717328,108.191246,3707.037562
0.2,3_per_pathogen,Mpox,mid,158.0,0.000247,0.079997,0.001739,6.667526,107.411446,3692.715848
0.2,3_per_pathogen,Mpox,mid,159.0,0.000247,0.078648,0.001738,6.618104,106.635938,3678.094178
0.2,3_per_pathogen,Mpox,mid,160.0,0.000247,0.077323,0.001737,6.56906,105.8648,3663.186554
0.2,3_per_pathogen,Mpox,mid,161.0,0.000247,0.076021,0.001736,6.520392,105.098103,3648.006594
0.2,3_per_pathogen,Mpox,mid,162.0,0.000247,0.074743,0.001735,6.472096,104.335912,3632.567542
0.2,3_per_pathogen,Mpox,mid,163.0,0.000247,0.073487,0.001734,6.424169,103.578283,3616.882272
0.2,3_per_pathogen,Mpox,mid,164.0,0.000247,0.072254,0.001734,6.37661,102.825267,3600.963289
0.2,3_per_pathogen,Mpox,mid,165.0,0.000247,0.071043,0.001733,6.329415,102.076908,3584.822743
0.2,3_per_pathogen,Mpox,mid,166.0,0.000247,0.069854,0.001732,6.282581,101.333244,3568.472428
0.2,3_per_pathogen,Mpox,mid,167.0,0.000247,0.068685,0.001732,6.236106,100.59431,3551.92379
0.2,3_per_pathogen,Mpox,mid,168.0,0.000247,0.067538,0.001732,6.189988,99.860134,3535.187936
0.2,3_per_pathogen,Mpox,mid,169.0,0.000247,0.066411,0.001731,6.144223,99.130739,3518.275636
0.2,3_per_pathogen,Mpox,mid,170.0,0.000247,0.065304,0.001731,6.098809,98.406147,3501.197333
0.2,3_per_pathogen,Mpox,mid,171.0,0.000247,0.064217,0.001731,6.053743,97.686373,3483.96315
0.2,3_per_pathogen,Mpox,mid,172.0,0.000247,0.063149,0.001731,6.009022,96.971429,3466.582893
0.2,3_per_pathogen,Mpox,mid,173.0,0.000247,0.062101,0.00173,5.964644,96.261324,3449.066061
0.2,3_per_pathogen,Mpox,mid,174.0,0.000247,0.061071,0.00173,5.920607,95.556066,3431.421852
0.2,3_per_pathogen,Mpox,mid,175.0,0.000247,0.060059,0.00173,5.876907,94.855655,3413.65917
0.2,3_per_pathogen,Mpox,mid,176.0,0.000247,0.059065,0.00173,5.833542,94.160093,3395.786632
0.2,3_per_pathogen,Mpox,mid,177.0,0.000247,0.05809,0.00173,5.79051,93.469378,3377.812572
0.2,3_per_pathogen,Mpox,mid,178.0,0.000247,0.057131,0.00173,5.747808,92.783505,3359.745053
0.2,3_per_pathogen,Mpox,mid,179.0,0.000247,0.05619,0.00173,5.705434,92.102467,3341.591869
0.2,3_per_pathogen,Mpox,mid,180.0,0.000247,0.055265,0.00173,5.663384,91.426257,3323.360553
