Ka_per_h,Alpha_scenario,Pathogen,b_per_day,g_per_day,bg_label,Ag_peak_day,Teff_peak_day,GC_peak_day_before_boost1,Ab_peak_day,Teff_peak_value,GC_peak_value,Ab_peak_value,Teff_end_over_peak,Ab_end_over_peak,Ordering_OK
0.2,1_uniform,HIV,0.01,0.001,low,21.167,65.667,11.417,131.083,1.474877,0.230661,3918.995758,0.30841,0.84801,True
0.2,1_uniform,HIV,0.015,0.003,mid,21.167,64.417,11.417,131.083,1.200215,0.230661,3918.99575,0.1448,0.84801,True
0.2,1_uniform,HIV,0.02,0.005,high,21.167,63.75,11.417,131.083,1.004638,0.230661,3918.99576,0.07026,0.84801,True
0.2,1_uniform,Mpox,0.01,0.001,low,21.167,65.667,11.417,131.083,1.474877,0.230661,3918.995758,0.30841,0.84801,True
0.2,1_uniform,Mpox,0.015,0.003,mid,21.167,64.417,11.417,131.083,1.200215,0.230661,3918.99575,0.1448,0.84801,True
0.2,1_uniform,Mpox,0.02,0.005,high,21.167,63.75,11.417,131.083,1.004638,0.230661,3918.99576,0.07026,0.84801,True
0.2,2_bigmhc_weighted,HIV,0.01,0.001,low,21.167,65.667,11.417,131.083,0.516502,0.230661,3918.99576,0.30841,0.84801,True
0.2,2_bigmhc_weighted,HIV,0.015,0.003,mid,21.167,64.417,11.417,131.083,0.420315,0.230661,3918.99576,0.1448,0.84801,True
0.2,2_bigmhc_weighted,HIV,0.02,0.005,high,21.167,63.75,11.417,131.083,0.351824,0.230661,3918.99576,0.07026,0.84801,True
0.2,2_bigmhc_weighted,Mpox,0.01,0.001,low,21.167,65.667,11.417,131.083,0.516502,0.230661,3918.99576,0.30841,0.84801,True
0.2,2_bigmhc_weighted,Mpox,0.015,0.003,mid,21.167,64.417,11.417,131.083,0.420315,0.230661,3918.99576,0.1448,0.84801,True
0.2,2_bigmhc_weighted,Mpox,0.02,0.005,high,21.167,63.75,11.417,131.083,0.351824,0.230661,3918.99576,0.07026,0.84801,True
0.2,3_per_pathogen,HIV,0.01,0.001,low,21.167,65.667,11.417,131.083,0.563403,0.230661,3918.99576,0.30841,0.84801,True
0.2,3_per_pathogen,HIV,0.015,0.003,mid,21.167,64.417,11.417,131.083,0.458482,0.230661,3918.99576,0.1448,0.84801,True
0.2,3_per_pathogen,HIV,0.02,0.005,high,21.167,63.75,11.417,131.083,0.383772,0.230661,3918.99576,0.07026,0.84801,True
0.2,3_per_pathogen,Mpox,0.01,0.001,low,21.167,65.667,11.417,131.083,0.469011,0.230661,3918.99576,0.30841,0.84801,True
0.2,3_per_pathogen,Mpox,0.015,0.003,mid,21.167,64.417,11.417,131.083,0.381668,0.230661,3918.99576,0.1448,0.84801,True
0.2,3_per_pathogen,Mpox,0.02,0.005,high,21.167,63.75,11.417,131.083,0.319475,0.230661,3918.99576,0.07026,0.84801,True
0.15,1_uniform,HIV,0.01,0.001,low,21.208,65.75,11.5,131.167,1.475305,0.230685,3920.383464,0.30884,0.84844,True
0.15,1_uniform,HIV,0.015,0.003,mid,21.208,64.5,11.5,131.167,1.200531,0.230685,3920.383469,0.14516,0.84844,True
0.15,1_uniform,HIV,0.02,0.005,high,21.208,63.833,11.5,131.167,1.004876,0.230685,3920.383461,0.07055,0.84844,True
0.15,1_uniform,Mpox,0.01,0.001,low,21.208,65.75,11.5,131.167,1.475305,0.230685,3920.383464,0.30884,0.84844,True
0.15,1_uniform,Mpox,0.015,0.003,mid,21.208,64.5,11.5,131.167,1.200531,0.230685,3920.383469,0.14516,0.84844,True
0.15,1_uniform,Mpox,0.02,0.005,high,21.208,63.833,11.5,131.167,1.004876,0.230685,3920.383461,0.07055,0.84844,True
0.15,2_bigmhc_weighted,HIV,0.01,0.001,low,21.208,65.75,11.5,131.167,0.516652,0.230685,3920.383467,0.30884,0.84844,True
0.15,2_bigmhc_weighted,HIV,0.015,0.003,mid,21.208,64.5,11.5,131.167,0.420426,0.230685,3920.383463,0.14516,0.84844,True
0.15,2_bigmhc_weighted,HIV,0.02,0.005,high,21.208,63.833,11.5,131.167,0.351907,0.230685,3920.383463,0.07055,0.84844,True
0.15,2_bigmhc_weighted,Mpox,0.01,0.001,low,21.208,65.75,11.5,131.167,0.516652,0.230685,3920.383467,0.30884,0.84844,True
0.15,2_bigmhc_weighted,Mpox,0.015,0.003,mid,21.208,64.5,11.5,131.167,0.420426,0.230685,3920.383463,0.14516,0.84844,True
0.15,2_bigmhc_weighted,Mpox,0.02,0.005,high,21.208,63.833,11.5,131.167,0.351907,0.230685,3920.383463,0.07055,0.84844,True
0.15,3_per_pathogen,HIV,0.01,0.001,low,21.208,65.75,11.5,131.167,0.563567,0.230685,3920.383463,0.30884,0.84844,True
0.15,3_per_pathogen,HIV,0.015,0.003,mid,21.208,64.5,11.5,131.167,0.458603,0.230685,3920.383463,0.14516,0.84844,True
0.15,3_per_pathogen,HIV,0.02,0.005,high,21.208,63.833,11.5,131.167,0.383862,0.230685,3920.383463,0.07055,0.84844,True
0.15,3_per_pathogen,Mpox,0.01,0.001,low,21.208,65.75,11.5,131.167,0.469147,0.230685,3920.383463,0.30884,0.84844,True
0.15,3_per_pathogen,Mpox,0.015,0.003,mid,21.208,64.5,11.5,131.167,0.381769,0.230685,3920.383463,0.14516,0.84844,True
0.15,3_per_pathogen,Mpox,0.02,0.005,high,21.208,63.833,11.5,131.167,0.31955,0.230685,3920.383463,0.07055,0.84844,True
0.25,1_uniform,HIV,0.01,0.001,low,21.167,65.625,11.375,131.042,1.474413,0.230607,3917.663034,0.30819,0.84778,True
0.25,1_uniform,HIV,0.015,0.003,mid,21.167,64.375,11.375,131.042,1.199851,0.230607,3917.663035,0.14462,0.84778,True
0.25,1_uniform,HIV,0.02,0.005,high,21.167,63.708,11.375,131.042,1.004345,0.230607,3917.663038,0.07012,0.84778,True
0.25,1_uniform,Mpox,0.01,0.001,low,21.167,65.625,11.375,131.042,1.474413,0.230607,3917.663034,0.30819,0.84778,True
0.25,1_uniform,Mpox,0.015,0.003,mid,21.167,64.375,11.375,131.042,1.199851,0.230607,3917.663035,0.14462,0.84778,True
0.25,1_uniform,Mpox,0.02,0.005,high,21.167,63.708,11.375,131.042,1.004345,0.230607,3917.663038,0.07012,0.84778,True
0.25,2_bigmhc_weighted,HIV,0.01,0.001,low,21.167,65.625,11.375,131.042,0.51634,0.230607,3917.663041,0.30819,0.84778,True
0.25,2_bigmhc_weighted,HIV,0.015,0.003,mid,21.167,64.375,11.375,131.042,0.420188,0.230607,3917.663041,0.14462,0.84778,True
0.25,2_bigmhc_weighted,HIV,0.02,0.005,high,21.167,63.708,11.375,131.042,0.351722,0.230607,3917.663041,0.07012,0.84778,True
0.25,2_bigmhc_weighted,Mpox,0.01,0.001,low,21.167,65.625,11.375,131.042,0.51634,0.230607,3917.663041,0.30819,0.84778,True
0.25,2_bigmhc_weighted,Mpox,0.015,0.003,mid,21.167,64.375,11.375,131.042,0.420188,0.230607,3917.663041,0.14462,0.84778,True
0.25,2_bigmhc_weighted,Mpox,0.02,0.005,high,21.167,63.708,11.375,131.042,0.351722,0.230607,3917.663041,0.07012,0.84778,True
0.25,3_per_pathogen,HIV,0.01,0.001,low,21.167,65.625,11.375,131.042,0.563226,0.230607,3917.663041,0.30819,0.84778,True
0.25,3_per_pathogen,HIV,0.015,0.003,mid,21.167,64.375,11.375,131.042,0.458343,0.230607,3917.663041,0.14462,0.84778,True
0.25,3_per_pathogen,HIV,0.02,0.005,high,21.167,63.708,11.375,131.042,0.38366,0.230607,3917.663036,0.07012,0.84778,True
0.25,3_per_pathogen,Mpox,0.01,0.001,low,21.167,65.625,11.375,131.042,0.468863,0.230607,3917.663041,0.30819,0.84778,True
0.25,3_per_pathogen,Mpox,0.015,0.003,mid,21.167,64.375,11.375,131.042,0.381553,0.230607,3917.663041,0.14462,0.84778,True
0.25,3_per_pathogen,Mpox,0.02,0.005,high,21.167,63.708,11.375,131.042,0.319382,0.230607,3917.663041,0.07012,0.84778,True
