T_eff,Protein_Target_ng_mL,V_d_L,Bioavailability,Required_Serum_ng_mL,Injected_Dose_ug
0.2,50.0,5.0,0.8,312.5,1.5625
0.2,50.0,5.625,0.8,312.5,1.7578
0.2,50.0,6.25,0.8,312.5,1.9531
0.2,50.0,6.875,0.8,312.5,2.1484
0.2,50.0,7.5,0.8,312.5,2.3437
0.2,50.0,8.125,0.8,312.5,2.5391
0.2,50.0,8.75,0.8,312.5,2.7344
0.2,50.0,9.375,0.8,312.5,2.9297
0.2,50.0,10.0,0.8,312.5,3.125
0.2,56.25,5.0,0.8,351.5625,1.7578
0.2,56.25,5.625,0.8,351.5625,1.9775
0.2,56.25,6.25,0.8,351.5625,2.1973
0.2,56.25,6.875,0.8,351.5625,2.417
0.2,56.25,7.5,0.8,351.5625,2.6367
0.2,56.25,8.125,0.8,351.5625,2.8564
0.2,56.25,8.75,0.8,351.5625,3.0762
0.2,56.25,9.375,0.8,351.5625,3.2959
0.2,56.25,10.0,0.8,351.5625,3.5156
0.2,62.5,5.0,0.8,390.625,1.9531
0.2,62.5,5.625,0.8,390.625,2.1973
0.2,62.5,6.25,0.8,390.625,2.4414
0.2,62.5,6.875,0.8,390.625,2.6855
0.2,62.5,7.5,0.8,390.625,2.9297
0.2,62.5,8.125,0.8,390.625,3.1738
0.2,62.5,8.75,0.8,390.625,3.418
0.2,62.5,9.375,0.8,390.625,3.6621
0.2,62.5,10.0,0.8,390.625,3.9062
0.2,68.75,5.0,0.8,429.6875,2.1484
0.2,68.75,5.625,0.8,429.6875,2.417
0.2,68.75,6.25,0.8,429.6875,2.6855
0.2,68.75,6.875,0.8,429.6875,2.9541
0.2,68.75,7.5,0.8,429.6875,3.2227
0.2,68.75,8.125,0.8,429.6875,3.4912
0.2,68.75,8.75,0.8,429.6875,3.7598
0.2,68.75,9.375,0.8,429.6875,4.0283
0.2,68.75,10.0,0.8,429.6875,4.2969
0.2,75.0,5.0,0.8,468.75,2.3437
0.2,75.0,5.625,0.8,468.75,2.6367
0.2,75.0,6.25,0.8,468.75,2.9297
0.2,75.0,6.875,0.8,468.75,3.2227
0.2,75.0,7.5,0.8,468.75,3.5156
0.2,75.0,8.125,0.8,468.75,3.8086
0.2,75.0,8.75,0.8,468.75,4.1016
0.2,75.0,9.375,0.8,468.75,4.3945
0.2,75.0,10.0,0.8,468.75,4.6875
0.2,81.25,5.0,0.8,507.8125,2.5391
0.2,81.25,5.625,0.8,507.8125,2.8564
0.2,81.25,6.25,0.8,507.8125,3.1738
0.2,81.25,6.875,0.8,507.8125,3.4912
0.2,81.25,7.5,0.8,507.8125,3.8086
0.2,81.25,8.125,0.8,507.8125,4.126
0.2,81.25,8.75,0.8,507.8125,4.4434
0.2,81.25,9.375,0.8,507.8125,4.7607
0.2,81.25,10.0,0.8,507.8125,5.0781
0.2,87.5,5.0,0.8,546.875,2.7344
0.2,87.5,5.625,0.8,546.875,3.0762
0.2,87.5,6.25,0.8,546.875,3.418
0.2,87.5,6.875,0.8,546.875,3.7598
0.2,87.5,7.5,0.8,546.875,4.1016
0.2,87.5,8.125,0.8,546.875,4.4434
0.2,87.5,8.75,0.8,546.875,4.7852
0.2,87.5,9.375,0.8,546.875,5.127
0.2,87.5,10.0,0.8,546.875,5.4687
0.2,93.75,5.0,0.8,585.9375,2.9297
0.2,93.75,5.625,0.8,585.9375,3.2959
0.2,93.75,6.25,0.8,585.9375,3.6621
0.2,93.75,6.875,0.8,585.9375,4.0283
0.2,93.75,7.5,0.8,585.9375,4.3945
0.2,93.75,8.125,0.8,585.9375,4.7607
0.2,93.75,8.75,0.8,585.9375,5.127
0.2,93.75,9.375,0.8,585.9375,5.4932
0.2,93.75,10.0,0.8,585.9375,5.8594
0.2,100.0,5.0,0.8,625.0,3.125
0.2,100.0,5.625,0.8,625.0,3.5156
0.2,100.0,6.25,0.8,625.0,3.9062
0.2,100.0,6.875,0.8,625.0,4.2969
0.2,100.0,7.5,0.8,625.0,4.6875
0.2,100.0,8.125,0.8,625.0,5.0781
0.2,100.0,8.75,0.8,625.0,5.4687
0.2,100.0,9.375,0.8,625.0,5.8594
0.2,100.0,10.0,0.8,625.0,6.25
0.225,50.0,5.0,0.8,277.7778,1.3889
0.225,50.0,5.625,0.8,277.7778,1.5625
0.225,50.0,6.25,0.8,277.7778,1.7361
0.225,50.0,6.875,0.8,277.7778,1.9097
0.225,50.0,7.5,0.8,277.7778,2.0833
0.225,50.0,8.125,0.8,277.7778,2.2569
0.225,50.0,8.75,0.8,277.7778,2.4306
0.225,50.0,9.375,0.8,277.7778,2.6042
0.225,50.0,10.0,0.8,277.7778,2.7778
0.225,56.25,5.0,0.8,312.5,1.5625
0.225,56.25,5.625,0.8,312.5,1.7578
0.225,56.25,6.25,0.8,312.5,1.9531
0.225,56.25,6.875,0.8,312.5,2.1484
0.225,56.25,7.5,0.8,312.5,2.3437
0.225,56.25,8.125,0.8,312.5,2.5391
0.225,56.25,8.75,0.8,312.5,2.7344
0.225,56.25,9.375,0.8,312.5,2.9297
0.225,56.25,10.0,0.8,312.5,3.125
0.225,62.5,5.0,0.8,347.2222,1.7361
0.225,62.5,5.625,0.8,347.2222,1.9531
0.225,62.5,6.25,0.8,347.2222,2.1701
0.225,62.5,6.875,0.8,347.2222,2.3872
0.225,62.5,7.5,0.8,347.2222,2.6042
0.225,62.5,8.125,0.8,347.2222,2.8212
0.225,62.5,8.75,0.8,347.2222,3.0382
0.225,62.5,9.375,0.8,347.2222,3.2552
0.225,62.5,10.0,0.8,347.2222,3.4722
0.225,68.75,5.0,0.8,381.9444,1.9097
0.225,68.75,5.625,0.8,381.9444,2.1484
0.225,68.75,6.25,0.8,381.9444,2.3872
0.225,68.75,6.875,0.8,381.9444,2.6259
0.225,68.75,7.5,0.8,381.9444,2.8646
0.225,68.75,8.125,0.8,381.9444,3.1033
0.225,68.75,8.75,0.8,381.9444,3.342
0.225,68.75,9.375,0.8,381.9444,3.5807
0.225,68.75,10.0,0.8,381.9444,3.8194
0.225,75.0,5.0,0.8,416.6667,2.0833
0.225,75.0,5.625,0.8,416.6667,2.3438
0.225,75.0,6.25,0.8,416.6667,2.6042
0.225,75.0,6.875,0.8,416.6667,2.8646
0.225,75.0,7.5,0.8,416.6667,3.125
0.225,75.0,8.125,0.8,416.6667,3.3854
0.225,75.0,8.75,0.8,416.6667,3.6458
0.225,75.0,9.375,0.8,416.6667,3.9062
0.225,75.0,10.0,0.8,416.6667,4.1667
0.225,81.25,5.0,0.8,451.3889,2.2569
0.225,81.25,5.625,0.8,451.3889,2.5391
0.225,81.25,6.25,0.8,451.3889,2.8212
0.225,81.25,6.875,0.8,451.3889,3.1033
0.225,81.25,7.5,0.8,451.3889,3.3854
0.225,81.25,8.125,0.8,451.3889,3.6675
0.225,81.25,8.75,0.8,451.3889,3.9497
0.225,81.25,9.375,0.8,451.3889,4.2318
0.225,81.25,10.0,0.8,451.3889,4.5139
0.225,87.5,5.0,0.8,486.1111,2.4306
0.225,87.5,5.625,0.8,486.1111,2.7344
0.225,87.5,6.25,0.8,486.1111,3.0382
0.225,87.5,6.875,0.8,486.1111,3.342
0.225,87.5,7.5,0.8,486.1111,3.6458
0.225,87.5,8.125,0.8,486.1111,3.9497
0.225,87.5,8.75,0.8,486.1111,4.2535
0.225,87.5,9.375,0.8,486.1111,4.5573
0.225,87.5,10.0,0.8,486.1111,4.8611
0.225,93.75,5.0,0.8,520.8333,2.6042
0.225,93.75,5.625,0.8,520.8333,2.9297
0.225,93.75,6.25,0.8,520.8333,3.2552
0.225,93.75,6.875,0.8,520.8333,3.5807
0.225,93.75,7.5,0.8,520.8333,3.9062
0.225,93.75,8.125,0.8,520.8333,4.2318
0.225,93.75,8.75,0.8,520.8333,4.5573
0.225,93.75,9.375,0.8,520.8333,4.8828
0.225,93.75,10.0,0.8,520.8333,5.2083
0.225,100.0,5.0,0.8,555.5556,2.7778
0.225,100.0,5.625,0.8,555.5556,3.125
0.225,100.0,6.25,0.8,555.5556,3.4722
0.225,100.0,6.875,0.8,555.5556,3.8194
0.225,100.0,7.5,0.8,555.5556,4.1667
0.225,100.0,8.125,0.8,555.5556,4.5139
0.225,100.0,8.75,0.8,555.5556,4.8611
0.225,100.0,9.375,0.8,555.5556,5.2083
0.225,100.0,10.0,0.8,555.5556,5.5556
0.25,50.0,5.0,0.8,250.0,1.25
0.25,50.0,5.625,0.8,250.0,1.4062
0.25,50.0,6.25,0.8,250.0,1.5625
0.25,50.0,6.875,0.8,250.0,1.7188
0.25,50.0,7.5,0.8,250.0,1.875
0.25,50.0,8.125,0.8,250.0,2.0312
0.25,50.0,8.75,0.8,250.0,2.1875
0.25,50.0,9.375,0.8,250.0,2.3438
0.25,50.0,10.0,0.8,250.0,2.5
0.25,56.25,5.0,0.8,281.25,1.4062
0.25,56.25,5.625,0.8,281.25,1.582
0.25,56.25,6.25,0.8,281.25,1.7578
0.25,56.25,6.875,0.8,281.25,1.9336
0.25,56.25,7.5,0.8,281.25,2.1094
0.25,56.25,8.125,0.8,281.25,2.2852
0.25,56.25,8.75,0.8,281.25,2.4609
0.25,56.25,9.375,0.8,281.25,2.6367
0.25,56.25,10.0,0.8,281.25,2.8125
0.25,62.5,5.0,0.8,312.5,1.5625
0.25,62.5,5.625,0.8,312.5,1.7578
0.25,62.5,6.25,0.8,312.5,1.9531
0.25,62.5,6.875,0.8,312.5,2.1484
0.25,62.5,7.5,0.8,312.5,2.3438
0.25,62.5,8.125,0.8,312.5,2.5391
0.25,62.5,8.75,0.8,312.5,2.7344
0.25,62.5,9.375,0.8,312.5,2.9297
0.25,62.5,10.0,0.8,312.5,3.125
0.25,68.75,5.0,0.8,343.75,1.7188
0.25,68.75,5.625,0.8,343.75,1.9336
0.25,68.75,6.25,0.8,343.75,2.1484
0.25,68.75,6.875,0.8,343.75,2.3633
0.25,68.75,7.5,0.8,343.75,2.5781
0.25,68.75,8.125,0.8,343.75,2.793
0.25,68.75,8.75,0.8,343.75,3.0078
0.25,68.75,9.375,0.8,343.75,3.2227
0.25,68.75,10.0,0.8,343.75,3.4375
0.25,75.0,5.0,0.8,375.0,1.875
0.25,75.0,5.625,0.8,375.0,2.1094
0.25,75.0,6.25,0.8,375.0,2.3438
0.25,75.0,6.875,0.8,375.0,2.5781
0.25,75.0,7.5,0.8,375.0,2.8125
0.25,75.0,8.125,0.8,375.0,3.0469
0.25,75.0,8.75,0.8,375.0,3.2812
0.25,75.0,9.375,0.8,375.0,3.5156
0.25,75.0,10.0,0.8,375.0,3.75
0.25,81.25,5.0,0.8,406.25,2.0312
0.25,81.25,5.625,0.8,406.25,2.2852
0.25,81.25,6.25,0.8,406.25,2.5391
0.25,81.25,6.875,0.8,406.25,2.793
0.25,81.25,7.5,0.8,406.25,3.0469
0.25,81.25,8.125,0.8,406.25,3.3008
0.25,81.25,8.75,0.8,406.25,3.5547
0.25,81.25,9.375,0.8,406.25,3.8086
0.25,81.25,10.0,0.8,406.25,4.0625
0.25,87.5,5.0,0.8,437.5,2.1875
0.25,87.5,5.625,0.8,437.5,2.4609
0.25,87.5,6.25,0.8,437.5,2.7344
0.25,87.5,6.875,0.8,437.5,3.0078
0.25,87.5,7.5,0.8,437.5,3.2812
0.25,87.5,8.125,0.8,437.5,3.5547
0.25,87.5,8.75,0.8,437.5,3.8281
0.25,87.5,9.375,0.8,437.5,4.1016
0.25,87.5,10.0,0.8,437.5,4.375
0.25,93.75,5.0,0.8,468.75,2.3438
0.25,93.75,5.625,0.8,468.75,2.6367
0.25,93.75,6.25,0.8,468.75,2.9297
0.25,93.75,6.875,0.8,468.75,3.2227
0.25,93.75,7.5,0.8,468.75,3.5156
0.25,93.75,8.125,0.8,468.75,3.8086
0.25,93.75,8.75,0.8,468.75,4.1016
0.25,93.75,9.375,0.8,468.75,4.3945
0.25,93.75,10.0,0.8,468.75,4.6875
0.25,100.0,5.0,0.8,500.0,2.5
0.25,100.0,5.625,0.8,500.0,2.8125
0.25,100.0,6.25,0.8,500.0,3.125
0.25,100.0,6.875,0.8,500.0,3.4375
0.25,100.0,7.5,0.8,500.0,3.75
0.25,100.0,8.125,0.8,500.0,4.0625
0.25,100.0,8.75,0.8,500.0,4.375
0.25,100.0,9.375,0.8,500.0,4.6875
0.25,100.0,10.0,0.8,500.0,5.0
0.275,50.0,5.0,0.8,227.2727,1.1364
0.275,50.0,5.625,0.8,227.2727,1.2784
0.275,50.0,6.25,0.8,227.2727,1.4205
0.275,50.0,6.875,0.8,227.2727,1.5625
0.275,50.0,7.5,0.8,227.2727,1.7045
0.275,50.0,8.125,0.8,227.2727,1.8466
0.275,50.0,8.75,0.8,227.2727,1.9886
0.275,50.0,9.375,0.8,227.2727,2.1307
0.275,50.0,10.0,0.8,227.2727,2.2727
0.275,56.25,5.0,0.8,255.6818,1.2784
0.275,56.25,5.625,0.8,255.6818,1.4382
0.275,56.25,6.25,0.8,255.6818,1.598
0.275,56.25,6.875,0.8,255.6818,1.7578
0.275,56.25,7.5,0.8,255.6818,1.9176
0.275,56.25,8.125,0.8,255.6818,2.0774
0.275,56.25,8.75,0.8,255.6818,2.2372
0.275,56.25,9.375,0.8,255.6818,2.397
0.275,56.25,10.0,0.8,255.6818,2.5568
0.275,62.5,5.0,0.8,284.0909,1.4205
0.275,62.5,5.625,0.8,284.0909,1.598
0.275,62.5,6.25,0.8,284.0909,1.7756
0.275,62.5,6.875,0.8,284.0909,1.9531
0.275,62.5,7.5,0.8,284.0909,2.1307
0.275,62.5,8.125,0.8,284.0909,2.3082
0.275,62.5,8.75,0.8,284.0909,2.4858
0.275,62.5,9.375,0.8,284.0909,2.6634
0.275,62.5,10.0,0.8,284.0909,2.8409
0.275,68.75,5.0,0.8,312.5,1.5625
0.275,68.75,5.625,0.8,312.5,1.7578
0.275,68.75,6.25,0.8,312.5,1.9531
0.275,68.75,6.875,0.8,312.5,2.1484
0.275,68.75,7.5,0.8,312.5,2.3437
0.275,68.75,8.125,0.8,312.5,2.5391
0.275,68.75,8.75,0.8,312.5,2.7344
0.275,68.75,9.375,0.8,312.5,2.9297
0.275,68.75,10.0,0.8,312.5,3.125
0.275,75.0,5.0,0.8,340.9091,1.7045
0.275,75.0,5.625,0.8,340.9091,1.9176
0.275,75.0,6.25,0.8,340.9091,2.1307
0.275,75.0,6.875,0.8,340.9091,2.3438
0.275,75.0,7.5,0.8,340.9091,2.5568
0.275,75.0,8.125,0.8,340.9091,2.7699
0.275,75.0,8.75,0.8,340.9091,2.983
0.275,75.0,9.375,0.8,340.9091,3.196
0.275,75.0,10.0,0.8,340.9091,3.4091
0.275,81.25,5.0,0.8,369.3182,1.8466
0.275,81.25,5.625,0.8,369.3182,2.0774
0.275,81.25,6.25,0.8,369.3182,2.3082
0.275,81.25,6.875,0.8,369.3182,2.5391
0.275,81.25,7.5,0.8,369.3182,2.7699
0.275,81.25,8.125,0.8,369.3182,3.0007
0.275,81.25,8.75,0.8,369.3182,3.2315
0.275,81.25,9.375,0.8,369.3182,3.4624
0.275,81.25,10.0,0.8,369.3182,3.6932
0.275,87.5,5.0,0.8,397.7273,1.9886
0.275,87.5,5.625,0.8,397.7273,2.2372
0.275,87.5,6.25,0.8,397.7273,2.4858
0.275,87.5,6.875,0.8,397.7273,2.7344
0.275,87.5,7.5,0.8,397.7273,2.983
0.275,87.5,8.125,0.8,397.7273,3.2315
0.275,87.5,8.75,0.8,397.7273,3.4801
0.275,87.5,9.375,0.8,397.7273,3.7287
0.275,87.5,10.0,0.8,397.7273,3.9773
0.275,93.75,5.0,0.8,426.1364,2.1307
0.275,93.75,5.625,0.8,426.1364,2.397
0.275,93.75,6.25,0.8,426.1364,2.6634
0.275,93.75,6.875,0.8,426.1364,2.9297
0.275,93.75,7.5,0.8,426.1364,3.196
0.275,93.75,8.125,0.8,426.1364,3.4624
0.275,93.75,8.75,0.8,426.1364,3.7287
0.275,93.75,9.375,0.8,426.1364,3.995
0.275,93.75,10.0,0.8,426.1364,4.2614
0.275,100.0,5.0,0.8,454.5455,2.2727
0.275,100.0,5.625,0.8,454.5455,2.5568
0.275,100.0,6.25,0.8,454.5455,2.8409
0.275,100.0,6.875,0.8,454.5455,3.125
0.275,100.0,7.5,0.8,454.5455,3.4091
0.275,100.0,8.125,0.8,454.5455,3.6932
0.275,100.0,8.75,0.8,454.5455,3.9773
0.275,100.0,9.375,0.8,454.5455,4.2614
0.275,100.0,10.0,0.8,454.5455,4.5455
0.3,50.0,5.0,0.8,208.3333,1.0417
0.3,50.0,5.625,0.8,208.3333,1.1719
0.3,50.0,6.25,0.8,208.3333,1.3021
0.3,50.0,6.875,0.8,208.3333,1.4323
0.3,50.0,7.5,0.8,208.3333,1.5625
0.3,50.0,8.125,0.8,208.3333,1.6927
0.3,50.0,8.75,0.8,208.3333,1.8229
0.3,50.0,9.375,0.8,208.3333,1.9531
0.3,50.0,10.0,0.8,208.3333,2.0833
0.3,56.25,5.0,0.8,234.375,1.1719
0.3,56.25,5.625,0.8,234.375,1.3184
0.3,56.25,6.25,0.8,234.375,1.4648
0.3,56.25,6.875,0.8,234.375,1.6113
0.3,56.25,7.5,0.8,234.375,1.7578
0.3,56.25,8.125,0.8,234.375,1.9043
0.3,56.25,8.75,0.8,234.375,2.0508
0.3,56.25,9.375,0.8,234.375,2.1973
0.3,56.25,10.0,0.8,234.375,2.3437
0.3,62.5,5.0,0.8,260.4167,1.3021
0.3,62.5,5.625,0.8,260.4167,1.4648
0.3,62.5,6.25,0.8,260.4167,1.6276
0.3,62.5,6.875,0.8,260.4167,1.7904
0.3,62.5,7.5,0.8,260.4167,1.9531
0.3,62.5,8.125,0.8,260.4167,2.1159
0.3,62.5,8.75,0.8,260.4167,2.2786
0.3,62.5,9.375,0.8,260.4167,2.4414
0.3,62.5,10.0,0.8,260.4167,2.6042
0.3,68.75,5.0,0.8,286.4583,1.4323
0.3,68.75,5.625,0.8,286.4583,1.6113
0.3,68.75,6.25,0.8,286.4583,1.7904
0.3,68.75,6.875,0.8,286.4583,1.9694
0.3,68.75,7.5,0.8,286.4583,2.1484
0.3,68.75,8.125,0.8,286.4583,2.3275
0.3,68.75,8.75,0.8,286.4583,2.5065
0.3,68.75,9.375,0.8,286.4583,2.6855
0.3,68.75,10.0,0.8,286.4583,2.8646
0.3,75.0,5.0,0.8,312.5,1.5625
0.3,75.0,5.625,0.8,312.5,1.7578
0.3,75.0,6.25,0.8,312.5,1.9531
0.3,75.0,6.875,0.8,312.5,2.1484
0.3,75.0,7.5,0.8,312.5,2.3437
0.3,75.0,8.125,0.8,312.5,2.5391
0.3,75.0,8.75,0.8,312.5,2.7344
0.3,75.0,9.375,0.8,312.5,2.9297
0.3,75.0,10.0,0.8,312.5,3.125
0.3,81.25,5.0,0.8,338.5417,1.6927
0.3,81.25,5.625,0.8,338.5417,1.9043
0.3,81.25,6.25,0.8,338.5417,2.1159
0.3,81.25,6.875,0.8,338.5417,2.3275
0.3,81.25,7.5,0.8,338.5417,2.5391
0.3,81.25,8.125,0.8,338.5417,2.7507
0.3,81.25,8.75,0.8,338.5417,2.9622
0.3,81.25,9.375,0.8,338.5417,3.1738
0.3,81.25,10.0,0.8,338.5417,3.3854
0.3,87.5,5.0,0.8,364.5833,1.8229
0.3,87.5,5.625,0.8,364.5833,2.0508
0.3,87.5,6.25,0.8,364.5833,2.2786
0.3,87.5,6.875,0.8,364.5833,2.5065
0.3,87.5,7.5,0.8,364.5833,2.7344
0.3,87.5,8.125,0.8,364.5833,2.9622
0.3,87.5,8.75,0.8,364.5833,3.1901
0.3,87.5,9.375,0.8,364.5833,3.418
0.3,87.5,10.0,0.8,364.5833,3.6458
0.3,93.75,5.0,0.8,390.625,1.9531
0.3,93.75,5.625,0.8,390.625,2.1973
0.3,93.75,6.25,0.8,390.625,2.4414
0.3,93.75,6.875,0.8,390.625,2.6855
0.3,93.75,7.5,0.8,390.625,2.9297
0.3,93.75,8.125,0.8,390.625,3.1738
0.3,93.75,8.75,0.8,390.625,3.418
0.3,93.75,9.375,0.8,390.625,3.6621
0.3,93.75,10.0,0.8,390.625,3.9062
0.3,100.0,5.0,0.8,416.6667,2.0833
0.3,100.0,5.625,0.8,416.6667,2.3437
0.3,100.0,6.25,0.8,416.6667,2.6042
0.3,100.0,6.875,0.8,416.6667,2.8646
0.3,100.0,7.5,0.8,416.6667,3.125
0.3,100.0,8.125,0.8,416.6667,3.3854
0.3,100.0,8.75,0.8,416.6667,3.6458
0.3,100.0,9.375,0.8,416.6667,3.9062
0.3,100.0,10.0,0.8,416.6667,4.1667
0.325,50.0,5.0,0.8,192.3077,0.9615
0.325,50.0,5.625,0.8,192.3077,1.0817
0.325,50.0,6.25,0.8,192.3077,1.2019
0.325,50.0,6.875,0.8,192.3077,1.3221
0.325,50.0,7.5,0.8,192.3077,1.4423
0.325,50.0,8.125,0.8,192.3077,1.5625
0.325,50.0,8.75,0.8,192.3077,1.6827
0.325,50.0,9.375,0.8,192.3077,1.8029
0.325,50.0,10.0,0.8,192.3077,1.9231
0.325,56.25,5.0,0.8,216.3462,1.0817
0.325,56.25,5.625,0.8,216.3462,1.2169
0.325,56.25,6.25,0.8,216.3462,1.3522
0.325,56.25,6.875,0.8,216.3462,1.4874
0.325,56.25,7.5,0.8,216.3462,1.6226
0.325,56.25,8.125,0.8,216.3462,1.7578
0.325,56.25,8.75,0.8,216.3462,1.893
0.325,56.25,9.375,0.8,216.3462,2.0282
0.325,56.25,10.0,0.8,216.3462,2.1635
0.325,62.5,5.0,0.8,240.3846,1.2019
0.325,62.5,5.625,0.8,240.3846,1.3522
0.325,62.5,6.25,0.8,240.3846,1.5024
0.325,62.5,6.875,0.8,240.3846,1.6526
0.325,62.5,7.5,0.8,240.3846,1.8029
0.325,62.5,8.125,0.8,240.3846,1.9531
0.325,62.5,8.75,0.8,240.3846,2.1034
0.325,62.5,9.375,0.8,240.3846,2.2536
0.325,62.5,10.0,0.8,240.3846,2.4038
0.325,68.75,5.0,0.8,264.4231,1.3221
0.325,68.75,5.625,0.8,264.4231,1.4874
0.325,68.75,6.25,0.8,264.4231,1.6526
0.325,68.75,6.875,0.8,264.4231,1.8179
0.325,68.75,7.5,0.8,264.4231,1.9832
0.325,68.75,8.125,0.8,264.4231,2.1484
0.325,68.75,8.75,0.8,264.4231,2.3137
0.325,68.75,9.375,0.8,264.4231,2.479
0.325,68.75,10.0,0.8,264.4231,2.6442
0.325,75.0,5.0,0.8,288.4615,1.4423
0.325,75.0,5.625,0.8,288.4615,1.6226
0.325,75.0,6.25,0.8,288.4615,1.8029
0.325,75.0,6.875,0.8,288.4615,1.9832
0.325,75.0,7.5,0.8,288.4615,2.1635
0.325,75.0,8.125,0.8,288.4615,2.3438
0.325,75.0,8.75,0.8,288.4615,2.524
0.325,75.0,9.375,0.8,288.4615,2.7043
0.325,75.0,10.0,0.8,288.4615,2.8846
0.325,81.25,5.0,0.8,312.5,1.5625
0.325,81.25,5.625,0.8,312.5,1.7578
0.325,81.25,6.25,0.8,312.5,1.9531
0.325,81.25,6.875,0.8,312.5,2.1484
0.325,81.25,7.5,0.8,312.5,2.3438
0.325,81.25,8.125,0.8,312.5,2.5391
0.325,81.25,8.75,0.8,312.5,2.7344
0.325,81.25,9.375,0.8,312.5,2.9297
0.325,81.25,10.0,0.8,312.5,3.125
0.325,87.5,5.0,0.8,336.5385,1.6827
0.325,87.5,5.625,0.8,336.5385,1.893
0.325,87.5,6.25,0.8,336.5385,2.1034
0.325,87.5,6.875,0.8,336.5385,2.3137
0.325,87.5,7.5,0.8,336.5385,2.524
0.325,87.5,8.125,0.8,336.5385,2.7344
0.325,87.5,8.75,0.8,336.5385,2.9447
0.325,87.5,9.375,0.8,336.5385,3.155
0.325,87.5,10.0,0.8,336.5385,3.3654
0.325,93.75,5.0,0.8,360.5769,1.8029
0.325,93.75,5.625,0.8,360.5769,2.0282
0.325,93.75,6.25,0.8,360.5769,2.2536
0.325,93.75,6.875,0.8,360.5769,2.479
0.325,93.75,7.5,0.8,360.5769,2.7043
0.325,93.75,8.125,0.8,360.5769,2.9297
0.325,93.75,8.75,0.8,360.5769,3.155
0.325,93.75,9.375,0.8,360.5769,3.3804
0.325,93.75,10.0,0.8,360.5769,3.6058
0.325,100.0,5.0,0.8,384.6154,1.9231
0.325,100.0,5.625,0.8,384.6154,2.1635
0.325,100.0,6.25,0.8,384.6154,2.4038
0.325,100.0,6.875,0.8,384.6154,2.6442
0.325,100.0,7.5,0.8,384.6154,2.8846
0.325,100.0,8.125,0.8,384.6154,3.125
0.325,100.0,8.75,0.8,384.6154,3.3654
0.325,100.0,9.375,0.8,384.6154,3.6058
0.325,100.0,10.0,0.8,384.6154,3.8462
0.35,50.0,5.0,0.8,178.5714,0.8929
0.35,50.0,5.625,0.8,178.5714,1.0045
0.35,50.0,6.25,0.8,178.5714,1.1161
0.35,50.0,6.875,0.8,178.5714,1.2277
0.35,50.0,7.5,0.8,178.5714,1.3393
0.35,50.0,8.125,0.8,178.5714,1.4509
0.35,50.0,8.75,0.8,178.5714,1.5625
0.35,50.0,9.375,0.8,178.5714,1.6741
0.35,50.0,10.0,0.8,178.5714,1.7857
0.35,56.25,5.0,0.8,200.8929,1.0045
0.35,56.25,5.625,0.8,200.8929,1.13
0.35,56.25,6.25,0.8,200.8929,1.2556
0.35,56.25,6.875,0.8,200.8929,1.3811
0.35,56.25,7.5,0.8,200.8929,1.5067
0.35,56.25,8.125,0.8,200.8929,1.6323
0.35,56.25,8.75,0.8,200.8929,1.7578
0.35,56.25,9.375,0.8,200.8929,1.8834
0.35,56.25,10.0,0.8,200.8929,2.0089
0.35,62.5,5.0,0.8,223.2143,1.1161
0.35,62.5,5.625,0.8,223.2143,1.2556
0.35,62.5,6.25,0.8,223.2143,1.3951
0.35,62.5,6.875,0.8,223.2143,1.5346
0.35,62.5,7.5,0.8,223.2143,1.6741
0.35,62.5,8.125,0.8,223.2143,1.8136
0.35,62.5,8.75,0.8,223.2143,1.9531
0.35,62.5,9.375,0.8,223.2143,2.0926
0.35,62.5,10.0,0.8,223.2143,2.2321
0.35,68.75,5.0,0.8,245.5357,1.2277
0.35,68.75,5.625,0.8,245.5357,1.3811
0.35,68.75,6.25,0.8,245.5357,1.5346
0.35,68.75,6.875,0.8,245.5357,1.6881
0.35,68.75,7.5,0.8,245.5357,1.8415
0.35,68.75,8.125,0.8,245.5357,1.995
0.35,68.75,8.75,0.8,245.5357,2.1484
0.35,68.75,9.375,0.8,245.5357,2.3019
0.35,68.75,10.0,0.8,245.5357,2.4554
0.35,75.0,5.0,0.8,267.8571,1.3393
0.35,75.0,5.625,0.8,267.8571,1.5067
0.35,75.0,6.25,0.8,267.8571,1.6741
0.35,75.0,6.875,0.8,267.8571,1.8415
0.35,75.0,7.5,0.8,267.8571,2.0089
0.35,75.0,8.125,0.8,267.8571,2.1763
0.35,75.0,8.75,0.8,267.8571,2.3438
0.35,75.0,9.375,0.8,267.8571,2.5112
0.35,75.0,10.0,0.8,267.8571,2.6786
0.35,81.25,5.0,0.8,290.1786,1.4509
0.35,81.25,5.625,0.8,290.1786,1.6323
0.35,81.25,6.25,0.8,290.1786,1.8136
0.35,81.25,6.875,0.8,290.1786,1.995
0.35,81.25,7.5,0.8,290.1786,2.1763
0.35,81.25,8.125,0.8,290.1786,2.3577
0.35,81.25,8.75,0.8,290.1786,2.5391
0.35,81.25,9.375,0.8,290.1786,2.7204
0.35,81.25,10.0,0.8,290.1786,2.9018
0.35,87.5,5.0,0.8,312.5,1.5625
0.35,87.5,5.625,0.8,312.5,1.7578
0.35,87.5,6.25,0.8,312.5,1.9531
0.35,87.5,6.875,0.8,312.5,2.1484
0.35,87.5,7.5,0.8,312.5,2.3437
0.35,87.5,8.125,0.8,312.5,2.5391
0.35,87.5,8.75,0.8,312.5,2.7344
0.35,87.5,9.375,0.8,312.5,2.9297
0.35,87.5,10.0,0.8,312.5,3.125
0.35,93.75,5.0,0.8,334.8214,1.6741
0.35,93.75,5.625,0.8,334.8214,1.8834
0.35,93.75,6.25,0.8,334.8214,2.0926
0.35,93.75,6.875,0.8,334.8214,2.3019
0.35,93.75,7.5,0.8,334.8214,2.5112
0.35,93.75,8.125,0.8,334.8214,2.7204
0.35,93.75,8.75,0.8,334.8214,2.9297
0.35,93.75,9.375,0.8,334.8214,3.139
0.35,93.75,10.0,0.8,334.8214,3.3482
0.35,100.0,5.0,0.8,357.1429,1.7857
0.35,100.0,5.625,0.8,357.1429,2.0089
0.35,100.0,6.25,0.8,357.1429,2.2321
0.35,100.0,6.875,0.8,357.1429,2.4554
0.35,100.0,7.5,0.8,357.1429,2.6786
0.35,100.0,8.125,0.8,357.1429,2.9018
0.35,100.0,8.75,0.8,357.1429,3.125
0.35,100.0,9.375,0.8,357.1429,3.3482
0.35,100.0,10.0,0.8,357.1429,3.5714
0.375,50.0,5.0,0.8,166.6667,0.8333
0.375,50.0,5.625,0.8,166.6667,0.9375
0.375,50.0,6.25,0.8,166.6667,1.0417
0.375,50.0,6.875,0.8,166.6667,1.1458
0.375,50.0,7.5,0.8,166.6667,1.25
0.375,50.0,8.125,0.8,166.6667,1.3542
0.375,50.0,8.75,0.8,166.6667,1.4583
0.375,50.0,9.375,0.8,166.6667,1.5625
0.375,50.0,10.0,0.8,166.6667,1.6667
0.375,56.25,5.0,0.8,187.5,0.9375
0.375,56.25,5.625,0.8,187.5,1.0547
0.375,56.25,6.25,0.8,187.5,1.1719
0.375,56.25,6.875,0.8,187.5,1.2891
0.375,56.25,7.5,0.8,187.5,1.4062
0.375,56.25,8.125,0.8,187.5,1.5234
0.375,56.25,8.75,0.8,187.5,1.6406
0.375,56.25,9.375,0.8,187.5,1.7578
0.375,56.25,10.0,0.8,187.5,1.875
0.375,62.5,5.0,0.8,208.3333,1.0417
0.375,62.5,5.625,0.8,208.3333,1.1719
0.375,62.5,6.25,0.8,208.3333,1.3021
0.375,62.5,6.875,0.8,208.3333,1.4323
0.375,62.5,7.5,0.8,208.3333,1.5625
0.375,62.5,8.125,0.8,208.3333,1.6927
0.375,62.5,8.75,0.8,208.3333,1.8229
0.375,62.5,9.375,0.8,208.3333,1.9531
0.375,62.5,10.0,0.8,208.3333,2.0833
0.375,68.75,5.0,0.8,229.1667,1.1458
0.375,68.75,5.625,0.8,229.1667,1.2891
0.375,68.75,6.25,0.8,229.1667,1.4323
0.375,68.75,6.875,0.8,229.1667,1.5755
0.375,68.75,7.5,0.8,229.1667,1.7187
0.375,68.75,8.125,0.8,229.1667,1.862
0.375,68.75,8.75,0.8,229.1667,2.0052
0.375,68.75,9.375,0.8,229.1667,2.1484
0.375,68.75,10.0,0.8,229.1667,2.2917
0.375,75.0,5.0,0.8,250.0,1.25
0.375,75.0,5.625,0.8,250.0,1.4062
0.375,75.0,6.25,0.8,250.0,1.5625
0.375,75.0,6.875,0.8,250.0,1.7187
0.375,75.0,7.5,0.8,250.0,1.875
0.375,75.0,8.125,0.8,250.0,2.0312
0.375,75.0,8.75,0.8,250.0,2.1875
0.375,75.0,9.375,0.8,250.0,2.3437
0.375,75.0,10.0,0.8,250.0,2.5
0.375,81.25,5.0,0.8,270.8333,1.3542
0.375,81.25,5.625,0.8,270.8333,1.5234
0.375,81.25,6.25,0.8,270.8333,1.6927
0.375,81.25,6.875,0.8,270.8333,1.862
0.375,81.25,7.5,0.8,270.8333,2.0312
0.375,81.25,8.125,0.8,270.8333,2.2005
0.375,81.25,8.75,0.8,270.8333,2.3698
0.375,81.25,9.375,0.8,270.8333,2.5391
0.375,81.25,10.0,0.8,270.8333,2.7083
0.375,87.5,5.0,0.8,291.6667,1.4583
0.375,87.5,5.625,0.8,291.6667,1.6406
0.375,87.5,6.25,0.8,291.6667,1.8229
0.375,87.5,6.875,0.8,291.6667,2.0052
0.375,87.5,7.5,0.8,291.6667,2.1875
0.375,87.5,8.125,0.8,291.6667,2.3698
0.375,87.5,8.75,0.8,291.6667,2.5521
0.375,87.5,9.375,0.8,291.6667,2.7344
0.375,87.5,10.0,0.8,291.6667,2.9167
0.375,93.75,5.0,0.8,312.5,1.5625
0.375,93.75,5.625,0.8,312.5,1.7578
0.375,93.75,6.25,0.8,312.5,1.9531
0.375,93.75,6.875,0.8,312.5,2.1484
0.375,93.75,7.5,0.8,312.5,2.3437
0.375,93.75,8.125,0.8,312.5,2.5391
0.375,93.75,8.75,0.8,312.5,2.7344
0.375,93.75,9.375,0.8,312.5,2.9297
0.375,93.75,10.0,0.8,312.5,3.125
0.375,100.0,5.0,0.8,333.3333,1.6667
0.375,100.0,5.625,0.8,333.3333,1.875
0.375,100.0,6.25,0.8,333.3333,2.0833
0.375,100.0,6.875,0.8,333.3333,2.2917
0.375,100.0,7.5,0.8,333.3333,2.5
0.375,100.0,8.125,0.8,333.3333,2.7083
0.375,100.0,8.75,0.8,333.3333,2.9167
0.375,100.0,9.375,0.8,333.3333,3.125
0.375,100.0,10.0,0.8,333.3333,3.3333
0.4,50.0,5.0,0.8,156.25,0.7812
0.4,50.0,5.625,0.8,156.25,0.8789
0.4,50.0,6.25,0.8,156.25,0.9766
0.4,50.0,6.875,0.8,156.25,1.0742
0.4,50.0,7.5,0.8,156.25,1.1719
0.4,50.0,8.125,0.8,156.25,1.2695
0.4,50.0,8.75,0.8,156.25,1.3672
0.4,50.0,9.375,0.8,156.25,1.4648
0.4,50.0,10.0,0.8,156.25,1.5625
0.4,56.25,5.0,0.8,175.7812,0.8789
0.4,56.25,5.625,0.8,175.7812,0.9888
0.4,56.25,6.25,0.8,175.7812,1.0986
0.4,56.25,6.875,0.8,175.7812,1.2085
0.4,56.25,7.5,0.8,175.7812,1.3184
0.4,56.25,8.125,0.8,175.7812,1.4282
0.4,56.25,8.75,0.8,175.7812,1.5381
0.4,56.25,9.375,0.8,175.7812,1.6479
0.4,56.25,10.0,0.8,175.7812,1.7578
0.4,62.5,5.0,0.8,195.3125,0.9766
0.4,62.5,5.625,0.8,195.3125,1.0986
0.4,62.5,6.25,0.8,195.3125,1.2207
0.4,62.5,6.875,0.8,195.3125,1.3428
0.4,62.5,7.5,0.8,195.3125,1.4648
0.4,62.5,8.125,0.8,195.3125,1.5869
0.4,62.5,8.75,0.8,195.3125,1.709
0.4,62.5,9.375,0.8,195.3125,1.8311
0.4,62.5,10.0,0.8,195.3125,1.9531
0.4,68.75,5.0,0.8,214.8437,1.0742
0.4,68.75,5.625,0.8,214.8437,1.2085
0.4,68.75,6.25,0.8,214.8437,1.3428
0.4,68.75,6.875,0.8,214.8437,1.4771
0.4,68.75,7.5,0.8,214.8437,1.6113
0.4,68.75,8.125,0.8,214.8437,1.7456
0.4,68.75,8.75,0.8,214.8437,1.8799
0.4,68.75,9.375,0.8,214.8437,2.0142
0.4,68.75,10.0,0.8,214.8437,2.1484
0.4,75.0,5.0,0.8,234.375,1.1719
0.4,75.0,5.625,0.8,234.375,1.3184
0.4,75.0,6.25,0.8,234.375,1.4648
0.4,75.0,6.875,0.8,234.375,1.6113
0.4,75.0,7.5,0.8,234.375,1.7578
0.4,75.0,8.125,0.8,234.375,1.9043
0.4,75.0,8.75,0.8,234.375,2.0508
0.4,75.0,9.375,0.8,234.375,2.1973
0.4,75.0,10.0,0.8,234.375,2.3437
0.4,81.25,5.0,0.8,253.9062,1.2695
0.4,81.25,5.625,0.8,253.9062,1.4282
0.4,81.25,6.25,0.8,253.9062,1.5869
0.4,81.25,6.875,0.8,253.9062,1.7456
0.4,81.25,7.5,0.8,253.9062,1.9043
0.4,81.25,8.125,0.8,253.9062,2.063
0.4,81.25,8.75,0.8,253.9062,2.2217
0.4,81.25,9.375,0.8,253.9062,2.3804
0.4,81.25,10.0,0.8,253.9062,2.5391
0.4,87.5,5.0,0.8,273.4375,1.3672
0.4,87.5,5.625,0.8,273.4375,1.5381
0.4,87.5,6.25,0.8,273.4375,1.709
0.4,87.5,6.875,0.8,273.4375,1.8799
0.4,87.5,7.5,0.8,273.4375,2.0508
0.4,87.5,8.125,0.8,273.4375,2.2217
0.4,87.5,8.75,0.8,273.4375,2.3926
0.4,87.5,9.375,0.8,273.4375,2.5635
0.4,87.5,10.0,0.8,273.4375,2.7344
0.4,93.75,5.0,0.8,292.9687,1.4648
0.4,93.75,5.625,0.8,292.9687,1.6479
0.4,93.75,6.25,0.8,292.9687,1.8311
0.4,93.75,6.875,0.8,292.9687,2.0142
0.4,93.75,7.5,0.8,292.9687,2.1973
0.4,93.75,8.125,0.8,292.9687,2.3804
0.4,93.75,8.75,0.8,292.9687,2.5635
0.4,93.75,9.375,0.8,292.9687,2.7466
0.4,93.75,10.0,0.8,292.9687,2.9297
0.4,100.0,5.0,0.8,312.5,1.5625
0.4,100.0,5.625,0.8,312.5,1.7578
0.4,100.0,6.25,0.8,312.5,1.9531
0.4,100.0,6.875,0.8,312.5,2.1484
0.4,100.0,7.5,0.8,312.5,2.3437
0.4,100.0,8.125,0.8,312.5,2.5391
0.4,100.0,8.75,0.8,312.5,2.7344
0.4,100.0,9.375,0.8,312.5,2.9297
0.4,100.0,10.0,0.8,312.5,3.125
