Section,Item,N_pairs,Count_le10,Count_le1,Count_le0.1,Fraction_le10,Fraction_le1,Count_le500nM,Fraction_le500nM,Fold_vs_natural,Note
class II seam calibration (EL rank; random-peptide null 10% / 1% / 0.1%),ALL,82203,5898,627,101,0.07175,0.00763,,,,
class II seam calibration (EL rank; random-peptide null 10% / 1% / 0.1%),GPGPG,36234,2123,124,8,0.05859,0.00342,,,,
class II seam calibration (EL rank; random-peptide null 10% / 1% / 0.1%),KK,26730,1734,279,56,0.06487,0.01044,,,,
class II seam calibration (EL rank; random-peptide null 10% / 1% / 0.1%),AAY,15906,1807,218,37,0.1136,0.01371,,,,
class II seam calibration (EL rank; random-peptide null 10% / 1% / 0.1%),EAAAK+adjuvant,2475,121,5,0,0.04889,0.00202,,,,
class II seam calibration (EL rank; random-peptide null 10% / 1% / 0.1%),AAY+GPGPG,330,4,0,0,0.01212,0.0,,,,
class II seam calibration (EL rank; random-peptide null 10% / 1% / 0.1%),AAY+EAAAK,297,87,1,0,0.29293,0.00337,,,,
class II seam calibration (EL rank; random-peptide null 10% / 1% / 0.1%),EAAAK,198,12,0,0,0.06061,0.0,,,,
class II seam calibration (EL rank; random-peptide null 10% / 1% / 0.1%),AAY+EAAAK+adjuvant,33,10,0,0,0.30303,0.0,,,,
class I natural reference,adjuvant-domain windows IC50<=500nM,10804,,,,,,45,0.00417,,
class I seam strong-binder rate (IC50<=500nM),ALL,38924,,,,,,293,0.00753,1.81,
class I seam strong-binder rate (IC50<=500nM),does not end AAY,36260,,,,,,130,0.00359,0.86,
class I seam strong-binder rate (IC50<=500nM),GPGPG,20350,,,,,,13,0.00064,0.15,
class I seam strong-binder rate (IC50<=500nM),AAY,9324,,,,,,268,0.02874,6.9,
class I seam strong-binder rate (IC50<=500nM),KK,7400,,,,,,7,0.00095,0.23,
class I seam strong-binder rate (IC50<=500nM),ends AAY,2664,,,,,,163,0.06119,14.69,
class I seam strong-binder rate (IC50<=500nM),EAAAK+adjuvant,962,,,,,,0,0.0,0.0,
class I seam strong-binder rate (IC50<=500nM),EAAAK,888,,,,,,5,0.00563,1.35,
class I contested windows (5x),qualifying windows (n),31,,,,,,,,,
class I contested windows (5x),ending in AAY,21,,,,,,,,,
class I contested windows (5x),involving AAY (ending in it or containing it),29,,,,,,,,,
class I contested windows (5x),8 strongest all end in AAY,8,,,,,,,,,
class I contested windows (5x),strongest IC50 range nM (min-max of 8),8,,,,,,,,,4.7-13.3
class I contested windows by linker set (5x),AAY,29,,,,,,,,,
class I contested windows by linker set (5x),EAAAK,1,,,,,,,,,
class I contested windows by linker set (5x),GPGPG,1,,,,,,,,,
"class II contested rows by linker set (5x, liberated + core-spanning)",AAY,83,,,,,,,,,
"class II contested rows by linker set (5x, liberated + core-spanning)",KK,108,,,,,,,,,
"class II contested rows by linker set (5x, liberated + core-spanning)",EAAAK+adjuvant,2,,,,,,,,,
class II contested rows (5x),involving GPGPG,0,,,,,,,,,
class II contested rows (5x),total rows,193,,,,,,,,,
watchlist overlap,epitopes adjacent to a qualifying AAY seam AND on the internal-cleavage watchlist,4,,,,,,,,,GPKEPFRDY;HWTTYMDTF;RFALNPGLL;VYSTCTVPTM
contested class I alleles (5x),top-3 most frequent class I alleles contested,0,,,,,,,,,HLA-B*15:02 f=0.084 rank#9; HLA-B*35:05 f=0.069 rank#13; HLA-B*15:13 f=0.069 rank#12; HLA-B*44:03 f=0.064 rank#15; HLA-B*13:01 f=0.054 rank#18; HLA-C*14:02 f=0.047 rank#22; HLA-B*15:21 f=0.040 rank#26; HLA-B*40:06 f=0.040 rank#27; HLA-C*12:02 f=0.037 rank#28; HLA-B*35:01 f=0.035 rank#29; HLA-A*26:01 f=0.020 rank#34; HLA-B*18:03 f=0.015 rank#38; HLA-B*35:02 f=0.010 rank#47; HLA-B*42:02 f=0.005 rank#57; HLA-B*35:17 f=0.005 rank#54; HLA-B*40:02 f=0.005 rank#56
real-epitope C-terminal residues at contested class I alleles,see Note,16,,,,,,,,,HLA-A*26:01:Y; HLA-B*13:01:L; HLA-B*15:02:FY; HLA-B*15:13:FY; HLA-B*15:21:FY; HLA-B*18:03:Y; HLA-B*35:01:FY; HLA-B*35:02:F; HLA-B*35:05:FY; HLA-B*35:17:FY; HLA-B*40:02:L; HLA-B*40:06:L; HLA-B*42:02:FLY; HLA-B*44:03:L; HLA-C*12:02:Y; HLA-C*14:02:FLM
seam windows scanned,deep class II windows per allele,2491,,,,,,,,,
seam windows scanned,real MHC-II reference epitopes,11,,,,,,,,,
seam windows scanned,real MHC-I reference epitopes,10,,,,,,,,,
