Locus,Allele,Allele_Frequency,N_Epitopes_Phase4B_IEDB_EL,N_Epitopes_Phase1F_MHCflurry,Gap_Status
DQB1,HLA-DQB1*03:01,0.355,2,4,COVERED_BOTH
DRB1,HLA-DRB1*12:02,0.324,3,2,COVERED_BOTH
DPB1,HLA-DPB1*05:01,0.248,3,2,COVERED_BOTH
C,HLA-C*08:01,0.187,0,1,GAP_IEDB_EL_ONLY
A,HLA-A*11:01,0.177,0,0,GAP_BOTH_PREDICTORS
DPB1,HLA-DPB1*04:01,0.171,4,1,COVERED_BOTH
A,HLA-A*24:07,0.157,3,5,COVERED_BOTH
C,HLA-C*04:01,0.122,1,5,COVERED_BOTH
DRB1,HLA-DRB1*15:01,0.12,3,1,COVERED_BOTH
DRB1,HLA-DRB1*15:02,0.12,2,2,COVERED_BOTH
DQB1,HLA-DQB1*05:02,0.118,2,1,COVERED_BOTH
C,HLA-C*07:03,0.112,1,5,COVERED_BOTH
A,HLA-A*33:03,0.109,0,0,GAP_BOTH_PREDICTORS
DQB1,HLA-DQB1*02:01,0.109,1,3,COVERED_BOTH
DQB1,HLA-DQB1*05:01,0.1,2,2,COVERED_BOTH
B,HLA-B*18:01,0.099,0,2,GAP_IEDB_EL_ONLY
C,HLA-C*04:03,0.098,0,1,GAP_IEDB_EL_ONLY
B,HLA-B*15:02,0.084,3,4,COVERED_BOTH
C,HLA-C*07:04,0.084,0,1,GAP_IEDB_EL_ONLY
DRB1,HLA-DRB1*07:01,0.083,5,2,COVERED_BOTH
DPB1,HLA-DPB1*03:01,0.076,2,4,COVERED_BOTH
C,HLA-C*07:01,0.075,2,1,COVERED_BOTH
B,HLA-B*15:13,0.069,2,4,COVERED_BOTH
B,HLA-B*35:05,0.069,2,2,COVERED_BOTH
A,HLA-A*02:01,0.065,1,1,COVERED_BOTH
B,HLA-B*44:03,0.064,1,1,COVERED_BOTH
A,HLA-A*34:01,0.06,0,1,GAP_IEDB_EL_ONLY
B,HLA-B*40:01,0.059,1,1,COVERED_BOTH
DQB1,HLA-DQB1*06:02,0.055,2,2,COVERED_BOTH
B,HLA-B*13:01,0.054,1,1,COVERED_BOTH
A,HLA-A*02:03,0.052,0,1,GAP_IEDB_EL_ONLY
C,HLA-C*03:02,0.051,0,0,GAP_BOTH_PREDICTORS
B,HLA-B*58:01,0.05,0,1,GAP_IEDB_EL_ONLY
C,HLA-C*14:02,0.047,3,5,COVERED_BOTH
DRB1,HLA-DRB1*03:01,0.046,2,1,COVERED_BOTH
DRB1,HLA-DRB1*09:01,0.046,4,5,COVERED_BOTH
DRB1,HLA-DRB1*11:01,0.046,1,1,COVERED_BOTH
B,HLA-B*38:02,0.045,1,3,COVERED_BOTH
DQB1,HLA-DQB1*05:03,0.045,2,2,COVERED_BOTH
C,HLA-C*01:02,0.042,1,2,COVERED_BOTH
A,HLA-A*24:10,0.04,3,5,COVERED_BOTH
B,HLA-B*15:21,0.04,2,6,COVERED_BOTH
B,HLA-B*40:06,0.04,1,1,COVERED_BOTH
DPB1,HLA-DPB1*14:01,0.038,2,0,GAP_MHCFLURRY_ONLY
C,HLA-C*12:02,0.037,1,1,COVERED_BOTH
B,HLA-B*35:01,0.035,2,3,COVERED_BOTH
A,HLA-A*01:01,0.032,1,1,COVERED_BOTH
DPB1,HLA-DPB1*01:01,0.029,2,2,COVERED_BOTH
DPB1,HLA-DPB1*02:01,0.029,2,2,COVERED_BOTH
DPB1,HLA-DPB1*04:02,0.029,3,2,COVERED_BOTH
DRB1,HLA-DRB1*12:01,0.028,3,2,COVERED_BOTH
DRB1,HLA-DRB1*16:02,0.028,3,5,COVERED_BOTH
C,HLA-C*15:02,0.023,0,1,GAP_IEDB_EL_ONLY
A,HLA-A*02:06,0.02,0,1,GAP_IEDB_EL_ONLY
A,HLA-A*02:07,0.02,1,1,COVERED_BOTH
A,HLA-A*26:01,0.02,2,1,COVERED_BOTH
B,HLA-B*07:05,0.02,2,3,COVERED_BOTH
B,HLA-B*57:01,0.02,0,1,GAP_IEDB_EL_ONLY
C,HLA-C*06:02,0.019,1,0,GAP_MHCFLURRY_ONLY
DRB1,HLA-DRB1*13:02,0.019,2,3,COVERED_BOTH
DPB1,HLA-DPB1*09:01,0.019,2,1,COVERED_BOTH
DQB1,HLA-DQB1*03:02,0.018,3,0,GAP_MHCFLURRY_ONLY
B,HLA-B*18:03,0.015,1,3,COVERED_BOTH
B,HLA-B*46:01,0.015,0,2,GAP_IEDB_EL_ONLY
C,HLA-C*03:03,0.014,0,1,GAP_IEDB_EL_ONLY
A,HLA-A*02:11,0.012,1,1,COVERED_BOTH
A,HLA-A*11:04,0.012,0,0,GAP_BOTH_PREDICTORS
B,HLA-B*07:02,0.01,2,3,COVERED_BOTH
B,HLA-B*15:25,0.01,0,3,GAP_IEDB_EL_ONLY
B,HLA-B*27:04,0.01,0,1,GAP_IEDB_EL_ONLY
B,HLA-B*27:06,0.01,0,2,GAP_IEDB_EL_ONLY
B,HLA-B*35:02,0.01,1,3,COVERED_BOTH
B,HLA-B*40:10,0.01,1,2,COVERED_BOTH
B,HLA-B*55:01,0.01,1,2,COVERED_BOTH
C,HLA-C*04:06,0.009,0,1,GAP_IEDB_EL_ONLY
DRB1,HLA-DRB1*01:01,0.009,5,4,COVERED_BOTH
DRB1,HLA-DRB1*04:03,0.009,2,4,COVERED_BOTH
DRB1,HLA-DRB1*04:05,0.009,2,3,COVERED_BOTH
DRB1,HLA-DRB1*08:02,0.009,1,4,COVERED_BOTH
DRB1,HLA-DRB1*10:01,0.009,3,6,COVERED_BOTH
DRB1,HLA-DRB1*11:04,0.009,1,2,COVERED_BOTH
DRB1,HLA-DRB1*13:01,0.009,2,1,COVERED_BOTH
DRB1,HLA-DRB1*14:01,0.009,3,5,COVERED_BOTH
A,HLA-A*24:02,0.008,3,5,COVERED_BOTH
B,HLA-B*13:02,0.005,0,1,GAP_IEDB_EL_ONLY
B,HLA-B*35:03,0.005,1,2,COVERED_BOTH
B,HLA-B*35:17,0.005,2,2,COVERED_BOTH
B,HLA-B*39:15,0.005,1,3,COVERED_BOTH
B,HLA-B*40:02,0.005,1,1,COVERED_BOTH
B,HLA-B*42:02,0.005,3,4,COVERED_BOTH
B,HLA-B*51:06,0.005,1,2,COVERED_BOTH
B,HLA-B*54:01,0.005,0,1,GAP_IEDB_EL_ONLY
B,HLA-B*56:02,0.005,2,2,COVERED_BOTH
B,HLA-B*56:04,0.005,2,2,COVERED_BOTH
C,HLA-C*05:01,0.005,0,1,GAP_IEDB_EL_ONLY
C,HLA-C*05:04,0.005,0,1,GAP_IEDB_EL_ONLY
C,HLA-C*08:05,0.005,0,1,GAP_IEDB_EL_ONLY
C,HLA-C*12:03,0.005,0,0,GAP_BOTH_PREDICTORS
C,HLA-C*15:05,0.005,0,0,GAP_BOTH_PREDICTORS
A,HLA-A*02:24,0.004,1,1,COVERED_BOTH
A,HLA-A*02:36,0.004,1,1,COVERED_BOTH
A,HLA-A*24:06,0.004,3,5,COVERED_BOTH
A,HLA-A*24:08,0.004,3,5,COVERED_BOTH
A,HLA-A*30:01,0.004,0,1,GAP_IEDB_EL_ONLY
A,HLA-A*32:01,0.004,0,1,GAP_IEDB_EL_ONLY
A,HLA-A*68:02,0.004,0,0,GAP_BOTH_PREDICTORS
A,HLA-A*74:01,0.004,0,0,GAP_BOTH_PREDICTORS
