Class,Allele,Allele_Frequency,N_Real_Epitopes,Best_Real_IC50_nM,Best_Real_EL_Rank,Contested_1x,Contested_2x,Contested_5x,Contested_10x
MHC-II,HLA-DQB1*03:01,0.355,2,,4.7,YES,YES,NO,NO
MHC-II,HLA-DRB1*12:02,0.324,3,,1.4,YES,YES,NO,NO
MHC-II,HLA-DPB1*05:01,0.248,3,,3.8,YES,YES,YES,NO
MHC-II,HLA-DPB1*04:01,0.171,4,,3.6,YES,YES,YES,YES
MHC-I,HLA-A*24:07,0.157,3,622.4,,NO,NO,NO,NO
MHC-I,HLA-C*04:01,0.122,1,18918.2,,YES,YES,NO,NO
MHC-II,HLA-DRB1*15:01,0.12,3,,3.2,YES,YES,NO,NO
MHC-II,HLA-DRB1*15:02,0.12,2,,6.0,YES,YES,YES,YES
MHC-II,HLA-DQB1*05:02,0.118,2,,0.93,YES,YES,NO,NO
MHC-I,HLA-C*07:03,0.112,1,149.9,,YES,YES,NO,NO
MHC-II,HLA-DQB1*02:01,0.109,1,,8.2,YES,NO,NO,NO
MHC-II,HLA-DQB1*05:01,0.1,2,,2.2,YES,YES,YES,NO
MHC-I,HLA-B*15:02,0.084,3,479.2,,YES,YES,YES,YES
MHC-II,HLA-DRB1*07:01,0.083,5,,0.72,NO,NO,NO,NO
MHC-II,HLA-DPB1*03:01,0.076,2,,1.2,YES,YES,YES,NO
MHC-I,HLA-C*07:01,0.075,2,638.0,,NO,NO,NO,NO
MHC-I,HLA-B*15:13,0.069,2,4260.5,,YES,YES,YES,YES
MHC-I,HLA-B*35:05,0.069,2,899.3,,YES,YES,YES,YES
MHC-I,HLA-A*02:01,0.065,1,172.5,,YES,NO,NO,NO
MHC-I,HLA-B*44:03,0.064,1,860.5,,YES,YES,YES,YES
MHC-I,HLA-B*40:01,0.059,1,492.6,,YES,YES,NO,NO
MHC-II,HLA-DQB1*06:02,0.055,2,,1.3,YES,YES,NO,NO
MHC-I,HLA-B*13:01,0.054,1,3072.1,,YES,YES,YES,YES
MHC-I,HLA-C*14:02,0.047,3,64.6,,YES,YES,YES,YES
MHC-II,HLA-DRB1*09:01,0.046,4,,2.5,YES,YES,YES,YES
MHC-II,HLA-DRB1*11:01,0.046,1,,5.6,YES,YES,YES,YES
MHC-II,HLA-DRB1*03:01,0.046,2,,5.3,YES,NO,NO,NO
MHC-I,HLA-B*38:02,0.045,1,534.0,,NO,NO,NO,NO
MHC-II,HLA-DQB1*05:03,0.045,2,,1.9,YES,YES,NO,NO
MHC-I,HLA-C*01:02,0.042,1,2414.9,,NO,NO,NO,NO
MHC-I,HLA-A*24:10,0.04,3,12.6,,NO,NO,NO,NO
MHC-I,HLA-B*40:06,0.04,1,8092.8,,YES,YES,YES,YES
MHC-I,HLA-B*15:21,0.04,2,1585.1,,YES,YES,YES,YES
MHC-II,HLA-DPB1*14:01,0.038,2,,1.4,YES,YES,YES,NO
MHC-I,HLA-C*12:02,0.037,1,22070.3,,YES,YES,YES,YES
MHC-I,HLA-B*35:01,0.035,2,665.6,,YES,YES,YES,YES
MHC-I,HLA-A*01:01,0.032,1,209.1,,YES,YES,NO,NO
MHC-II,HLA-DPB1*02:01,0.029,2,,4.9,YES,YES,YES,YES
MHC-II,HLA-DPB1*01:01,0.029,2,,3.3,YES,YES,YES,NO
MHC-II,HLA-DPB1*04:02,0.029,3,,3.1,YES,YES,YES,YES
MHC-II,HLA-DRB1*12:01,0.028,3,,1.9,YES,NO,NO,NO
MHC-II,HLA-DRB1*16:02,0.028,3,,3.7,YES,YES,NO,NO
MHC-I,HLA-B*07:05,0.02,2,247.3,,YES,YES,NO,NO
MHC-I,HLA-A*02:07,0.02,1,7781.2,,NO,NO,NO,NO
MHC-I,HLA-A*26:01,0.02,2,1010.2,,YES,YES,YES,YES
MHC-I,HLA-C*06:02,0.019,1,5643.5,,YES,YES,NO,NO
MHC-II,HLA-DRB1*13:02,0.019,2,,3.1,YES,YES,YES,YES
MHC-II,HLA-DPB1*09:01,0.019,2,,0.59,YES,YES,YES,YES
MHC-II,HLA-DQB1*03:02,0.018,3,,0.94,NO,NO,NO,NO
MHC-I,HLA-B*18:03,0.015,1,17686.2,,YES,YES,YES,YES
MHC-I,HLA-A*02:11,0.012,1,29.0,,NO,NO,NO,NO
MHC-I,HLA-B*35:02,0.01,1,9917.9,,YES,YES,YES,NO
MHC-I,HLA-B*55:01,0.01,1,10485.5,,YES,YES,NO,NO
MHC-I,HLA-B*07:02,0.01,2,275.9,,YES,YES,NO,NO
MHC-I,HLA-B*40:10,0.01,1,4209.6,,YES,YES,NO,NO
MHC-II,HLA-DRB1*04:05,0.009,2,,0.39,NO,NO,NO,NO
MHC-II,HLA-DRB1*11:04,0.009,1,,3.1,YES,YES,YES,YES
MHC-II,HLA-DRB1*04:03,0.009,2,,0.29,NO,NO,NO,NO
MHC-II,HLA-DRB1*08:02,0.009,1,,5.6,YES,YES,YES,YES
MHC-II,HLA-DRB1*14:01,0.009,3,,0.15,NO,NO,NO,NO
MHC-II,HLA-DRB1*13:01,0.009,2,,4.5,YES,YES,YES,YES
MHC-II,HLA-DRB1*10:01,0.009,3,,1.3,YES,YES,YES,NO
MHC-II,HLA-DRB1*01:01,0.009,5,,5.8,YES,YES,YES,NO
MHC-I,HLA-A*24:02,0.008,3,247.0,,NO,NO,NO,NO
MHC-I,HLA-B*35:03,0.005,1,12019.1,,YES,YES,NO,NO
MHC-I,HLA-B*42:02,0.005,3,3138.3,,YES,YES,YES,NO
MHC-I,HLA-B*40:02,0.005,1,956.1,,YES,YES,YES,YES
MHC-I,HLA-B*51:06,0.005,1,6225.2,,YES,NO,NO,NO
MHC-I,HLA-B*35:17,0.005,2,1410.3,,YES,YES,YES,YES
MHC-I,HLA-B*56:04,0.005,2,776.0,,YES,NO,NO,NO
MHC-I,HLA-B*39:15,0.005,1,348.2,,NO,NO,NO,NO
MHC-I,HLA-B*56:02,0.005,2,776.0,,YES,NO,NO,NO
MHC-I,HLA-A*02:36,0.004,1,277.4,,NO,NO,NO,NO
MHC-I,HLA-A*24:06,0.004,3,714.8,,NO,NO,NO,NO
MHC-I,HLA-A*24:08,0.004,3,1158.7,,YES,NO,NO,NO
MHC-I,HLA-A*02:24,0.004,1,172.5,,YES,NO,NO,NO
