End_Position_1based,Residue,Segment,Proteasome_Score,Percentile
8,K,adjuvant,0.9713,48.8
9,Y,adjuvant,1.3458,90.2
10,Y,adjuvant,1.2767,86.7
11,C,adjuvant,1.056,63.1
12,R,adjuvant,1.0178,55.1
13,V,adjuvant,1.1975,80.5
14,R,adjuvant,1.185,79.6
15,G,adjuvant,0.8978,38.5
16,G,adjuvant,0.8682,34.5
17,R,adjuvant,0.8998,38.9
18,C,adjuvant,1.1381,74.8
19,A,adjuvant,1.175,78.2
20,V,adjuvant,0.8758,35.5
21,L,adjuvant,1.6763,98.9
22,S,adjuvant,1.0335,58.4
23,C,adjuvant,0.8747,35.3
24,L,adjuvant,1.2439,83.7
25,P,adjuvant,0.5963,8.7
26,K,adjuvant,0.5193,5.7
27,E,adjuvant,0.8842,37.1
28,E,adjuvant,1.124,72.6
29,Q,adjuvant,0.8099,27.4
30,I,adjuvant,1.1189,71.9
31,G,adjuvant,0.7783,24.3
32,K,adjuvant,0.7814,24.5
33,C,adjuvant,1.0303,57.5
34,S,adjuvant,1.0423,60.4
35,T,adjuvant,1.0052,52.9
36,R,adjuvant,0.9422,44.8
37,G,adjuvant,0.7399,19.9
38,R,adjuvant,0.9636,47.6
39,K,adjuvant,0.7154,17.8
40,C,adjuvant,0.9557,46.9
41,C,adjuvant,1.1673,77.4
42,R,adjuvant,1.0704,65.9
43,R,adjuvant,1.0069,53.8
44,K,adjuvant,0.8794,36.1
45,K,adjuvant,0.9122,41.2
46,E,EAAAK,1.1837,79.4
47,A,EAAAK,1.31,88.5
48,A,EAAAK,1.098,69.4
49,A,EAAAK,0.8821,36.6
50,K,EAAAK,0.8633,33.9
51,R,MHC-I:51,1.042,60.2
52,F,MHC-I:51,1.6904,99.1
53,A,MHC-I:51,0.9968,51.7
54,L,MHC-I:51,1.4972,95.6
55,N,MHC-I:51,0.7258,18.1
56,P,MHC-I:51,0.8372,30.9
57,G,MHC-I:51,0.3947,3.6
58,L,MHC-I:51,1.3709,91.7
59,L,MHC-I:51,1.5378,96.1
60,A,AAY,1.1771,78.5
61,A,AAY,1.2651,85.3
62,Y,AAY,1.3665,91.3
63,T,MHC-I:63,0.9441,45.3
64,M,MHC-I:63,1.2911,87.4
65,G,MHC-I:63,0.9682,48.1
66,A,MHC-I:63,1.1056,70.5
67,A,MHC-I:63,1.1622,76.4
68,S,MHC-I:63,0.9826,49.9
69,I,MHC-I:63,1.1357,74.2
70,T,MHC-I:63,0.8092,27.2
71,L,MHC-I:63,1.8345,99.8
72,A,AAY,1.1816,79.2
73,A,AAY,1.1205,72.3
74,Y,AAY,1.2248,82.6
75,G,MHC-I:75,0.55,6.7
76,P,MHC-I:75,0.676,14.2
77,K,MHC-I:75,0.3512,2.3
78,E,MHC-I:75,0.8175,28.6
79,P,MHC-I:75,0.6533,12.1
80,F,MHC-I:75,1.2831,87.0
81,R,MHC-I:75,1.0784,66.6
82,D,MHC-I:75,1.0386,59.7
83,Y,MHC-I:75,1.2528,84.7
84,A,AAY,1.0877,68.0
85,A,AAY,1.0808,67.1
86,Y,AAY,1.3728,91.8
87,S,MHC-I:87,0.9341,43.7
88,E,MHC-I:87,0.9889,50.8
89,G,MHC-I:87,0.9067,40.1
90,A,MHC-I:87,1.0283,56.7
91,T,MHC-I:87,0.6759,14.0
92,P,MHC-I:87,0.8875,37.5
93,Q,MHC-I:87,0.4935,5.2
94,D,MHC-I:87,1.0044,52.6
95,L,MHC-I:87,1.4418,93.6
96,A,AAY,1.2148,81.7
97,A,AAY,1.1607,76.2
98,Y,AAY,1.1658,76.7
99,N,MHC-I:99,0.7488,21.1
100,K,MHC-I:99,0.9119,40.9
101,R,MHC-I:99,0.953,46.4
102,K,MHC-I:99,1.0696,65.5
103,R,MHC-I:99,1.1788,78.7
104,V,MHC-I:99,1.1232,72.5
105,I,MHC-I:99,1.3168,89.0
106,G,MHC-I:99,0.9085,40.5
107,L,MHC-I:99,1.6497,98.2
108,A,AAY,1.0525,62.9
109,A,AAY,1.1114,70.9
110,Y,AAY,1.2783,86.9
111,Q,MHC-I:111,0.7434,20.2
112,T,MHC-I:111,1.0499,62.5
113,S,MHC-I:111,1.0447,61.6
114,V,MHC-I:111,0.9625,47.4
115,F,MHC-I:111,1.4234,93.1
116,S,MHC-I:111,1.3057,88.3
117,A,MHC-I:111,1.1008,70.0
118,T,MHC-I:111,0.7583,22.4
119,V,MHC-I:111,1.1643,76.6
120,Y,MHC-I:111,1.613,97.5
121,A,AAY,1.2692,85.8
122,A,AAY,1.2129,81.5
123,Y,AAY,1.2212,82.4
124,H,MHC-I:124,0.8967,38.4
125,W,MHC-I:124,1.6059,97.3
126,T,MHC-I:124,0.7582,22.2
127,T,MHC-I:124,1.0801,67.0
128,Y,MHC-I:124,1.6726,98.8
129,M,MHC-I:124,0.9422,44.8
130,D,MHC-I:124,1.1028,70.3
131,T,MHC-I:124,0.7108,17.6
132,F,MHC-I:124,1.619,97.7
133,A,AAY,1.2426,83.3
134,A,AAY,1.0813,67.3
135,Y,AAY,1.2766,86.5
136,V,MHC-I:136,0.9065,40.0
137,Y,MHC-I:136,1.6331,97.9
138,S,MHC-I:136,0.9301,43.2
139,T,MHC-I:136,1.0105,54.2
140,C,MHC-I:136,0.9967,51.5
141,T,MHC-I:136,0.8678,34.1
142,V,MHC-I:136,1.154,75.7
143,P,MHC-I:136,0.7938,25.9
144,T,MHC-I:136,0.8341,30.4
145,M,MHC-I:136,1.3405,89.5
146,A,AAY,1.311,88.6
147,A,AAY,1.0785,66.8
148,Y,AAY,1.4757,94.8
149,A,MHC-I:149,0.9043,39.4
150,P,MHC-I:149,0.6183,9.4
151,G,MHC-I:149,0.4327,4.4
152,S,MHC-I:149,1.0143,54.5
153,P,MHC-I:149,0.6367,11.0
154,T,MHC-I:149,0.5707,7.3
155,N,MHC-I:149,0.9315,43.3
156,L,MHC-I:149,1.4887,95.0
157,E,MHC-I:149,0.8687,34.6
158,F,MHC-I:149,1.5507,96.3
159,A,AAY,1.3481,90.4
160,A,AAY,1.1965,80.3
161,Y,AAY,1.3599,90.8
162,H,MHC-I:162,0.8682,34.5
163,H,MHC-I:162,1.0594,63.8
164,F,MHC-I:162,1.3648,91.1
165,N,MHC-I:162,0.8833,36.8
166,C,MHC-I:162,1.1115,71.0
167,R,MHC-I:162,1.1381,74.8
168,G,MHC-I:162,0.9576,47.1
169,E,MHC-I:162,0.8126,27.9
170,F,MHC-I:162,1.2628,84.9
171,G,GPGPG,0.7825,24.9
172,P,GPGPG,0.6241,10.1
173,G,GPGPG,0.3538,2.5
174,P,GPGPG,0.768,23.3
175,G,GPGPG,0.3512,2.3
176,H,MHC-II:176,1.0635,64.8
177,N,MHC-II:176,0.8624,33.7
178,V,MHC-II:176,1.03,57.4
179,W,MHC-II:176,1.8523,100.0
180,A,MHC-II:176,1.2405,83.1
181,T,MHC-II:176,0.9484,45.8
182,H,MHC-II:176,1.1594,76.0
183,A,MHC-II:176,1.0662,65.4
184,C,MHC-II:176,0.9817,49.6
185,V,MHC-II:176,1.0354,59.1
186,P,MHC-II:176,1.0071,54.0
187,T,MHC-II:176,0.6822,14.6
188,D,MHC-II:176,1.114,71.4
189,P,MHC-II:176,0.4592,5.0
190,N,MHC-II:176,0.5495,6.6
191,G,GPGPG,0.7703,23.4
192,P,GPGPG,0.7359,18.8
193,G,GPGPG,0.3682,3.0
194,P,GPGPG,0.6876,15.1
195,G,GPGPG,0.2689,0.2
196,Q,MHC-II:196,1.0277,56.5
197,C,MHC-II:196,1.1316,73.7
198,T,MHC-II:196,1.0445,61.5
199,H,MHC-II:196,1.2875,87.2
200,G,MHC-II:196,0.6197,9.6
201,I,MHC-II:196,1.031,57.9
202,K,MHC-II:196,0.7022,16.9
203,P,MHC-II:196,0.6908,15.6
204,V,MHC-II:196,0.722,17.9
205,V,MHC-II:196,1.3258,89.2
206,S,MHC-II:196,1.267,85.6
207,T,MHC-II:196,1.027,56.1
208,Q,MHC-II:196,0.926,42.8
209,L,MHC-II:196,1.3037,87.9
210,L,MHC-II:196,1.449,94.1
211,G,GPGPG,0.659,12.8
212,P,GPGPG,0.7373,19.4
213,G,GPGPG,0.3083,0.9
214,P,GPGPG,0.736,19.0
215,G,GPGPG,0.5774,8.0
216,G,MHC-II:216,0.7068,17.2
217,I,MHC-II:216,0.9974,51.9
218,V,MHC-II:216,0.9157,41.6
219,Q,MHC-II:216,1.0645,65.0
220,Q,MHC-II:216,1.0342,58.8
221,Q,MHC-II:216,1.1064,70.7
222,S,MHC-II:216,1.2078,81.2
223,N,MHC-II:216,0.8171,28.4
224,L,MHC-II:216,1.125,73.2
225,L,MHC-II:216,1.4751,94.7
226,R,MHC-II:216,1.2201,82.1
227,A,MHC-II:216,1.0247,55.8
228,I,MHC-II:216,1.198,80.6
229,E,MHC-II:216,1.0399,60.0
230,A,MHC-II:216,1.2756,86.3
231,G,GPGPG,0.7487,21.0
232,P,GPGPG,0.5948,8.5
233,G,GPGPG,0.3366,1.6
234,P,GPGPG,0.7426,20.1
235,G,GPGPG,0.312,1.1
236,I,MHC-II:236,1.132,73.9
237,F,MHC-II:236,1.3834,92.0
238,G,MHC-II:236,1.0634,64.7
239,F,MHC-II:236,1.1889,79.8
240,L,MHC-II:236,1.5103,95.9
241,G,MHC-II:236,0.9378,44.2
242,A,MHC-II:236,1.1718,77.8
243,A,MHC-II:236,0.974,49.0
244,G,MHC-II:236,0.8536,33.2
245,S,MHC-II:236,1.0049,52.8
246,T,MHC-II:236,0.9839,50.3
247,M,MHC-II:236,1.0944,68.9
248,G,MHC-II:236,1.0443,61.3
249,A,MHC-II:236,1.1659,76.9
250,A,MHC-II:236,1.0354,59.1
251,G,GPGPG,0.6947,16.3
252,P,GPGPG,0.6215,9.8
253,G,GPGPG,0.3757,3.4
254,P,GPGPG,0.6139,8.9
255,G,GPGPG,0.2695,0.4
256,Y,MHC-II:256,1.2433,83.5
257,K,MHC-II:256,0.7762,24.2
258,R,MHC-II:256,1.2,80.8
259,W,MHC-II:256,1.6552,98.4
260,I,MHC-II:256,1.0491,62.2
261,I,MHC-II:256,1.1305,73.5
262,L,MHC-II:256,1.6573,98.6
263,G,MHC-II:256,0.6797,14.4
264,L,MHC-II:256,1.4641,94.5
265,N,MHC-II:256,0.9045,39.6
266,K,MHC-II:256,0.7672,23.1
267,I,MHC-II:256,1.0481,62.0
268,V,MHC-II:256,1.3539,90.6
269,R,MHC-II:256,1.3414,89.7
270,M,MHC-II:256,1.216,81.9
271,G,GPGPG,0.7264,18.3
272,P,GPGPG,0.6464,11.5
273,G,GPGPG,0.3478,2.0
274,P,GPGPG,0.7528,21.8
275,G,GPGPG,0.3657,2.8
276,G,MHC-II:276,0.9088,40.7
277,N,MHC-II:276,0.8603,33.4
278,P,MHC-II:276,0.5263,6.0
279,I,MHC-II:276,0.6872,14.9
280,T,MHC-II:276,1.0622,64.5
281,K,MHC-II:276,1.1431,75.1
282,T,MHC-II:276,0.8259,29.7
283,T,MHC-II:276,1.4072,92.5
284,S,MHC-II:276,0.9824,49.7
285,D,MHC-II:276,1.0334,58.3
286,Y,MHC-II:276,1.0377,59.5
287,Q,MHC-II:276,0.6697,13.7
288,D,MHC-II:276,1.3606,90.9
289,S,MHC-II:276,0.6502,11.9
290,D,MHC-II:276,1.095,69.1
291,G,GPGPG,0.3733,3.2
292,P,GPGPG,0.5726,7.5
293,G,GPGPG,0.3279,1.4
294,P,GPGPG,0.5656,6.9
295,G,GPGPG,0.4496,4.8
296,S,MHC-II:296,1.1161,71.8
297,S,MHC-II:296,0.9835,50.1
298,T,MHC-II:296,0.8468,32.1
299,T,MHC-II:296,0.8746,35.2
300,Q,MHC-II:296,1.2632,85.1
301,Y,MHC-II:296,1.2712,86.1
302,D,MHC-II:296,0.7902,25.8
303,H,MHC-II:296,0.7733,24.0
304,K,MHC-II:296,0.8312,30.0
305,E,MHC-II:296,0.9327,43.5
306,S,MHC-II:296,1.1144,71.6
307,C,MHC-II:296,1.2937,87.6
308,N,MHC-II:296,1.0502,62.7
309,G,MHC-II:296,0.6597,13.0
310,L,MHC-II:296,1.4567,94.3
311,G,GPGPG,0.5323,6.2
312,P,GPGPG,0.6906,15.5
313,G,GPGPG,0.3179,1.2
314,P,GPGPG,0.6495,11.7
315,G,GPGPG,0.4011,3.9
316,E,MHC-II:316,0.8371,30.7
317,Q,MHC-II:316,0.9644,47.8
318,E,MHC-II:316,0.7984,26.8
319,I,MHC-II:316,1.1669,77.3
320,E,MHC-II:316,1.1002,69.8
321,S,MHC-II:316,0.8484,32.3
322,L,MHC-II:316,1.4474,94.0
323,E,MHC-II:316,0.9165,41.9
324,A,MHC-II:316,1.1248,73.0
325,T,MHC-II:316,0.9916,51.2
326,Y,MHC-II:316,1.4993,95.7
327,H,MHC-II:316,0.9608,47.2
328,I,MHC-II:316,1.2448,84.0
329,I,MHC-II:316,1.0192,55.2
330,I,MHC-II:316,1.3381,89.3
331,G,GPGPG,0.8353,30.6
332,P,GPGPG,0.7831,25.0
333,G,GPGPG,0.2842,0.7
334,P,GPGPG,0.6897,15.3
335,G,GPGPG,0.5107,5.5
336,S,MHC-II:336,1.1393,75.0
337,N,MHC-II:336,0.9404,44.4
338,G,MHC-II:336,0.7324,18.5
339,L,MHC-II:336,1.3691,91.5
340,I,MHC-II:336,1.0291,56.8
341,S,MHC-II:336,0.9696,48.5
342,G,MHC-II:336,1.0309,57.7
343,S,MHC-II:336,0.8115,27.5
344,T,MHC-II:336,0.7892,25.6
345,F,MHC-II:336,1.5914,97.0
346,S,MHC-II:336,0.9168,42.1
347,I,MHC-II:336,1.1523,75.5
348,G,MHC-II:336,0.804,27.0
349,G,MHC-II:336,0.8396,31.4
350,V,MHC-II:336,0.9173,42.3
351,G,GPGPG,0.745,20.6
352,P,GPGPG,0.8149,28.2
353,G,GPGPG,0.4041,4.1
354,P,GPGPG,0.707,17.4
355,G,GPGPG,0.568,7.1
356,N,MHC-II:356,0.7718,23.8
357,D,MHC-II:356,1.0371,59.3
358,K,MHC-II:356,0.5198,5.9
359,I,MHC-II:356,1.1762,78.3
360,K,MHC-II:356,1.0908,68.4
361,L,MHC-II:356,1.4925,95.2
362,I,MHC-II:356,1.2204,82.2
363,L,MHC-II:356,1.5734,96.4
364,A,MHC-II:356,1.0958,69.3
365,N,MHC-II:356,0.9525,46.0
366,K,MHC-II:356,0.8459,31.8
367,E,MHC-II:356,1.0399,60.0
368,N,MHC-II:356,1.1668,77.1
369,V,MHC-II:356,0.9999,52.2
370,H,MHC-II:356,1.195,80.1
371,G,GPGPG,0.838,31.1
372,P,GPGPG,0.6179,9.1
373,G,GPGPG,0.2789,0.5
374,P,GPGPG,0.6968,16.5
375,G,GPGPG,0.3997,3.7
376,T,MHC-II:376,0.7962,26.5
377,P,MHC-II:376,0.6545,12.3
378,E,MHC-II:376,0.4089,4.3
379,Q,MHC-II:376,1.0226,55.6
380,K,MHC-II:376,1.0825,67.5
381,A,MHC-II:376,1.1705,77.6
382,Y,MHC-II:376,1.4351,93.4
383,V,MHC-II:376,0.7506,21.7
384,P,MHC-II:376,0.9375,44.0
385,A,MHC-II:376,0.9009,39.1
386,M,MHC-II:376,1.1246,72.8
387,F,MHC-II:376,1.3456,90.1
388,T,MHC-II:376,1.0298,57.2
389,A,MHC-II:376,1.206,81.0
390,A,MHC-II:376,0.947,45.6
391,K,KK,0.7492,21.3
392,K,KK,0.9348,43.9
393,W,B-cell:393,1.442,93.8
394,D,B-cell:393,0.9546,46.5
395,Q,B-cell:393,0.7052,17.1
396,S,B-cell:393,0.6229,9.9
397,L,B-cell:393,1.4197,92.9
398,K,B-cell:393,0.6181,9.2
399,P,B-cell:393,0.6909,15.8
400,C,B-cell:393,0.6564,12.4
401,V,B-cell:393,1.1328,74.1
402,K,B-cell:393,1.0065,53.5
403,L,B-cell:393,1.5762,96.8
404,T,B-cell:393,0.9148,41.4
405,P,B-cell:393,0.6321,10.8
406,L,B-cell:393,1.0059,53.3
407,C,B-cell:393,0.759,22.6
408,V,B-cell:393,1.084,67.9
409,K,KK,1.0609,64.1
410,K,KK,1.0153,54.7
411,V,B-cell:411,1.1814,79.0
412,W,B-cell:411,1.7366,99.5
413,G,B-cell:411,0.5771,7.8
414,I,B-cell:411,1.1252,73.4
415,K,B-cell:411,0.7368,19.2
416,Q,B-cell:411,0.8536,33.2
417,L,B-cell:411,1.5752,96.6
418,Q,B-cell:411,0.8884,37.7
419,A,B-cell:411,1.3057,88.3
420,R,B-cell:411,1.0195,55.4
421,V,B-cell:411,0.8525,32.9
422,L,B-cell:411,1.818,99.6
423,A,B-cell:411,1.0297,57.0
424,V,B-cell:411,0.869,34.8
425,E,B-cell:411,0.9122,41.2
426,R,B-cell:411,1.09,68.2
427,K,KK,1.0576,63.2
428,K,KK,0.8493,32.7
429,G,B-cell:429,0.8928,38.2
430,G,B-cell:429,0.8853,37.3
431,K,B-cell:429,0.794,26.1
432,L,B-cell:429,1.2658,85.4
433,D,B-cell:429,1.0918,68.6
434,A,B-cell:429,0.8186,29.0
435,W,B-cell:429,1.2383,82.9
436,E,B-cell:429,0.7947,26.3
437,K,B-cell:429,0.7821,24.7
438,I,B-cell:429,1.343,89.9
439,R,B-cell:429,0.8911,37.8
440,L,B-cell:429,1.6983,99.3
441,R,B-cell:429,0.9073,40.3
442,P,B-cell:429,0.6566,12.6
443,G,B-cell:429,0.3469,1.8
444,G,B-cell:429,0.7344,18.7
445,K,KK,0.7506,21.7
446,K,KK,0.7666,22.7
447,E,B-cell:447,1.1495,75.3
448,M,B-cell:447,1.3146,88.8
449,M,B-cell:447,1.0941,68.7
450,T,B-cell:447,0.9456,45.5
451,A,B-cell:447,1.1802,78.9
452,C,B-cell:447,0.9285,43.0
453,Q,B-cell:447,0.9713,48.8
454,G,B-cell:447,0.9211,42.5
455,V,B-cell:447,1.0496,62.3
456,G,B-cell:447,0.8178,28.8
457,G,B-cell:447,0.7973,26.6
458,P,B-cell:447,0.5848,8.2
459,S,B-cell:447,0.4398,4.6
460,H,B-cell:447,1.0058,53.1
461,K,B-cell:447,0.8405,31.6
462,A,B-cell:447,1.0066,53.6
463,K,KK,1.2102,81.3
464,K,KK,0.7483,20.8
465,D,B-cell:465,1.0426,60.7
466,H,B-cell:465,0.7578,22.0
467,K,B-cell:465,0.767,22.9
468,E,B-cell:465,0.9218,42.6
469,S,B-cell:465,1.0654,65.2
470,C,B-cell:465,1.2984,87.7
471,N,B-cell:465,1.0259,56.0
472,G,B-cell:465,0.699,16.7
473,L,B-cell:465,1.4279,93.3
474,Y,B-cell:465,1.2303,82.8
475,Y,B-cell:465,1.1927,79.9
476,Q,B-cell:465,0.8206,29.3
477,G,B-cell:465,0.9773,49.2
478,S,B-cell:465,0.9424,44.9
479,C,B-cell:465,0.8389,31.3
480,Y,B-cell:465,1.2443,83.8
481,K,KK,0.7436,20.4
482,K,KK,1.062,64.3
483,E,B-cell:483,0.9888,50.6
484,D,B-cell:483,1.0699,65.7
485,T,B-cell:483,0.6399,11.2
486,W,B-cell:483,1.3842,92.2
487,G,B-cell:483,0.943,45.1
488,S,B-cell:483,0.8986,38.7
489,D,B-cell:483,0.9916,51.2
490,G,B-cell:483,0.5945,8.3
491,N,B-cell:483,0.8799,36.4
492,P,B-cell:483,0.5009,5.3
493,I,B-cell:483,0.632,10.7
494,T,B-cell:483,1.1191,72.1
495,K,B-cell:483,1.1363,74.4
496,T,B-cell:483,0.7858,25.2
497,T,B-cell:483,1.0437,60.9
498,S,B-cell:483,0.9694,48.3
499,K,KK,0.8927,38.0
500,K,KK,0.8313,30.2
501,E,B-cell:501,0.9982,52.0
502,H,B-cell:501,1.0729,66.3
503,G,B-cell:501,0.8783,35.9
504,S,B-cell:501,0.8138,28.1
505,C,B-cell:501,0.8261,29.8
506,Q,B-cell:501,0.6922,16.2
507,P,B-cell:501,0.6282,10.5
508,V,B-cell:501,0.6625,13.5
509,K,B-cell:501,0.9063,39.8
510,E,B-cell:501,1.0013,52.4
511,K,B-cell:501,0.9036,39.3
512,Y,B-cell:501,1.4929,95.4
513,S,B-cell:501,0.9784,49.4
514,F,B-cell:501,1.2493,84.4
515,G,B-cell:501,0.5439,6.4
516,E,B-cell:501,0.6617,13.3
517,K,KK,0.7375,19.5
518,K,KK,0.8201,29.1
519,C,B-cell:519,1.0994,69.6
520,Q,B-cell:519,1.0272,56.3
521,P,B-cell:519,0.5765,7.6
522,L,B-cell:519,1.0717,66.1
523,Q,B-cell:519,0.6842,14.7
524,L,B-cell:519,1.6352,98.0
525,E,B-cell:519,0.7718,23.8
526,H,B-cell:519,1.0169,54.9
527,G,B-cell:519,0.9554,46.7
528,S,B-cell:519,0.8215,29.5
529,C,B-cell:519,0.9161,41.7
530,Q,B-cell:519,0.6922,16.2
531,P,B-cell:519,0.6282,10.5
532,V,B-cell:519,0.6608,13.1
533,K,B-cell:519,0.8466,32.0
534,E,B-cell:519,0.9529,46.2
535,K,KK,0.9853,50.4
536,K,KK,1.0586,63.6
537,A,B-cell:537,1.4179,92.7
538,A,B-cell:537,1.0781,66.4
539,T,B-cell:537,0.8623,33.6
540,E,B-cell:537,0.8712,35.0
541,T,B-cell:537,0.8798,36.2
542,Y,B-cell:537,1.5945,97.2
543,S,B-cell:537,0.8768,35.7
544,G,B-cell:537,0.8123,27.7
545,L,B-cell:537,1.2693,86.0
546,T,B-cell:537,0.6405,11.4
547,P,B-cell:537,0.7381,19.7
548,E,B-cell:537,0.3576,2.7
549,Q,B-cell:537,1.0136,54.4
550,K,B-cell:537,1.0582,63.4
551,A,B-cell:537,1.0597,63.9
552,Y,B-cell:537,1.3871,92.4
553,K,KK,0.7872,25.4
554,K,KK,1.0464,61.8
555,A,B-cell:555,1.2526,84.5
556,N,B-cell:555,1.1025,70.2
557,A,B-cell:555,1.1116,71.2
558,S,B-cell:555,1.0425,60.6
559,A,B-cell:555,0.9967,51.5
560,Q,B-cell:555,0.6727,13.9
561,T,B-cell:555,0.8486,32.5
562,K,B-cell:555,1.1737,78.0
563,C,B-cell:555,1.0836,67.7
564,D,B-cell:555,1.0327,58.1
565,I,B-cell:555,1.0443,61.3
566,E,B-cell:555,0.8839,36.9
567,I,B-cell:555,1.1541,75.8
568,G,B-cell:555,0.968,48.0
569,N,B-cell:555,1.0336,58.6
570,F,B-cell:555,1.2462,84.2
